static const uint8_t fs_model3d_simple_essl[17627] =
{
	0x46, 0x53, 0x48, 0x0b, 0x24, 0x8e, 0x5c, 0xd3, 0x00, 0x00, 0x00, 0x00, 0x13, 0x00, 0x0c, 0x73, // FSH.$..........s
	0x5f, 0x69, 0x72, 0x72, 0x61, 0x64, 0x69, 0x61, 0x6e, 0x63, 0x65, 0x00, 0x01, 0x00, 0x00, 0x01, // _irradiance.....
	0x00, 0x00, 0x00, 0x00, 0x00, 0x0b, 0x73, 0x5f, 0x70, 0x72, 0x65, 0x66, 0x69, 0x6c, 0x74, 0x65, // ......s_prefilte
	0x72, 0x00, 0x01, 0x00, 0x00, 0x01, 0x00, 0x00, 0x00, 0x00, 0x00, 0x0b, 0x73, 0x5f, 0x73, 0x68, // r...........s_sh
	0x61, 0x64, 0x6f, 0x77, 0x4d, 0x61, 0x70, 0x00, 0x01, 0x00, 0x00, 0x01, 0x00, 0x00, 0x00, 0x00, // adowMap.........
	0x00, 0x09, 0x75, 0x5f, 0x76, 0x69, 0x65, 0x77, 0x50, 0x6f, 0x73, 0x02, 0x01, 0x00, 0x00, 0x01, // ..u_viewPos.....
	0x00, 0x00, 0x00, 0x00, 0x00, 0x0c, 0x75, 0x5f, 0x65, 0x6e, 0x76, 0x44, 0x69, 0x66, 0x66, 0x75, // ......u_envDiffu
	0x73, 0x65, 0x02, 0x01, 0x00, 0x00, 0x01, 0x00, 0x00, 0x00, 0x00, 0x00, 0x0d, 0x75, 0x5f, 0x65, // se...........u_e
	0x6e, 0x76, 0x53, 0x70, 0x65, 0x63, 0x75, 0x6c, 0x61, 0x72, 0x02, 0x01, 0x00, 0x00, 0x01, 0x00, // nvSpecular......
	0x00, 0x00, 0x00, 0x00, 0x0b, 0x75, 0x5f, 0x70, 0x62, 0x72, 0x50, 0x61, 0x72, 0x61, 0x6d, 0x73, // .....u_pbrParams
	0x02, 0x01, 0x00, 0x00, 0x01, 0x00, 0x00, 0x00, 0x00, 0x00, 0x1b, 0x75, 0x5f, 0x64, 0x69, 0x72, // ...........u_dir
	0x65, 0x63, 0x74, 0x69, 0x6f, 0x6e, 0x61, 0x6c, 0x4c, 0x69, 0x67, 0x68, 0x74, 0x44, 0x69, 0x72, // ectionalLightDir
	0x65, 0x63, 0x74, 0x69, 0x6f, 0x6e, 0x02, 0x01, 0x00, 0x00, 0x01, 0x00, 0x00, 0x00, 0x00, 0x00, // ection..........
	0x17, 0x75, 0x5f, 0x64, 0x69, 0x72, 0x65, 0x63, 0x74, 0x69, 0x6f, 0x6e, 0x61, 0x6c, 0x4c, 0x69, // .u_directionalLi
	0x67, 0x68, 0x74, 0x43, 0x6f, 0x6c, 0x6f, 0x72, 0x02, 0x01, 0x00, 0x00, 0x01, 0x00, 0x00, 0x00, // ghtColor........
	0x00, 0x00, 0x19, 0x75, 0x5f, 0x70, 0x6f, 0x69, 0x6e, 0x74, 0x4c, 0x69, 0x67, 0x68, 0x74, 0x50, // ...u_pointLightP
	0x6f, 0x73, 0x69, 0x74, 0x69, 0x6f, 0x6e, 0x52, 0x61, 0x6e, 0x67, 0x65, 0x02, 0x04, 0x00, 0x00, // ositionRange....
	0x04, 0x00, 0x00, 0x00, 0x00, 0x00, 0x1a, 0x75, 0x5f, 0x70, 0x6f, 0x69, 0x6e, 0x74, 0x4c, 0x69, // .......u_pointLi
	0x67, 0x68, 0x74, 0x43, 0x6f, 0x6c, 0x6f, 0x72, 0x49, 0x6e, 0x74, 0x65, 0x6e, 0x73, 0x69, 0x74, // ghtColorIntensit
	0x79, 0x02, 0x04, 0x00, 0x00, 0x04, 0x00, 0x00, 0x00, 0x00, 0x00, 0x11, 0x75, 0x5f, 0x6f, 0x76, // y...........u_ov
	0x65, 0x72, 0x66, 0x6c, 0x6f, 0x77, 0x4c, 0x69, 0x67, 0x68, 0x74, 0x53, 0x48, 0x02, 0x04, 0x00, // erflowLightSH...
	0x00, 0x04, 0x00, 0x00, 0x00, 0x00, 0x00, 0x0e, 0x75, 0x5f, 0x73, 0x68, 0x61, 0x64, 0x6f, 0x77, // ........u_shadow
	0x50, 0x61, 0x72, 0x61, 0x6d, 0x73, 0x02, 0x01, 0x00, 0x00, 0x01, 0x00, 0x00, 0x00, 0x00, 0x00, // Params..........
	0x0b, 0x75, 0x5f, 0x62, 0x61, 0x73, 0x65, 0x43, 0x6f, 0x6c, 0x6f, 0x72, 0x02, 0x01, 0x00, 0x00, // .u_baseColor....
	0x01, 0x00, 0x00, 0x00, 0x00, 0x00, 0x10, 0x75, 0x5f, 0x65, 0x6d, 0x69, 0x73, 0x73, 0x69, 0x76, // .......u_emissiv
	0x65, 0x46, 0x61, 0x63, 0x74, 0x6f, 0x72, 0x02, 0x01, 0x00, 0x00, 0x01, 0x00, 0x00, 0x00, 0x00, // eFactor.........
	0x00, 0x13, 0x75, 0x5f, 0x6d, 0x65, 0x74, 0x61, 0x6c, 0x6c, 0x69, 0x63, 0x52, 0x6f, 0x75, 0x67, // ..u_metallicRoug
	0x68, 0x6e, 0x65, 0x73, 0x73, 0x02, 0x01, 0x00, 0x00, 0x01, 0x00, 0x00, 0x00, 0x00, 0x00, 0x0b, // hness...........
	0x75, 0x5f, 0x61, 0x6c, 0x70, 0x68, 0x61, 0x4d, 0x6f, 0x64, 0x65, 0x02, 0x01, 0x00, 0x00, 0x01, // u_alphaMode.....
	0x00, 0x00, 0x00, 0x00, 0x00, 0x0d, 0x75, 0x5f, 0x6d, 0x61, 0x74, 0x65, 0x72, 0x69, 0x61, 0x6c, // ......u_material
	0x45, 0x78, 0x74, 0x02, 0x01, 0x00, 0x00, 0x01, 0x00, 0x00, 0x00, 0x00, 0x00, 0x0f, 0x75, 0x5f, // Ext...........u_
	0x73, 0x70, 0x65, 0x63, 0x75, 0x6c, 0x61, 0x72, 0x43, 0x6f, 0x6c, 0x6f, 0x72, 0x02, 0x01, 0x00, // specularColor...
	0x00, 0x01, 0x00, 0x00, 0x00, 0x00, 0x00, 0xcf, 0x42, 0x00, 0x00, 0x70, 0x72, 0x65, 0x63, 0x69, // ........B..preci
	0x73, 0x69, 0x6f, 0x6e, 0x20, 0x68, 0x69, 0x67, 0x68, 0x70, 0x20, 0x69, 0x6e, 0x74, 0x3b, 0x0a, // sion highp int;.
	0x70, 0x72, 0x65, 0x63, 0x69, 0x73, 0x69, 0x6f, 0x6e, 0x20, 0x68, 0x69, 0x67, 0x68, 0x70, 0x20, // precision highp
	0x66, 0x6c, 0x6f, 0x61, 0x74, 0x3b, 0x0a, 0x6f, 0x75, 0x74, 0x20, 0x6d, 0x65, 0x64, 0x69, 0x75, // float;.out mediu
	0x6d, 0x70, 0x20, 0x76, 0x65, 0x63, 0x34, 0x20, 0x62, 0x67, 0x66, 0x78, 0x5f, 0x46, 0x72, 0x61, // mp vec4 bgfx_Fra
	0x67, 0x43, 0x6f, 0x6c, 0x6f, 0x72, 0x3b, 0x0a, 0x69, 0x6e, 0x20, 0x76, 0x65, 0x63, 0x34, 0x20, // gColor;.in vec4
	0x76, 0x5f, 0x63, 0x6f, 0x6c, 0x6f, 0x72, 0x30, 0x3b, 0x0a, 0x69, 0x6e, 0x20, 0x76, 0x65, 0x63, // v_color0;.in vec
	0x34, 0x20, 0x76, 0x5f, 0x73, 0x68, 0x61, 0x64, 0x6f, 0x77, 0x43, 0x6f, 0x6f, 0x72, 0x64, 0x3b, // 4 v_shadowCoord;
	0x0a, 0x69, 0x6e, 0x20, 0x76, 0x65, 0x63, 0x34, 0x20, 0x76, 0x5f, 0x77, 0x6f, 0x72, 0x6c, 0x64, // .in vec4 v_world
	0x4e, 0x6f, 0x72, 0x6d, 0x61, 0x6c, 0x3b, 0x0a, 0x69, 0x6e, 0x20, 0x76, 0x65, 0x63, 0x34, 0x20, // Normal;.in vec4
	0x76, 0x5f, 0x77, 0x6f, 0x72, 0x6c, 0x64, 0x50, 0x6f, 0x73, 0x3b, 0x0a, 0x75, 0x6e, 0x69, 0x66, // v_worldPos;.unif
	0x6f, 0x72, 0x6d, 0x20, 0x68, 0x69, 0x67, 0x68, 0x70, 0x20, 0x73, 0x61, 0x6d, 0x70, 0x6c, 0x65, // orm highp sample
	0x72, 0x43, 0x75, 0x62, 0x65, 0x20, 0x73, 0x5f, 0x69, 0x72, 0x72, 0x61, 0x64, 0x69, 0x61, 0x6e, // rCube s_irradian
	0x63, 0x65, 0x3b, 0x0a, 0x75, 0x6e, 0x69, 0x66, 0x6f, 0x72, 0x6d, 0x20, 0x68, 0x69, 0x67, 0x68, // ce;.uniform high
	0x70, 0x20, 0x73, 0x61, 0x6d, 0x70, 0x6c, 0x65, 0x72, 0x43, 0x75, 0x62, 0x65, 0x20, 0x73, 0x5f, // p samplerCube s_
	0x70, 0x72, 0x65, 0x66, 0x69, 0x6c, 0x74, 0x65, 0x72, 0x3b, 0x0a, 0x75, 0x6e, 0x69, 0x66, 0x6f, // prefilter;.unifo
	0x72, 0x6d, 0x20, 0x73, 0x61, 0x6d, 0x70, 0x6c, 0x65, 0x72, 0x32, 0x44, 0x20, 0x73, 0x5f, 0x73, // rm sampler2D s_s
	0x68, 0x61, 0x64, 0x6f, 0x77, 0x4d, 0x61, 0x70, 0x3b, 0x0a, 0x75, 0x6e, 0x69, 0x66, 0x6f, 0x72, // hadowMap;.unifor
	0x6d, 0x20, 0x76, 0x65, 0x63, 0x34, 0x20, 0x75, 0x5f, 0x76, 0x69, 0x65, 0x77, 0x50, 0x6f, 0x73, // m vec4 u_viewPos
	0x3b, 0x0a, 0x75, 0x6e, 0x69, 0x66, 0x6f, 0x72, 0x6d, 0x20, 0x76, 0x65, 0x63, 0x34, 0x20, 0x75, // ;.uniform vec4 u
	0x5f, 0x65, 0x6e, 0x76, 0x44, 0x69, 0x66, 0x66, 0x75, 0x73, 0x65, 0x3b, 0x0a, 0x75, 0x6e, 0x69, // _envDiffuse;.uni
	0x66, 0x6f, 0x72, 0x6d, 0x20, 0x76, 0x65, 0x63, 0x34, 0x20, 0x75, 0x5f, 0x65, 0x6e, 0x76, 0x53, // form vec4 u_envS
	0x70, 0x65, 0x63, 0x75, 0x6c, 0x61, 0x72, 0x3b, 0x0a, 0x75, 0x6e, 0x69, 0x66, 0x6f, 0x72, 0x6d, // pecular;.uniform
	0x20, 0x76, 0x65, 0x63, 0x34, 0x20, 0x75, 0x5f, 0x70, 0x62, 0x72, 0x50, 0x61, 0x72, 0x61, 0x6d, //  vec4 u_pbrParam
	0x73, 0x3b, 0x0a, 0x75, 0x6e, 0x69, 0x66, 0x6f, 0x72, 0x6d, 0x20, 0x76, 0x65, 0x63, 0x34, 0x20, // s;.uniform vec4
	0x75, 0x5f, 0x64, 0x69, 0x72, 0x65, 0x63, 0x74, 0x69, 0x6f, 0x6e, 0x61, 0x6c, 0x4c, 0x69, 0x67, // u_directionalLig
	0x68, 0x74, 0x44, 0x69, 0x72, 0x65, 0x63, 0x74, 0x69, 0x6f, 0x6e, 0x3b, 0x0a, 0x75, 0x6e, 0x69, // htDirection;.uni
	0x66, 0x6f, 0x72, 0x6d, 0x20, 0x76, 0x65, 0x63, 0x34, 0x20, 0x75, 0x5f, 0x64, 0x69, 0x72, 0x65, // form vec4 u_dire
	0x63, 0x74, 0x69, 0x6f, 0x6e, 0x61, 0x6c, 0x4c, 0x69, 0x67, 0x68, 0x74, 0x43, 0x6f, 0x6c, 0x6f, // ctionalLightColo
	0x72, 0x3b, 0x0a, 0x75, 0x6e, 0x69, 0x66, 0x6f, 0x72, 0x6d, 0x20, 0x76, 0x65, 0x63, 0x34, 0x20, // r;.uniform vec4
	0x75, 0x5f, 0x70, 0x6f, 0x69, 0x6e, 0x74, 0x4c, 0x69, 0x67, 0x68, 0x74, 0x50, 0x6f, 0x73, 0x69, // u_pointLightPosi
	0x74, 0x69, 0x6f, 0x6e, 0x52, 0x61, 0x6e, 0x67, 0x65, 0x5b, 0x34, 0x5d, 0x3b, 0x0a, 0x75, 0x6e, // tionRange[4];.un
	0x69, 0x66, 0x6f, 0x72, 0x6d, 0x20, 0x76, 0x65, 0x63, 0x34, 0x20, 0x75, 0x5f, 0x70, 0x6f, 0x69, // iform vec4 u_poi
	0x6e, 0x74, 0x4c, 0x69, 0x67, 0x68, 0x74, 0x43, 0x6f, 0x6c, 0x6f, 0x72, 0x49, 0x6e, 0x74, 0x65, // ntLightColorInte
	0x6e, 0x73, 0x69, 0x74, 0x79, 0x5b, 0x34, 0x5d, 0x3b, 0x0a, 0x75, 0x6e, 0x69, 0x66, 0x6f, 0x72, // nsity[4];.unifor
	0x6d, 0x20, 0x76, 0x65, 0x63, 0x34, 0x20, 0x75, 0x5f, 0x6f, 0x76, 0x65, 0x72, 0x66, 0x6c, 0x6f, // m vec4 u_overflo
	0x77, 0x4c, 0x69, 0x67, 0x68, 0x74, 0x53, 0x48, 0x5b, 0x34, 0x5d, 0x3b, 0x0a, 0x75, 0x6e, 0x69, // wLightSH[4];.uni
	0x66, 0x6f, 0x72, 0x6d, 0x20, 0x76, 0x65, 0x63, 0x34, 0x20, 0x75, 0x5f, 0x73, 0x68, 0x61, 0x64, // form vec4 u_shad
	0x6f, 0x77, 0x50, 0x61, 0x72, 0x61, 0x6d, 0x73, 0x3b, 0x0a, 0x75, 0x6e, 0x69, 0x66, 0x6f, 0x72, // owParams;.unifor
	0x6d, 0x20, 0x76, 0x65, 0x63, 0x34, 0x20, 0x75, 0x5f, 0x62, 0x61, 0x73, 0x65, 0x43, 0x6f, 0x6c, // m vec4 u_baseCol
	0x6f, 0x72, 0x3b, 0x0a, 0x75, 0x6e, 0x69, 0x66, 0x6f, 0x72, 0x6d, 0x20, 0x76, 0x65, 0x63, 0x34, // or;.uniform vec4
	0x20, 0x75, 0x5f, 0x65, 0x6d, 0x69, 0x73, 0x73, 0x69, 0x76, 0x65, 0x46, 0x61, 0x63, 0x74, 0x6f, //  u_emissiveFacto
	0x72, 0x3b, 0x0a, 0x75, 0x6e, 0x69, 0x66, 0x6f, 0x72, 0x6d, 0x20, 0x76, 0x65, 0x63, 0x34, 0x20, // r;.uniform vec4
	0x75, 0x5f, 0x6d, 0x65, 0x74, 0x61, 0x6c, 0x6c, 0x69, 0x63, 0x52, 0x6f, 0x75, 0x67, 0x68, 0x6e, // u_metallicRoughn
	0x65, 0x73, 0x73, 0x3b, 0x0a, 0x75, 0x6e, 0x69, 0x66, 0x6f, 0x72, 0x6d, 0x20, 0x76, 0x65, 0x63, // ess;.uniform vec
	0x34, 0x20, 0x75, 0x5f, 0x61, 0x6c, 0x70, 0x68, 0x61, 0x4d, 0x6f, 0x64, 0x65, 0x3b, 0x0a, 0x75, // 4 u_alphaMode;.u
	0x6e, 0x69, 0x66, 0x6f, 0x72, 0x6d, 0x20, 0x76, 0x65, 0x63, 0x34, 0x20, 0x75, 0x5f, 0x6d, 0x61, // niform vec4 u_ma
	0x74, 0x65, 0x72, 0x69, 0x61, 0x6c, 0x45, 0x78, 0x74, 0x3b, 0x0a, 0x75, 0x6e, 0x69, 0x66, 0x6f, // terialExt;.unifo
	0x72, 0x6d, 0x20, 0x76, 0x65, 0x63, 0x34, 0x20, 0x75, 0x5f, 0x73, 0x70, 0x65, 0x63, 0x75, 0x6c, // rm vec4 u_specul
	0x61, 0x72, 0x43, 0x6f, 0x6c, 0x6f, 0x72, 0x3b, 0x0a, 0x76, 0x6f, 0x69, 0x64, 0x20, 0x6d, 0x61, // arColor;.void ma
	0x69, 0x6e, 0x20, 0x28, 0x29, 0x0a, 0x7b, 0x0a, 0x20, 0x20, 0x68, 0x69, 0x67, 0x68, 0x70, 0x20, // in ().{.  highp
	0x76, 0x65, 0x63, 0x33, 0x20, 0x64, 0x69, 0x72, 0x65, 0x63, 0x74, 0x5f, 0x32, 0x3b, 0x0a, 0x20, // vec3 direct_2;.
	0x20, 0x68, 0x69, 0x67, 0x68, 0x70, 0x20, 0x76, 0x65, 0x63, 0x33, 0x20, 0x64, 0x69, 0x65, 0x6c, //  highp vec3 diel
	0x65, 0x63, 0x74, 0x72, 0x69, 0x63, 0x46, 0x39, 0x30, 0x43, 0x6f, 0x6c, 0x6f, 0x72, 0x5f, 0x33, // ectricF90Color_3
	0x3b, 0x0a, 0x20, 0x20, 0x68, 0x69, 0x67, 0x68, 0x70, 0x20, 0x76, 0x65, 0x63, 0x33, 0x20, 0x64, // ;.  highp vec3 d
	0x69, 0x65, 0x6c, 0x65, 0x63, 0x74, 0x72, 0x69, 0x63, 0x46, 0x30, 0x43, 0x6f, 0x6c, 0x6f, 0x72, // ielectricF0Color
	0x5f, 0x34, 0x3b, 0x0a, 0x20, 0x20, 0x66, 0x6c, 0x6f, 0x61, 0x74, 0x20, 0x72, 0x6f, 0x75, 0x67, // _4;.  float roug
	0x68, 0x6e, 0x65, 0x73, 0x73, 0x5f, 0x35, 0x3b, 0x0a, 0x20, 0x20, 0x66, 0x6c, 0x6f, 0x61, 0x74, // hness_5;.  float
	0x20, 0x6d, 0x65, 0x74, 0x61, 0x6c, 0x6c, 0x69, 0x63, 0x5f, 0x36, 0x3b, 0x0a, 0x20, 0x20, 0x68, //  metallic_6;.  h
	0x69, 0x67, 0x68, 0x70, 0x20, 0x66, 0x6c, 0x6f, 0x61, 0x74, 0x20, 0x6e, 0x44, 0x6f, 0x74, 0x56, // ighp float nDotV
	0x5f, 0x37, 0x3b, 0x0a, 0x20, 0x20, 0x68, 0x69, 0x67, 0x68, 0x70, 0x20, 0x76, 0x65, 0x63, 0x33, // _7;.  highp vec3
	0x20, 0x76, 0x5f, 0x38, 0x3b, 0x0a, 0x20, 0x20, 0x68, 0x69, 0x67, 0x68, 0x70, 0x20, 0x76, 0x65, //  v_8;.  highp ve
	0x63, 0x33, 0x20, 0x6e, 0x5f, 0x39, 0x3b, 0x0a, 0x20, 0x20, 0x68, 0x69, 0x67, 0x68, 0x70, 0x20, // c3 n_9;.  highp
	0x76, 0x65, 0x63, 0x34, 0x20, 0x62, 0x61, 0x73, 0x65, 0x43, 0x6f, 0x6c, 0x6f, 0x72, 0x5f, 0x31, // vec4 baseColor_1
	0x30, 0x3b, 0x0a, 0x20, 0x20, 0x68, 0x69, 0x67, 0x68, 0x70, 0x20, 0x76, 0x65, 0x63, 0x34, 0x20, // 0;.  highp vec4
	0x74, 0x6d, 0x70, 0x76, 0x61, 0x72, 0x5f, 0x31, 0x31, 0x3b, 0x0a, 0x20, 0x20, 0x74, 0x6d, 0x70, // tmpvar_11;.  tmp
	0x76, 0x61, 0x72, 0x5f, 0x31, 0x31, 0x20, 0x3d, 0x20, 0x28, 0x75, 0x5f, 0x62, 0x61, 0x73, 0x65, // var_11 = (u_base
	0x43, 0x6f, 0x6c, 0x6f, 0x72, 0x20, 0x2a, 0x20, 0x76, 0x5f, 0x63, 0x6f, 0x6c, 0x6f, 0x72, 0x30, // Color * v_color0
	0x29, 0x3b, 0x0a, 0x20, 0x20, 0x62, 0x61, 0x73, 0x65, 0x43, 0x6f, 0x6c, 0x6f, 0x72, 0x5f, 0x31, // );.  baseColor_1
	0x30, 0x20, 0x3d, 0x20, 0x74, 0x6d, 0x70, 0x76, 0x61, 0x72, 0x5f, 0x31, 0x31, 0x3b, 0x0a, 0x20, // 0 = tmpvar_11;.
	0x20, 0x69, 0x66, 0x20, 0x28, 0x28, 0x28, 0x28, 0x75, 0x5f, 0x61, 0x6c, 0x70, 0x68, 0x61, 0x4d, //  if ((((u_alphaM
	0x6f, 0x64, 0x65, 0x2e, 0x78, 0x20, 0x3e, 0x20, 0x30, 0x2e, 0x35, 0x29, 0x20, 0x26, 0x26, 0x20, // ode.x > 0.5) &&
	0x28, 0x75, 0x5f, 0x61, 0x6c, 0x70, 0x68, 0x61, 0x4d, 0x6f, 0x64, 0x65, 0x2e, 0x78, 0x20, 0x3c, // (u_alphaMode.x <
	0x20, 0x31, 0x2e, 0x35, 0x29, 0x29, 0x20, 0x26, 0x26, 0x20, 0x28, 0x74, 0x6d, 0x70, 0x76, 0x61, //  1.5)) && (tmpva
	0x72, 0x5f, 0x31, 0x31, 0x2e, 0x77, 0x20, 0x3c, 0x20, 0x75, 0x5f, 0x61, 0x6c, 0x70, 0x68, 0x61, // r_11.w < u_alpha
	0x4d, 0x6f, 0x64, 0x65, 0x2e, 0x79, 0x29, 0x29, 0x29, 0x20, 0x7b, 0x0a, 0x20, 0x20, 0x20, 0x20, // Mode.y))) {.
	0x64, 0x69, 0x73, 0x63, 0x61, 0x72, 0x64, 0x3b, 0x0a, 0x20, 0x20, 0x7d, 0x3b, 0x0a, 0x20, 0x20, // discard;.  };.
	0x68, 0x69, 0x67, 0x68, 0x70, 0x20, 0x76, 0x65, 0x63, 0x33, 0x20, 0x74, 0x6d, 0x70, 0x76, 0x61, // highp vec3 tmpva
	0x72, 0x5f, 0x31, 0x32, 0x3b, 0x0a, 0x20, 0x20, 0x74, 0x6d, 0x70, 0x76, 0x61, 0x72, 0x5f, 0x31, // r_12;.  tmpvar_1
	0x32, 0x20, 0x3d, 0x20, 0x6e, 0x6f, 0x72, 0x6d, 0x61, 0x6c, 0x69, 0x7a, 0x65, 0x28, 0x76, 0x5f, // 2 = normalize(v_
	0x77, 0x6f, 0x72, 0x6c, 0x64, 0x4e, 0x6f, 0x72, 0x6d, 0x61, 0x6c, 0x2e, 0x78, 0x79, 0x7a, 0x29, // worldNormal.xyz)
	0x3b, 0x0a, 0x20, 0x20, 0x6e, 0x5f, 0x39, 0x20, 0x3d, 0x20, 0x74, 0x6d, 0x70, 0x76, 0x61, 0x72, // ;.  n_9 = tmpvar
	0x5f, 0x31, 0x32, 0x3b, 0x0a, 0x20, 0x20, 0x68, 0x69, 0x67, 0x68, 0x70, 0x20, 0x76, 0x65, 0x63, // _12;.  highp vec
	0x33, 0x20, 0x76, 0x61, 0x6c, 0x75, 0x65, 0x5f, 0x31, 0x33, 0x3b, 0x0a, 0x20, 0x20, 0x76, 0x61, // 3 value_13;.  va
	0x6c, 0x75, 0x65, 0x5f, 0x31, 0x33, 0x20, 0x3d, 0x20, 0x28, 0x75, 0x5f, 0x76, 0x69, 0x65, 0x77, // lue_13 = (u_view
	0x50, 0x6f, 0x73, 0x2e, 0x78, 0x79, 0x7a, 0x20, 0x2d, 0x20, 0x76, 0x5f, 0x77, 0x6f, 0x72, 0x6c, // Pos.xyz - v_worl
	0x64, 0x50, 0x6f, 0x73, 0x2e, 0x78, 0x79, 0x7a, 0x29, 0x3b, 0x0a, 0x20, 0x20, 0x68, 0x69, 0x67, // dPos.xyz);.  hig
	0x68, 0x70, 0x20, 0x76, 0x65, 0x63, 0x33, 0x20, 0x74, 0x6d, 0x70, 0x76, 0x61, 0x72, 0x5f, 0x31, // hp vec3 tmpvar_1
	0x34, 0x3b, 0x0a, 0x20, 0x20, 0x68, 0x69, 0x67, 0x68, 0x70, 0x20, 0x66, 0x6c, 0x6f, 0x61, 0x74, // 4;.  highp float
	0x20, 0x74, 0x6d, 0x70, 0x76, 0x61, 0x72, 0x5f, 0x31, 0x35, 0x3b, 0x0a, 0x20, 0x20, 0x74, 0x6d, //  tmpvar_15;.  tm
	0x70, 0x76, 0x61, 0x72, 0x5f, 0x31, 0x35, 0x20, 0x3d, 0x20, 0x64, 0x6f, 0x74, 0x20, 0x28, 0x76, // pvar_15 = dot (v
	0x61, 0x6c, 0x75, 0x65, 0x5f, 0x31, 0x33, 0x2c, 0x20, 0x76, 0x61, 0x6c, 0x75, 0x65, 0x5f, 0x31, // alue_13, value_1
	0x33, 0x29, 0x3b, 0x0a, 0x20, 0x20, 0x69, 0x66, 0x20, 0x28, 0x28, 0x28, 0x74, 0x6d, 0x70, 0x76, // 3);.  if (((tmpv
	0x61, 0x72, 0x5f, 0x31, 0x35, 0x20, 0x21, 0x3d, 0x20, 0x74, 0x6d, 0x70, 0x76, 0x61, 0x72, 0x5f, // ar_15 != tmpvar_
	0x31, 0x35, 0x29, 0x20, 0x7c, 0x7c, 0x20, 0x28, 0x74, 0x6d, 0x70, 0x76, 0x61, 0x72, 0x5f, 0x31, // 15) || (tmpvar_1
	0x35, 0x20, 0x3c, 0x3d, 0x20, 0x31, 0x65, 0x2d, 0x30, 0x36, 0x29, 0x29, 0x29, 0x20, 0x7b, 0x0a, // 5 <= 1e-06))) {.
	0x20, 0x20, 0x20, 0x20, 0x74, 0x6d, 0x70, 0x76, 0x61, 0x72, 0x5f, 0x31, 0x34, 0x20, 0x3d, 0x20, //     tmpvar_14 =
	0x74, 0x6d, 0x70, 0x76, 0x61, 0x72, 0x5f, 0x31, 0x32, 0x3b, 0x0a, 0x20, 0x20, 0x7d, 0x20, 0x65, // tmpvar_12;.  } e
	0x6c, 0x73, 0x65, 0x20, 0x7b, 0x0a, 0x20, 0x20, 0x20, 0x20, 0x74, 0x6d, 0x70, 0x76, 0x61, 0x72, // lse {.    tmpvar
	0x5f, 0x31, 0x34, 0x20, 0x3d, 0x20, 0x28, 0x76, 0x61, 0x6c, 0x75, 0x65, 0x5f, 0x31, 0x33, 0x20, // _14 = (value_13
	0x2a, 0x20, 0x69, 0x6e, 0x76, 0x65, 0x72, 0x73, 0x65, 0x73, 0x71, 0x72, 0x74, 0x28, 0x74, 0x6d, // * inversesqrt(tm
	0x70, 0x76, 0x61, 0x72, 0x5f, 0x31, 0x35, 0x29, 0x29, 0x3b, 0x0a, 0x20, 0x20, 0x7d, 0x3b, 0x0a, // pvar_15));.  };.
	0x20, 0x20, 0x76, 0x5f, 0x38, 0x20, 0x3d, 0x20, 0x74, 0x6d, 0x70, 0x76, 0x61, 0x72, 0x5f, 0x31, //   v_8 = tmpvar_1
	0x34, 0x3b, 0x0a, 0x20, 0x20, 0x6e, 0x44, 0x6f, 0x74, 0x56, 0x5f, 0x37, 0x20, 0x3d, 0x20, 0x6d, // 4;.  nDotV_7 = m
	0x61, 0x78, 0x20, 0x28, 0x63, 0x6c, 0x61, 0x6d, 0x70, 0x20, 0x28, 0x64, 0x6f, 0x74, 0x20, 0x28, // ax (clamp (dot (
	0x74, 0x6d, 0x70, 0x76, 0x61, 0x72, 0x5f, 0x31, 0x32, 0x2c, 0x20, 0x74, 0x6d, 0x70, 0x76, 0x61, // tmpvar_12, tmpva
	0x72, 0x5f, 0x31, 0x34, 0x29, 0x2c, 0x20, 0x30, 0x2e, 0x30, 0x2c, 0x20, 0x31, 0x2e, 0x30, 0x29, // r_14), 0.0, 1.0)
	0x2c, 0x20, 0x31, 0x65, 0x2d, 0x30, 0x36, 0x29, 0x3b, 0x0a, 0x20, 0x20, 0x66, 0x6c, 0x6f, 0x61, // , 1e-06);.  floa
	0x74, 0x20, 0x74, 0x6d, 0x70, 0x76, 0x61, 0x72, 0x5f, 0x31, 0x36, 0x3b, 0x0a, 0x20, 0x20, 0x74, // t tmpvar_16;.  t
	0x6d, 0x70, 0x76, 0x61, 0x72, 0x5f, 0x31, 0x36, 0x20, 0x3d, 0x20, 0x63, 0x6c, 0x61, 0x6d, 0x70, // mpvar_16 = clamp
	0x20, 0x28, 0x75, 0x5f, 0x6d, 0x65, 0x74, 0x61, 0x6c, 0x6c, 0x69, 0x63, 0x52, 0x6f, 0x75, 0x67, //  (u_metallicRoug
	0x68, 0x6e, 0x65, 0x73, 0x73, 0x2e, 0x78, 0x2c, 0x20, 0x30, 0x2e, 0x30, 0x2c, 0x20, 0x31, 0x2e, // hness.x, 0.0, 1.
	0x30, 0x29, 0x3b, 0x0a, 0x20, 0x20, 0x6d, 0x65, 0x74, 0x61, 0x6c, 0x6c, 0x69, 0x63, 0x5f, 0x36, // 0);.  metallic_6
	0x20, 0x3d, 0x20, 0x74, 0x6d, 0x70, 0x76, 0x61, 0x72, 0x5f, 0x31, 0x36, 0x3b, 0x0a, 0x20, 0x20, //  = tmpvar_16;.
	0x66, 0x6c, 0x6f, 0x61, 0x74, 0x20, 0x74, 0x6d, 0x70, 0x76, 0x61, 0x72, 0x5f, 0x31, 0x37, 0x3b, // float tmpvar_17;
	0x0a, 0x20, 0x20, 0x74, 0x6d, 0x70, 0x76, 0x61, 0x72, 0x5f, 0x31, 0x37, 0x20, 0x3d, 0x20, 0x6d, // .  tmpvar_17 = m
	0x61, 0x78, 0x20, 0x28, 0x75, 0x5f, 0x6d, 0x65, 0x74, 0x61, 0x6c, 0x6c, 0x69, 0x63, 0x52, 0x6f, // ax (u_metallicRo
	0x75, 0x67, 0x68, 0x6e, 0x65, 0x73, 0x73, 0x2e, 0x79, 0x2c, 0x20, 0x30, 0x2e, 0x30, 0x34, 0x29, // ughness.y, 0.04)
	0x3b, 0x0a, 0x20, 0x20, 0x72, 0x6f, 0x75, 0x67, 0x68, 0x6e, 0x65, 0x73, 0x73, 0x5f, 0x35, 0x20, // ;.  roughness_5
	0x3d, 0x20, 0x74, 0x6d, 0x70, 0x76, 0x61, 0x72, 0x5f, 0x31, 0x37, 0x3b, 0x0a, 0x20, 0x20, 0x66, // = tmpvar_17;.  f
	0x6c, 0x6f, 0x61, 0x74, 0x20, 0x74, 0x6d, 0x70, 0x76, 0x61, 0x72, 0x5f, 0x31, 0x38, 0x3b, 0x0a, // loat tmpvar_18;.
	0x20, 0x20, 0x74, 0x6d, 0x70, 0x76, 0x61, 0x72, 0x5f, 0x31, 0x38, 0x20, 0x3d, 0x20, 0x28, 0x28, //   tmpvar_18 = ((
	0x75, 0x5f, 0x6d, 0x61, 0x74, 0x65, 0x72, 0x69, 0x61, 0x6c, 0x45, 0x78, 0x74, 0x2e, 0x79, 0x20, // u_materialExt.y
	0x2d, 0x20, 0x31, 0x2e, 0x30, 0x29, 0x20, 0x2f, 0x20, 0x28, 0x75, 0x5f, 0x6d, 0x61, 0x74, 0x65, // - 1.0) / (u_mate
	0x72, 0x69, 0x61, 0x6c, 0x45, 0x78, 0x74, 0x2e, 0x79, 0x20, 0x2b, 0x20, 0x31, 0x2e, 0x30, 0x29, // rialExt.y + 1.0)
	0x29, 0x3b, 0x0a, 0x20, 0x20, 0x68, 0x69, 0x67, 0x68, 0x70, 0x20, 0x66, 0x6c, 0x6f, 0x61, 0x74, // );.  highp float
	0x20, 0x74, 0x6d, 0x70, 0x76, 0x61, 0x72, 0x5f, 0x31, 0x39, 0x3b, 0x0a, 0x20, 0x20, 0x74, 0x6d, //  tmpvar_19;.  tm
	0x70, 0x76, 0x61, 0x72, 0x5f, 0x31, 0x39, 0x20, 0x3d, 0x20, 0x63, 0x6c, 0x61, 0x6d, 0x70, 0x20, // pvar_19 = clamp
	0x28, 0x75, 0x5f, 0x6d, 0x61, 0x74, 0x65, 0x72, 0x69, 0x61, 0x6c, 0x45, 0x78, 0x74, 0x2e, 0x78, // (u_materialExt.x
	0x2c, 0x20, 0x30, 0x2e, 0x30, 0x2c, 0x20, 0x31, 0x2e, 0x30, 0x29, 0x3b, 0x0a, 0x20, 0x20, 0x68, // , 0.0, 1.0);.  h
	0x69, 0x67, 0x68, 0x70, 0x20, 0x76, 0x65, 0x63, 0x33, 0x20, 0x74, 0x6d, 0x70, 0x76, 0x61, 0x72, // ighp vec3 tmpvar
	0x5f, 0x32, 0x30, 0x3b, 0x0a, 0x20, 0x20, 0x74, 0x6d, 0x70, 0x76, 0x61, 0x72, 0x5f, 0x32, 0x30, // _20;.  tmpvar_20
	0x20, 0x3d, 0x20, 0x28, 0x6d, 0x69, 0x6e, 0x20, 0x28, 0x28, 0x76, 0x65, 0x63, 0x33, 0x28, 0x0a, //  = (min ((vec3(.
	0x20, 0x20, 0x20, 0x20, 0x28, 0x74, 0x6d, 0x70, 0x76, 0x61, 0x72, 0x5f, 0x31, 0x38, 0x20, 0x2a, //     (tmpvar_18 *
	0x20, 0x74, 0x6d, 0x70, 0x76, 0x61, 0x72, 0x5f, 0x31, 0x38, 0x29, 0x0a, 0x20, 0x20, 0x29, 0x20, //  tmpvar_18).  )
	0x2a, 0x20, 0x75, 0x5f, 0x73, 0x70, 0x65, 0x63, 0x75, 0x6c, 0x61, 0x72, 0x43, 0x6f, 0x6c, 0x6f, // * u_specularColo
	0x72, 0x2e, 0x78, 0x79, 0x7a, 0x29, 0x2c, 0x20, 0x76, 0x65, 0x63, 0x33, 0x28, 0x31, 0x2e, 0x30, // r.xyz), vec3(1.0
	0x2c, 0x20, 0x31, 0x2e, 0x30, 0x2c, 0x20, 0x31, 0x2e, 0x30, 0x29, 0x29, 0x20, 0x2a, 0x20, 0x74, // , 1.0, 1.0)) * t
	0x6d, 0x70, 0x76, 0x61, 0x72, 0x5f, 0x31, 0x39, 0x29, 0x3b, 0x0a, 0x20, 0x20, 0x64, 0x69, 0x65, // mpvar_19);.  die
	0x6c, 0x65, 0x63, 0x74, 0x72, 0x69, 0x63, 0x46, 0x30, 0x43, 0x6f, 0x6c, 0x6f, 0x72, 0x5f, 0x34, // lectricF0Color_4
	0x20, 0x3d, 0x20, 0x74, 0x6d, 0x70, 0x76, 0x61, 0x72, 0x5f, 0x32, 0x30, 0x3b, 0x0a, 0x20, 0x20, //  = tmpvar_20;.
	0x68, 0x69, 0x67, 0x68, 0x70, 0x20, 0x76, 0x65, 0x63, 0x33, 0x20, 0x74, 0x6d, 0x70, 0x76, 0x61, // highp vec3 tmpva
	0x72, 0x5f, 0x32, 0x31, 0x3b, 0x0a, 0x20, 0x20, 0x74, 0x6d, 0x70, 0x76, 0x61, 0x72, 0x5f, 0x32, // r_21;.  tmpvar_2
	0x31, 0x2e, 0x78, 0x20, 0x3d, 0x20, 0x74, 0x6d, 0x70, 0x76, 0x61, 0x72, 0x5f, 0x31, 0x39, 0x3b, // 1.x = tmpvar_19;
	0x0a, 0x20, 0x20, 0x74, 0x6d, 0x70, 0x76, 0x61, 0x72, 0x5f, 0x32, 0x31, 0x2e, 0x79, 0x20, 0x3d, // .  tmpvar_21.y =
	0x20, 0x74, 0x6d, 0x70, 0x76, 0x61, 0x72, 0x5f, 0x31, 0x39, 0x3b, 0x0a, 0x20, 0x20, 0x74, 0x6d, //  tmpvar_19;.  tm
	0x70, 0x76, 0x61, 0x72, 0x5f, 0x32, 0x31, 0x2e, 0x7a, 0x20, 0x3d, 0x20, 0x74, 0x6d, 0x70, 0x76, // pvar_21.z = tmpv
	0x61, 0x72, 0x5f, 0x31, 0x39, 0x3b, 0x0a, 0x20, 0x20, 0x64, 0x69, 0x65, 0x6c, 0x65, 0x63, 0x74, // ar_19;.  dielect
	0x72, 0x69, 0x63, 0x46, 0x39, 0x30, 0x43, 0x6f, 0x6c, 0x6f, 0x72, 0x5f, 0x33, 0x20, 0x3d, 0x20, // ricF90Color_3 =
	0x74, 0x6d, 0x70, 0x76, 0x61, 0x72, 0x5f, 0x32, 0x31, 0x3b, 0x0a, 0x20, 0x20, 0x68, 0x69, 0x67, // tmpvar_21;.  hig
	0x68, 0x70, 0x20, 0x76, 0x65, 0x63, 0x33, 0x20, 0x74, 0x6d, 0x70, 0x76, 0x61, 0x72, 0x5f, 0x32, // hp vec3 tmpvar_2
	0x32, 0x3b, 0x0a, 0x20, 0x20, 0x74, 0x6d, 0x70, 0x76, 0x61, 0x72, 0x5f, 0x32, 0x32, 0x2e, 0x78, // 2;.  tmpvar_22.x
	0x20, 0x3d, 0x20, 0x30, 0x2e, 0x30, 0x3b, 0x0a, 0x20, 0x20, 0x74, 0x6d, 0x70, 0x76, 0x61, 0x72, //  = 0.0;.  tmpvar
	0x5f, 0x32, 0x32, 0x2e, 0x79, 0x20, 0x3d, 0x20, 0x30, 0x2e, 0x30, 0x3b, 0x0a, 0x20, 0x20, 0x74, // _22.y = 0.0;.  t
	0x6d, 0x70, 0x76, 0x61, 0x72, 0x5f, 0x32, 0x32, 0x2e, 0x7a, 0x20, 0x3d, 0x20, 0x30, 0x2e, 0x30, // mpvar_22.z = 0.0
	0x3b, 0x0a, 0x20, 0x20, 0x64, 0x69, 0x72, 0x65, 0x63, 0x74, 0x5f, 0x32, 0x20, 0x3d, 0x20, 0x74, // ;.  direct_2 = t
	0x6d, 0x70, 0x76, 0x61, 0x72, 0x5f, 0x32, 0x32, 0x3b, 0x0a, 0x20, 0x20, 0x69, 0x66, 0x20, 0x28, // mpvar_22;.  if (
	0x28, 0x75, 0x5f, 0x64, 0x69, 0x72, 0x65, 0x63, 0x74, 0x69, 0x6f, 0x6e, 0x61, 0x6c, 0x4c, 0x69, // (u_directionalLi
	0x67, 0x68, 0x74, 0x44, 0x69, 0x72, 0x65, 0x63, 0x74, 0x69, 0x6f, 0x6e, 0x2e, 0x77, 0x20, 0x3e, // ghtDirection.w >
	0x20, 0x30, 0x2e, 0x35, 0x29, 0x29, 0x20, 0x7b, 0x0a, 0x20, 0x20, 0x20, 0x20, 0x76, 0x65, 0x63, //  0.5)) {.    vec
	0x33, 0x20, 0x74, 0x6d, 0x70, 0x76, 0x61, 0x72, 0x5f, 0x32, 0x33, 0x3b, 0x0a, 0x20, 0x20, 0x20, // 3 tmpvar_23;.
	0x20, 0x74, 0x6d, 0x70, 0x76, 0x61, 0x72, 0x5f, 0x32, 0x33, 0x20, 0x3d, 0x20, 0x6e, 0x6f, 0x72, //  tmpvar_23 = nor
	0x6d, 0x61, 0x6c, 0x69, 0x7a, 0x65, 0x28, 0x75, 0x5f, 0x64, 0x69, 0x72, 0x65, 0x63, 0x74, 0x69, // malize(u_directi
	0x6f, 0x6e, 0x61, 0x6c, 0x4c, 0x69, 0x67, 0x68, 0x74, 0x44, 0x69, 0x72, 0x65, 0x63, 0x74, 0x69, // onalLightDirecti
	0x6f, 0x6e, 0x2e, 0x78, 0x79, 0x7a, 0x29, 0x3b, 0x0a, 0x20, 0x20, 0x20, 0x20, 0x68, 0x69, 0x67, // on.xyz);.    hig
	0x68, 0x70, 0x20, 0x76, 0x65, 0x63, 0x33, 0x20, 0x74, 0x6d, 0x70, 0x76, 0x61, 0x72, 0x5f, 0x32, // hp vec3 tmpvar_2
	0x34, 0x3b, 0x0a, 0x20, 0x20, 0x20, 0x20, 0x68, 0x69, 0x67, 0x68, 0x70, 0x20, 0x76, 0x65, 0x63, // 4;.    highp vec
	0x33, 0x20, 0x76, 0x61, 0x6c, 0x75, 0x65, 0x5f, 0x32, 0x35, 0x3b, 0x0a, 0x20, 0x20, 0x20, 0x20, // 3 value_25;.
	0x76, 0x61, 0x6c, 0x75, 0x65, 0x5f, 0x32, 0x35, 0x20, 0x3d, 0x20, 0x28, 0x74, 0x6d, 0x70, 0x76, // value_25 = (tmpv
	0x61, 0x72, 0x5f, 0x31, 0x34, 0x20, 0x2b, 0x20, 0x74, 0x6d, 0x70, 0x76, 0x61, 0x72, 0x5f, 0x32, // ar_14 + tmpvar_2
	0x33, 0x29, 0x3b, 0x0a, 0x20, 0x20, 0x20, 0x20, 0x68, 0x69, 0x67, 0x68, 0x70, 0x20, 0x76, 0x65, // 3);.    highp ve
	0x63, 0x33, 0x20, 0x74, 0x6d, 0x70, 0x76, 0x61, 0x72, 0x5f, 0x32, 0x36, 0x3b, 0x0a, 0x20, 0x20, // c3 tmpvar_26;.
	0x20, 0x20, 0x68, 0x69, 0x67, 0x68, 0x70, 0x20, 0x66, 0x6c, 0x6f, 0x61, 0x74, 0x20, 0x74, 0x6d, //   highp float tm
	0x70, 0x76, 0x61, 0x72, 0x5f, 0x32, 0x37, 0x3b, 0x0a, 0x20, 0x20, 0x20, 0x20, 0x74, 0x6d, 0x70, // pvar_27;.    tmp
	0x76, 0x61, 0x72, 0x5f, 0x32, 0x37, 0x20, 0x3d, 0x20, 0x64, 0x6f, 0x74, 0x20, 0x28, 0x76, 0x61, // var_27 = dot (va
	0x6c, 0x75, 0x65, 0x5f, 0x32, 0x35, 0x2c, 0x20, 0x76, 0x61, 0x6c, 0x75, 0x65, 0x5f, 0x32, 0x35, // lue_25, value_25
	0x29, 0x3b, 0x0a, 0x20, 0x20, 0x20, 0x20, 0x69, 0x66, 0x20, 0x28, 0x28, 0x28, 0x74, 0x6d, 0x70, // );.    if (((tmp
	0x76, 0x61, 0x72, 0x5f, 0x32, 0x37, 0x20, 0x21, 0x3d, 0x20, 0x74, 0x6d, 0x70, 0x76, 0x61, 0x72, // var_27 != tmpvar
	0x5f, 0x32, 0x37, 0x29, 0x20, 0x7c, 0x7c, 0x20, 0x28, 0x74, 0x6d, 0x70, 0x76, 0x61, 0x72, 0x5f, // _27) || (tmpvar_
	0x32, 0x37, 0x20, 0x3c, 0x3d, 0x20, 0x31, 0x65, 0x2d, 0x30, 0x36, 0x29, 0x29, 0x29, 0x20, 0x7b, // 27 <= 1e-06))) {
	0x0a, 0x20, 0x20, 0x20, 0x20, 0x20, 0x20, 0x74, 0x6d, 0x70, 0x76, 0x61, 0x72, 0x5f, 0x32, 0x36, // .      tmpvar_26
	0x20, 0x3d, 0x20, 0x74, 0x6d, 0x70, 0x76, 0x61, 0x72, 0x5f, 0x31, 0x32, 0x3b, 0x0a, 0x20, 0x20, //  = tmpvar_12;.
	0x20, 0x20, 0x7d, 0x20, 0x65, 0x6c, 0x73, 0x65, 0x20, 0x7b, 0x0a, 0x20, 0x20, 0x20, 0x20, 0x20, //   } else {.
	0x20, 0x74, 0x6d, 0x70, 0x76, 0x61, 0x72, 0x5f, 0x32, 0x36, 0x20, 0x3d, 0x20, 0x28, 0x76, 0x61, //  tmpvar_26 = (va
	0x6c, 0x75, 0x65, 0x5f, 0x32, 0x35, 0x20, 0x2a, 0x20, 0x69, 0x6e, 0x76, 0x65, 0x72, 0x73, 0x65, // lue_25 * inverse
	0x73, 0x71, 0x72, 0x74, 0x28, 0x74, 0x6d, 0x70, 0x76, 0x61, 0x72, 0x5f, 0x32, 0x37, 0x29, 0x29, // sqrt(tmpvar_27))
	0x3b, 0x0a, 0x20, 0x20, 0x20, 0x20, 0x7d, 0x3b, 0x0a, 0x20, 0x20, 0x20, 0x20, 0x68, 0x69, 0x67, // ;.    };.    hig
	0x68, 0x70, 0x20, 0x66, 0x6c, 0x6f, 0x61, 0x74, 0x20, 0x74, 0x6d, 0x70, 0x76, 0x61, 0x72, 0x5f, // hp float tmpvar_
	0x32, 0x38, 0x3b, 0x0a, 0x20, 0x20, 0x20, 0x20, 0x74, 0x6d, 0x70, 0x76, 0x61, 0x72, 0x5f, 0x32, // 28;.    tmpvar_2
	0x38, 0x20, 0x3d, 0x20, 0x63, 0x6c, 0x61, 0x6d, 0x70, 0x20, 0x28, 0x64, 0x6f, 0x74, 0x20, 0x28, // 8 = clamp (dot (
	0x74, 0x6d, 0x70, 0x76, 0x61, 0x72, 0x5f, 0x31, 0x32, 0x2c, 0x20, 0x74, 0x6d, 0x70, 0x76, 0x61, // tmpvar_12, tmpva
	0x72, 0x5f, 0x32, 0x33, 0x29, 0x2c, 0x20, 0x30, 0x2e, 0x30, 0x2c, 0x20, 0x31, 0x2e, 0x30, 0x29, // r_23), 0.0, 1.0)
	0x3b, 0x0a, 0x20, 0x20, 0x20, 0x20, 0x68, 0x69, 0x67, 0x68, 0x70, 0x20, 0x66, 0x6c, 0x6f, 0x61, // ;.    highp floa
	0x74, 0x20, 0x74, 0x6d, 0x70, 0x76, 0x61, 0x72, 0x5f, 0x32, 0x39, 0x3b, 0x0a, 0x20, 0x20, 0x20, // t tmpvar_29;.
	0x20, 0x74, 0x6d, 0x70, 0x76, 0x61, 0x72, 0x5f, 0x32, 0x39, 0x20, 0x3d, 0x20, 0x6d, 0x61, 0x78, //  tmpvar_29 = max
	0x20, 0x28, 0x63, 0x6c, 0x61, 0x6d, 0x70, 0x20, 0x28, 0x64, 0x6f, 0x74, 0x20, 0x28, 0x74, 0x6d, //  (clamp (dot (tm
	0x70, 0x76, 0x61, 0x72, 0x5f, 0x31, 0x32, 0x2c, 0x20, 0x74, 0x6d, 0x70, 0x76, 0x61, 0x72, 0x5f, // pvar_12, tmpvar_
	0x31, 0x34, 0x29, 0x2c, 0x20, 0x30, 0x2e, 0x30, 0x2c, 0x20, 0x31, 0x2e, 0x30, 0x29, 0x2c, 0x20, // 14), 0.0, 1.0),
	0x31, 0x65, 0x2d, 0x30, 0x36, 0x29, 0x3b, 0x0a, 0x20, 0x20, 0x20, 0x20, 0x68, 0x69, 0x67, 0x68, // 1e-06);.    high
	0x70, 0x20, 0x66, 0x6c, 0x6f, 0x61, 0x74, 0x20, 0x74, 0x6d, 0x70, 0x76, 0x61, 0x72, 0x5f, 0x33, // p float tmpvar_3
	0x30, 0x3b, 0x0a, 0x20, 0x20, 0x20, 0x20, 0x74, 0x6d, 0x70, 0x76, 0x61, 0x72, 0x5f, 0x33, 0x30, // 0;.    tmpvar_30
	0x20, 0x3d, 0x20, 0x63, 0x6c, 0x61, 0x6d, 0x70, 0x20, 0x28, 0x64, 0x6f, 0x74, 0x20, 0x28, 0x74, //  = clamp (dot (t
	0x6d, 0x70, 0x76, 0x61, 0x72, 0x5f, 0x31, 0x32, 0x2c, 0x20, 0x74, 0x6d, 0x70, 0x76, 0x61, 0x72, // mpvar_12, tmpvar
	0x5f, 0x32, 0x36, 0x29, 0x2c, 0x20, 0x30, 0x2e, 0x30, 0x2c, 0x20, 0x31, 0x2e, 0x30, 0x29, 0x3b, // _26), 0.0, 1.0);
	0x0a, 0x20, 0x20, 0x20, 0x20, 0x68, 0x69, 0x67, 0x68, 0x70, 0x20, 0x66, 0x6c, 0x6f, 0x61, 0x74, // .    highp float
	0x20, 0x74, 0x6d, 0x70, 0x76, 0x61, 0x72, 0x5f, 0x33, 0x31, 0x3b, 0x0a, 0x20, 0x20, 0x20, 0x20, //  tmpvar_31;.
	0x74, 0x6d, 0x70, 0x76, 0x61, 0x72, 0x5f, 0x33, 0x31, 0x20, 0x3d, 0x20, 0x63, 0x6c, 0x61, 0x6d, // tmpvar_31 = clam
	0x70, 0x20, 0x28, 0x64, 0x6f, 0x74, 0x20, 0x28, 0x74, 0x6d, 0x70, 0x76, 0x61, 0x72, 0x5f, 0x32, // p (dot (tmpvar_2
	0x36, 0x2c, 0x20, 0x74, 0x6d, 0x70, 0x76, 0x61, 0x72, 0x5f, 0x31, 0x34, 0x29, 0x2c, 0x20, 0x30, // 6, tmpvar_14), 0
	0x2e, 0x30, 0x2c, 0x20, 0x31, 0x2e, 0x30, 0x29, 0x3b, 0x0a, 0x20, 0x20, 0x20, 0x20, 0x68, 0x69, // .0, 1.0);.    hi
	0x67, 0x68, 0x70, 0x20, 0x76, 0x65, 0x63, 0x33, 0x20, 0x74, 0x6d, 0x70, 0x76, 0x61, 0x72, 0x5f, // ghp vec3 tmpvar_
	0x33, 0x32, 0x3b, 0x0a, 0x20, 0x20, 0x20, 0x20, 0x74, 0x6d, 0x70, 0x76, 0x61, 0x72, 0x5f, 0x33, // 32;.    tmpvar_3
	0x32, 0x20, 0x3d, 0x20, 0x28, 0x74, 0x6d, 0x70, 0x76, 0x61, 0x72, 0x5f, 0x32, 0x30, 0x20, 0x2b, // 2 = (tmpvar_20 +
	0x20, 0x28, 0x28, 0x76, 0x65, 0x63, 0x33, 0x28, 0x74, 0x6d, 0x70, 0x76, 0x61, 0x72, 0x5f, 0x31, //  ((vec3(tmpvar_1
	0x39, 0x29, 0x20, 0x2d, 0x20, 0x74, 0x6d, 0x70, 0x76, 0x61, 0x72, 0x5f, 0x32, 0x30, 0x29, 0x20, // 9) - tmpvar_20)
	0x2a, 0x20, 0x70, 0x6f, 0x77, 0x20, 0x28, 0x0a, 0x20, 0x20, 0x20, 0x20, 0x20, 0x20, 0x28, 0x31, // * pow (.      (1
	0x2e, 0x30, 0x20, 0x2d, 0x20, 0x74, 0x6d, 0x70, 0x76, 0x61, 0x72, 0x5f, 0x33, 0x31, 0x29, 0x0a, // .0 - tmpvar_31).
	0x20, 0x20, 0x20, 0x20, 0x2c, 0x20, 0x35, 0x2e, 0x30, 0x29, 0x29, 0x29, 0x3b, 0x0a, 0x20, 0x20, //     , 5.0)));.
	0x20, 0x20, 0x66, 0x6c, 0x6f, 0x61, 0x74, 0x20, 0x74, 0x6d, 0x70, 0x76, 0x61, 0x72, 0x5f, 0x33, //   float tmpvar_3
	0x33, 0x3b, 0x0a, 0x20, 0x20, 0x20, 0x20, 0x74, 0x6d, 0x70, 0x76, 0x61, 0x72, 0x5f, 0x33, 0x33, // 3;.    tmpvar_33
	0x20, 0x3d, 0x20, 0x28, 0x74, 0x6d, 0x70, 0x76, 0x61, 0x72, 0x5f, 0x31, 0x37, 0x20, 0x2a, 0x20, //  = (tmpvar_17 *
	0x74, 0x6d, 0x70, 0x76, 0x61, 0x72, 0x5f, 0x31, 0x37, 0x29, 0x3b, 0x0a, 0x20, 0x20, 0x20, 0x20, // tmpvar_17);.
	0x66, 0x6c, 0x6f, 0x61, 0x74, 0x20, 0x74, 0x6d, 0x70, 0x76, 0x61, 0x72, 0x5f, 0x33, 0x34, 0x3b, // float tmpvar_34;
	0x0a, 0x20, 0x20, 0x20, 0x20, 0x74, 0x6d, 0x70, 0x76, 0x61, 0x72, 0x5f, 0x33, 0x34, 0x20, 0x3d, // .    tmpvar_34 =
	0x20, 0x28, 0x74, 0x6d, 0x70, 0x76, 0x61, 0x72, 0x5f, 0x33, 0x33, 0x20, 0x2a, 0x20, 0x74, 0x6d, //  (tmpvar_33 * tm
	0x70, 0x76, 0x61, 0x72, 0x5f, 0x33, 0x33, 0x29, 0x3b, 0x0a, 0x20, 0x20, 0x20, 0x20, 0x68, 0x69, // pvar_33);.    hi
	0x67, 0x68, 0x70, 0x20, 0x66, 0x6c, 0x6f, 0x61, 0x74, 0x20, 0x74, 0x6d, 0x70, 0x76, 0x61, 0x72, // ghp float tmpvar
	0x5f, 0x33, 0x35, 0x3b, 0x0a, 0x20, 0x20, 0x20, 0x20, 0x74, 0x6d, 0x70, 0x76, 0x61, 0x72, 0x5f, // _35;.    tmpvar_
	0x33, 0x35, 0x20, 0x3d, 0x20, 0x28, 0x28, 0x28, 0x74, 0x6d, 0x70, 0x76, 0x61, 0x72, 0x5f, 0x33, // 35 = (((tmpvar_3
	0x30, 0x20, 0x2a, 0x20, 0x74, 0x6d, 0x70, 0x76, 0x61, 0x72, 0x5f, 0x33, 0x30, 0x29, 0x20, 0x2a, // 0 * tmpvar_30) *
	0x20, 0x28, 0x74, 0x6d, 0x70, 0x76, 0x61, 0x72, 0x5f, 0x33, 0x34, 0x20, 0x2d, 0x20, 0x31, 0x2e, //  (tmpvar_34 - 1.
	0x30, 0x29, 0x29, 0x20, 0x2b, 0x20, 0x31, 0x2e, 0x30, 0x29, 0x3b, 0x0a, 0x20, 0x20, 0x20, 0x20, // 0)) + 1.0);.
	0x66, 0x6c, 0x6f, 0x61, 0x74, 0x20, 0x74, 0x6d, 0x70, 0x76, 0x61, 0x72, 0x5f, 0x33, 0x36, 0x3b, // float tmpvar_36;
	0x0a, 0x20, 0x20, 0x20, 0x20, 0x74, 0x6d, 0x70, 0x76, 0x61, 0x72, 0x5f, 0x33, 0x36, 0x20, 0x3d, // .    tmpvar_36 =
	0x20, 0x28, 0x74, 0x6d, 0x70, 0x76, 0x61, 0x72, 0x5f, 0x31, 0x37, 0x20, 0x2b, 0x20, 0x31, 0x2e, //  (tmpvar_17 + 1.
	0x30, 0x29, 0x3b, 0x0a, 0x20, 0x20, 0x20, 0x20, 0x66, 0x6c, 0x6f, 0x61, 0x74, 0x20, 0x74, 0x6d, // 0);.    float tm
	0x70, 0x76, 0x61, 0x72, 0x5f, 0x33, 0x37, 0x3b, 0x0a, 0x20, 0x20, 0x20, 0x20, 0x74, 0x6d, 0x70, // pvar_37;.    tmp
	0x76, 0x61, 0x72, 0x5f, 0x33, 0x37, 0x20, 0x3d, 0x20, 0x28, 0x28, 0x74, 0x6d, 0x70, 0x76, 0x61, // var_37 = ((tmpva
	0x72, 0x5f, 0x33, 0x36, 0x20, 0x2a, 0x20, 0x74, 0x6d, 0x70, 0x76, 0x61, 0x72, 0x5f, 0x33, 0x36, // r_36 * tmpvar_36
	0x29, 0x20, 0x2f, 0x20, 0x38, 0x2e, 0x30, 0x29, 0x3b, 0x0a, 0x20, 0x20, 0x20, 0x20, 0x66, 0x6c, // ) / 8.0);.    fl
	0x6f, 0x61, 0x74, 0x20, 0x74, 0x6d, 0x70, 0x76, 0x61, 0x72, 0x5f, 0x33, 0x38, 0x3b, 0x0a, 0x20, // oat tmpvar_38;.
	0x20, 0x20, 0x20, 0x74, 0x6d, 0x70, 0x76, 0x61, 0x72, 0x5f, 0x33, 0x38, 0x20, 0x3d, 0x20, 0x28, //    tmpvar_38 = (
	0x74, 0x6d, 0x70, 0x76, 0x61, 0x72, 0x5f, 0x31, 0x37, 0x20, 0x2b, 0x20, 0x31, 0x2e, 0x30, 0x29, // tmpvar_17 + 1.0)
	0x3b, 0x0a, 0x20, 0x20, 0x20, 0x20, 0x66, 0x6c, 0x6f, 0x61, 0x74, 0x20, 0x74, 0x6d, 0x70, 0x76, // ;.    float tmpv
	0x61, 0x72, 0x5f, 0x33, 0x39, 0x3b, 0x0a, 0x20, 0x20, 0x20, 0x20, 0x74, 0x6d, 0x70, 0x76, 0x61, // ar_39;.    tmpva
	0x72, 0x5f, 0x33, 0x39, 0x20, 0x3d, 0x20, 0x28, 0x28, 0x74, 0x6d, 0x70, 0x76, 0x61, 0x72, 0x5f, // r_39 = ((tmpvar_
	0x33, 0x38, 0x20, 0x2a, 0x20, 0x74, 0x6d, 0x70, 0x76, 0x61, 0x72, 0x5f, 0x33, 0x38, 0x29, 0x20, // 38 * tmpvar_38)
	0x2f, 0x20, 0x38, 0x2e, 0x30, 0x29, 0x3b, 0x0a, 0x20, 0x20, 0x20, 0x20, 0x74, 0x6d, 0x70, 0x76, // / 8.0);.    tmpv
	0x61, 0x72, 0x5f, 0x32, 0x34, 0x20, 0x3d, 0x20, 0x28, 0x28, 0x28, 0x0a, 0x20, 0x20, 0x20, 0x20, // ar_24 = (((.
	0x20, 0x20, 0x28, 0x28, 0x28, 0x76, 0x65, 0x63, 0x33, 0x28, 0x28, 0x31, 0x2e, 0x30, 0x20, 0x2d, //   (((vec3((1.0 -
	0x20, 0x0a, 0x20, 0x20, 0x20, 0x20, 0x20, 0x20, 0x20, 0x20, 0x6d, 0x61, 0x78, 0x20, 0x28, 0x74, //  .        max (t
	0x6d, 0x70, 0x76, 0x61, 0x72, 0x5f, 0x33, 0x32, 0x2e, 0x78, 0x2c, 0x20, 0x6d, 0x61, 0x78, 0x20, // mpvar_32.x, max
	0x28, 0x74, 0x6d, 0x70, 0x76, 0x61, 0x72, 0x5f, 0x33, 0x32, 0x2e, 0x79, 0x2c, 0x20, 0x74, 0x6d, // (tmpvar_32.y, tm
	0x70, 0x76, 0x61, 0x72, 0x5f, 0x33, 0x32, 0x2e, 0x7a, 0x29, 0x29, 0x0a, 0x20, 0x20, 0x20, 0x20, // pvar_32.z)).
	0x20, 0x20, 0x29, 0x29, 0x20, 0x2a, 0x20, 0x28, 0x31, 0x2e, 0x30, 0x20, 0x2d, 0x20, 0x74, 0x6d, //   )) * (1.0 - tm
	0x70, 0x76, 0x61, 0x72, 0x5f, 0x31, 0x36, 0x29, 0x29, 0x20, 0x2a, 0x20, 0x74, 0x6d, 0x70, 0x76, // pvar_16)) * tmpv
	0x61, 0x72, 0x5f, 0x31, 0x31, 0x2e, 0x78, 0x79, 0x7a, 0x29, 0x20, 0x2f, 0x20, 0x33, 0x2e, 0x31, // ar_11.xyz) / 3.1
	0x34, 0x31, 0x35, 0x39, 0x33, 0x29, 0x0a, 0x20, 0x20, 0x20, 0x20, 0x20, 0x2b, 0x20, 0x0a, 0x20, // 41593).     + .
	0x20, 0x20, 0x20, 0x20, 0x20, 0x28, 0x28, 0x28, 0x28, 0x74, 0x6d, 0x70, 0x76, 0x61, 0x72, 0x5f, //      ((((tmpvar_
	0x33, 0x34, 0x20, 0x2f, 0x20, 0x0a, 0x20, 0x20, 0x20, 0x20, 0x20, 0x20, 0x20, 0x20, 0x6d, 0x61, // 34 / .        ma
	0x78, 0x20, 0x28, 0x28, 0x28, 0x33, 0x2e, 0x31, 0x34, 0x31, 0x35, 0x39, 0x33, 0x20, 0x2a, 0x20, // x (((3.141593 *
	0x74, 0x6d, 0x70, 0x76, 0x61, 0x72, 0x5f, 0x33, 0x35, 0x29, 0x20, 0x2a, 0x20, 0x74, 0x6d, 0x70, // tmpvar_35) * tmp
	0x76, 0x61, 0x72, 0x5f, 0x33, 0x35, 0x29, 0x2c, 0x20, 0x31, 0x65, 0x2d, 0x30, 0x36, 0x29, 0x0a, // var_35), 1e-06).
	0x20, 0x20, 0x20, 0x20, 0x20, 0x20, 0x29, 0x20, 0x2a, 0x20, 0x28, 0x0a, 0x20, 0x20, 0x20, 0x20, //       ) * (.
	0x20, 0x20, 0x20, 0x20, 0x28, 0x74, 0x6d, 0x70, 0x76, 0x61, 0x72, 0x5f, 0x32, 0x39, 0x20, 0x2f, //     (tmpvar_29 /
	0x20, 0x6d, 0x61, 0x78, 0x20, 0x28, 0x28, 0x28, 0x74, 0x6d, 0x70, 0x76, 0x61, 0x72, 0x5f, 0x32, //  max (((tmpvar_2
	0x39, 0x20, 0x2a, 0x20, 0x0a, 0x20, 0x20, 0x20, 0x20, 0x20, 0x20, 0x20, 0x20, 0x20, 0x20, 0x28, // 9 * .          (
	0x31, 0x2e, 0x30, 0x20, 0x2d, 0x20, 0x74, 0x6d, 0x70, 0x76, 0x61, 0x72, 0x5f, 0x33, 0x37, 0x29, // 1.0 - tmpvar_37)
	0x0a, 0x20, 0x20, 0x20, 0x20, 0x20, 0x20, 0x20, 0x20, 0x29, 0x20, 0x2b, 0x20, 0x74, 0x6d, 0x70, // .        ) + tmp
	0x76, 0x61, 0x72, 0x5f, 0x33, 0x37, 0x29, 0x2c, 0x20, 0x31, 0x65, 0x2d, 0x30, 0x36, 0x29, 0x29, // var_37), 1e-06))
	0x0a, 0x20, 0x20, 0x20, 0x20, 0x20, 0x20, 0x20, 0x2a, 0x20, 0x0a, 0x20, 0x20, 0x20, 0x20, 0x20, // .       * .
	0x20, 0x20, 0x20, 0x28, 0x74, 0x6d, 0x70, 0x76, 0x61, 0x72, 0x5f, 0x32, 0x38, 0x20, 0x2f, 0x20, //    (tmpvar_28 /
	0x6d, 0x61, 0x78, 0x20, 0x28, 0x28, 0x28, 0x74, 0x6d, 0x70, 0x76, 0x61, 0x72, 0x5f, 0x32, 0x38, // max (((tmpvar_28
	0x20, 0x2a, 0x20, 0x0a, 0x20, 0x20, 0x20, 0x20, 0x20, 0x20, 0x20, 0x20, 0x20, 0x20, 0x28, 0x31, //  * .          (1
	0x2e, 0x30, 0x20, 0x2d, 0x20, 0x74, 0x6d, 0x70, 0x76, 0x61, 0x72, 0x5f, 0x33, 0x39, 0x29, 0x0a, // .0 - tmpvar_39).
	0x20, 0x20, 0x20, 0x20, 0x20, 0x20, 0x20, 0x20, 0x29, 0x20, 0x2b, 0x20, 0x74, 0x6d, 0x70, 0x76, //         ) + tmpv
	0x61, 0x72, 0x5f, 0x33, 0x39, 0x29, 0x2c, 0x20, 0x31, 0x65, 0x2d, 0x30, 0x36, 0x29, 0x29, 0x0a, // ar_39), 1e-06)).
	0x20, 0x20, 0x20, 0x20, 0x20, 0x20, 0x29, 0x29, 0x20, 0x2a, 0x20, 0x6d, 0x69, 0x78, 0x20, 0x28, //       )) * mix (
	0x74, 0x6d, 0x70, 0x76, 0x61, 0x72, 0x5f, 0x33, 0x32, 0x2c, 0x20, 0x28, 0x74, 0x6d, 0x70, 0x76, // tmpvar_32, (tmpv
	0x61, 0x72, 0x5f, 0x31, 0x31, 0x2e, 0x78, 0x79, 0x7a, 0x20, 0x2b, 0x20, 0x0a, 0x20, 0x20, 0x20, // ar_11.xyz + .
	0x20, 0x20, 0x20, 0x20, 0x20, 0x28, 0x28, 0x76, 0x65, 0x63, 0x33, 0x28, 0x31, 0x2e, 0x30, 0x2c, //      ((vec3(1.0,
	0x20, 0x31, 0x2e, 0x30, 0x2c, 0x20, 0x31, 0x2e, 0x30, 0x29, 0x20, 0x2d, 0x20, 0x74, 0x6d, 0x70, //  1.0, 1.0) - tmp
	0x76, 0x61, 0x72, 0x5f, 0x31, 0x31, 0x2e, 0x78, 0x79, 0x7a, 0x29, 0x20, 0x2a, 0x20, 0x70, 0x6f, // var_11.xyz) * po
	0x77, 0x20, 0x28, 0x28, 0x31, 0x2e, 0x30, 0x20, 0x2d, 0x20, 0x74, 0x6d, 0x70, 0x76, 0x61, 0x72, // w ((1.0 - tmpvar
	0x5f, 0x33, 0x31, 0x29, 0x2c, 0x20, 0x35, 0x2e, 0x30, 0x29, 0x29, 0x0a, 0x20, 0x20, 0x20, 0x20, // _31), 5.0)).
	0x20, 0x20, 0x29, 0x2c, 0x20, 0x74, 0x6d, 0x70, 0x76, 0x61, 0x72, 0x5f, 0x31, 0x36, 0x29, 0x29, //   ), tmpvar_16))
	0x20, 0x2f, 0x20, 0x6d, 0x61, 0x78, 0x20, 0x28, 0x28, 0x28, 0x34, 0x2e, 0x30, 0x20, 0x2a, 0x20, //  / max (((4.0 *
	0x74, 0x6d, 0x70, 0x76, 0x61, 0x72, 0x5f, 0x32, 0x39, 0x29, 0x20, 0x2a, 0x20, 0x74, 0x6d, 0x70, // tmpvar_29) * tmp
	0x76, 0x61, 0x72, 0x5f, 0x32, 0x38, 0x29, 0x2c, 0x20, 0x31, 0x65, 0x2d, 0x30, 0x36, 0x29, 0x29, // var_28), 1e-06))
	0x0a, 0x20, 0x20, 0x20, 0x20, 0x29, 0x20, 0x2a, 0x20, 0x74, 0x6d, 0x70, 0x76, 0x61, 0x72, 0x5f, // .    ) * tmpvar_
	0x32, 0x38, 0x29, 0x20, 0x2a, 0x20, 0x75, 0x5f, 0x64, 0x69, 0x72, 0x65, 0x63, 0x74, 0x69, 0x6f, // 28) * u_directio
	0x6e, 0x61, 0x6c, 0x4c, 0x69, 0x67, 0x68, 0x74, 0x43, 0x6f, 0x6c, 0x6f, 0x72, 0x2e, 0x78, 0x79, // nalLightColor.xy
	0x7a, 0x29, 0x3b, 0x0a, 0x20, 0x20, 0x20, 0x20, 0x68, 0x69, 0x67, 0x68, 0x70, 0x20, 0x66, 0x6c, // z);.    highp fl
	0x6f, 0x61, 0x74, 0x20, 0x74, 0x6d, 0x70, 0x76, 0x61, 0x72, 0x5f, 0x34, 0x30, 0x3b, 0x0a, 0x20, // oat tmpvar_40;.
	0x20, 0x20, 0x20, 0x66, 0x6c, 0x6f, 0x61, 0x74, 0x20, 0x76, 0x69, 0x73, 0x69, 0x62, 0x69, 0x6c, //    float visibil
	0x69, 0x74, 0x79, 0x5f, 0x34, 0x31, 0x3b, 0x0a, 0x20, 0x20, 0x20, 0x20, 0x69, 0x66, 0x20, 0x28, // ity_41;.    if (
	0x28, 0x75, 0x5f, 0x73, 0x68, 0x61, 0x64, 0x6f, 0x77, 0x50, 0x61, 0x72, 0x61, 0x6d, 0x73, 0x2e, // (u_shadowParams.
	0x77, 0x20, 0x3c, 0x20, 0x30, 0x2e, 0x35, 0x29, 0x29, 0x20, 0x7b, 0x0a, 0x20, 0x20, 0x20, 0x20, // w < 0.5)) {.
	0x20, 0x20, 0x74, 0x6d, 0x70, 0x76, 0x61, 0x72, 0x5f, 0x34, 0x30, 0x20, 0x3d, 0x20, 0x31, 0x2e, //   tmpvar_40 = 1.
	0x30, 0x3b, 0x0a, 0x20, 0x20, 0x20, 0x20, 0x7d, 0x20, 0x65, 0x6c, 0x73, 0x65, 0x20, 0x7b, 0x0a, // 0;.    } else {.
	0x20, 0x20, 0x20, 0x20, 0x20, 0x20, 0x76, 0x65, 0x63, 0x33, 0x20, 0x74, 0x6d, 0x70, 0x76, 0x61, //       vec3 tmpva
	0x72, 0x5f, 0x34, 0x32, 0x3b, 0x0a, 0x20, 0x20, 0x20, 0x20, 0x20, 0x20, 0x74, 0x6d, 0x70, 0x76, // r_42;.      tmpv
	0x61, 0x72, 0x5f, 0x34, 0x32, 0x20, 0x3d, 0x20, 0x28, 0x76, 0x5f, 0x73, 0x68, 0x61, 0x64, 0x6f, // ar_42 = (v_shado
	0x77, 0x43, 0x6f, 0x6f, 0x72, 0x64, 0x2e, 0x78, 0x79, 0x7a, 0x20, 0x2f, 0x20, 0x6d, 0x61, 0x78, // wCoord.xyz / max
	0x20, 0x28, 0x76, 0x5f, 0x73, 0x68, 0x61, 0x64, 0x6f, 0x77, 0x43, 0x6f, 0x6f, 0x72, 0x64, 0x2e, //  (v_shadowCoord.
	0x77, 0x2c, 0x20, 0x31, 0x65, 0x2d, 0x30, 0x36, 0x29, 0x29, 0x3b, 0x0a, 0x20, 0x20, 0x20, 0x20, // w, 1e-06));.
	0x20, 0x20, 0x69, 0x66, 0x20, 0x28, 0x28, 0x28, 0x28, 0x0a, 0x20, 0x20, 0x20, 0x20, 0x20, 0x20, //   if ((((.
	0x20, 0x20, 0x28, 0x28, 0x28, 0x74, 0x6d, 0x70, 0x76, 0x61, 0x72, 0x5f, 0x34, 0x32, 0x2e, 0x78, //   (((tmpvar_42.x
	0x20, 0x3c, 0x3d, 0x20, 0x30, 0x2e, 0x30, 0x29, 0x20, 0x7c, 0x7c, 0x20, 0x28, 0x74, 0x6d, 0x70, //  <= 0.0) || (tmp
	0x76, 0x61, 0x72, 0x5f, 0x34, 0x32, 0x2e, 0x78, 0x20, 0x3e, 0x3d, 0x20, 0x31, 0x2e, 0x30, 0x29, // var_42.x >= 1.0)
	0x29, 0x20, 0x7c, 0x7c, 0x20, 0x28, 0x74, 0x6d, 0x70, 0x76, 0x61, 0x72, 0x5f, 0x34, 0x32, 0x2e, // ) || (tmpvar_42.
	0x79, 0x20, 0x3c, 0x3d, 0x20, 0x30, 0x2e, 0x30, 0x29, 0x29, 0x0a, 0x20, 0x20, 0x20, 0x20, 0x20, // y <= 0.0)).
	0x20, 0x20, 0x7c, 0x7c, 0x20, 0x0a, 0x20, 0x20, 0x20, 0x20, 0x20, 0x20, 0x20, 0x20, 0x28, 0x74, //   || .        (t
	0x6d, 0x70, 0x76, 0x61, 0x72, 0x5f, 0x34, 0x32, 0x2e, 0x79, 0x20, 0x3e, 0x3d, 0x20, 0x31, 0x2e, // mpvar_42.y >= 1.
	0x30, 0x29, 0x0a, 0x20, 0x20, 0x20, 0x20, 0x20, 0x20, 0x29, 0x20, 0x7c, 0x7c, 0x20, 0x28, 0x74, // 0).      ) || (t
	0x6d, 0x70, 0x76, 0x61, 0x72, 0x5f, 0x34, 0x32, 0x2e, 0x7a, 0x20, 0x3c, 0x3d, 0x20, 0x30, 0x2e, // mpvar_42.z <= 0.
	0x30, 0x29, 0x29, 0x20, 0x7c, 0x7c, 0x20, 0x28, 0x74, 0x6d, 0x70, 0x76, 0x61, 0x72, 0x5f, 0x34, // 0)) || (tmpvar_4
	0x32, 0x2e, 0x7a, 0x20, 0x3e, 0x3d, 0x20, 0x31, 0x2e, 0x30, 0x29, 0x29, 0x29, 0x20, 0x7b, 0x0a, // 2.z >= 1.0))) {.
	0x20, 0x20, 0x20, 0x20, 0x20, 0x20, 0x20, 0x20, 0x74, 0x6d, 0x70, 0x76, 0x61, 0x72, 0x5f, 0x34, //         tmpvar_4
	0x30, 0x20, 0x3d, 0x20, 0x31, 0x2e, 0x30, 0x3b, 0x0a, 0x20, 0x20, 0x20, 0x20, 0x20, 0x20, 0x7d, // 0 = 1.0;.      }
	0x20, 0x65, 0x6c, 0x73, 0x65, 0x20, 0x7b, 0x0a, 0x20, 0x20, 0x20, 0x20, 0x20, 0x20, 0x20, 0x20, //  else {.
	0x68, 0x69, 0x67, 0x68, 0x70, 0x20, 0x66, 0x6c, 0x6f, 0x61, 0x74, 0x20, 0x74, 0x6d, 0x70, 0x76, // highp float tmpv
	0x61, 0x72, 0x5f, 0x34, 0x33, 0x3b, 0x0a, 0x20, 0x20, 0x20, 0x20, 0x20, 0x20, 0x20, 0x20, 0x74, // ar_43;.        t
	0x6d, 0x70, 0x76, 0x61, 0x72, 0x5f, 0x34, 0x33, 0x20, 0x3d, 0x20, 0x28, 0x28, 0x74, 0x6d, 0x70, // mpvar_43 = ((tmp
	0x76, 0x61, 0x72, 0x5f, 0x34, 0x32, 0x2e, 0x7a, 0x20, 0x2d, 0x20, 0x75, 0x5f, 0x73, 0x68, 0x61, // var_42.z - u_sha
	0x64, 0x6f, 0x77, 0x50, 0x61, 0x72, 0x61, 0x6d, 0x73, 0x2e, 0x78, 0x29, 0x20, 0x2d, 0x20, 0x28, // dowParams.x) - (
	0x75, 0x5f, 0x73, 0x68, 0x61, 0x64, 0x6f, 0x77, 0x50, 0x61, 0x72, 0x61, 0x6d, 0x73, 0x2e, 0x79, // u_shadowParams.y
	0x20, 0x2a, 0x20, 0x28, 0x31, 0x2e, 0x30, 0x20, 0x2d, 0x20, 0x0a, 0x20, 0x20, 0x20, 0x20, 0x20, //  * (1.0 - .
	0x20, 0x20, 0x20, 0x20, 0x20, 0x63, 0x6c, 0x61, 0x6d, 0x70, 0x20, 0x28, 0x64, 0x6f, 0x74, 0x20, //      clamp (dot
	0x28, 0x74, 0x6d, 0x70, 0x76, 0x61, 0x72, 0x5f, 0x31, 0x32, 0x2c, 0x20, 0x74, 0x6d, 0x70, 0x76, // (tmpvar_12, tmpv
	0x61, 0x72, 0x5f, 0x32, 0x33, 0x29, 0x2c, 0x20, 0x30, 0x2e, 0x30, 0x2c, 0x20, 0x31, 0x2e, 0x30, // ar_23), 0.0, 1.0
	0x29, 0x0a, 0x20, 0x20, 0x20, 0x20, 0x20, 0x20, 0x20, 0x20, 0x29, 0x29, 0x29, 0x3b, 0x0a, 0x20, // ).        )));.
	0x20, 0x20, 0x20, 0x20, 0x20, 0x20, 0x20, 0x76, 0x69, 0x73, 0x69, 0x62, 0x69, 0x6c, 0x69, 0x74, //        visibilit
	0x79, 0x5f, 0x34, 0x31, 0x20, 0x3d, 0x20, 0x30, 0x2e, 0x30, 0x3b, 0x0a, 0x20, 0x20, 0x20, 0x20, // y_41 = 0.0;.
	0x20, 0x20, 0x20, 0x20, 0x6c, 0x6f, 0x77, 0x70, 0x20, 0x66, 0x6c, 0x6f, 0x61, 0x74, 0x20, 0x74, //     lowp float t
	0x6d, 0x70, 0x76, 0x61, 0x72, 0x5f, 0x34, 0x34, 0x3b, 0x0a, 0x20, 0x20, 0x20, 0x20, 0x20, 0x20, // mpvar_44;.
	0x20, 0x20, 0x74, 0x6d, 0x70, 0x76, 0x61, 0x72, 0x5f, 0x34, 0x34, 0x20, 0x3d, 0x20, 0x64, 0x6f, //   tmpvar_44 = do
	0x74, 0x20, 0x28, 0x74, 0x65, 0x78, 0x74, 0x75, 0x72, 0x65, 0x20, 0x28, 0x73, 0x5f, 0x73, 0x68, // t (texture (s_sh
	0x61, 0x64, 0x6f, 0x77, 0x4d, 0x61, 0x70, 0x2c, 0x20, 0x28, 0x74, 0x6d, 0x70, 0x76, 0x61, 0x72, // adowMap, (tmpvar
	0x5f, 0x34, 0x32, 0x2e, 0x78, 0x79, 0x20, 0x2b, 0x20, 0x28, 0x76, 0x65, 0x63, 0x32, 0x28, 0x2d, // _42.xy + (vec2(-
	0x31, 0x2e, 0x35, 0x2c, 0x20, 0x2d, 0x31, 0x2e, 0x35, 0x29, 0x20, 0x2a, 0x20, 0x75, 0x5f, 0x73, // 1.5, -1.5) * u_s
	0x68, 0x61, 0x64, 0x6f, 0x77, 0x50, 0x61, 0x72, 0x61, 0x6d, 0x73, 0x2e, 0x7a, 0x7a, 0x29, 0x29, // hadowParams.zz))
	0x29, 0x2c, 0x20, 0x76, 0x65, 0x63, 0x34, 0x28, 0x35, 0x2e, 0x39, 0x36, 0x30, 0x34, 0x36, 0x34, // ), vec4(5.960464
	0x65, 0x2d, 0x30, 0x38, 0x2c, 0x20, 0x31, 0x2e, 0x35, 0x32, 0x35, 0x38, 0x37, 0x39, 0x65, 0x2d, // e-08, 1.525879e-
	0x30, 0x35, 0x2c, 0x20, 0x30, 0x2e, 0x30, 0x30, 0x33, 0x39, 0x30, 0x36, 0x32, 0x35, 0x2c, 0x20, // 05, 0.00390625,
	0x31, 0x2e, 0x30, 0x29, 0x29, 0x3b, 0x0a, 0x20, 0x20, 0x20, 0x20, 0x20, 0x20, 0x20, 0x20, 0x66, // 1.0));.        f
	0x6c, 0x6f, 0x61, 0x74, 0x20, 0x74, 0x6d, 0x70, 0x76, 0x61, 0x72, 0x5f, 0x34, 0x35, 0x3b, 0x0a, // loat tmpvar_45;.
	0x20, 0x20, 0x20, 0x20, 0x20, 0x20, 0x20, 0x20, 0x69, 0x66, 0x20, 0x28, 0x28, 0x74, 0x6d, 0x70, //         if ((tmp
	0x76, 0x61, 0x72, 0x5f, 0x34, 0x33, 0x20, 0x3c, 0x3d, 0x20, 0x74, 0x6d, 0x70, 0x76, 0x61, 0x72, // var_43 <= tmpvar
	0x5f, 0x34, 0x34, 0x29, 0x29, 0x20, 0x7b, 0x0a, 0x20, 0x20, 0x20, 0x20, 0x20, 0x20, 0x20, 0x20, // _44)) {.
	0x20, 0x20, 0x74, 0x6d, 0x70, 0x76, 0x61, 0x72, 0x5f, 0x34, 0x35, 0x20, 0x3d, 0x20, 0x31, 0x2e, //   tmpvar_45 = 1.
	0x30, 0x3b, 0x0a, 0x20, 0x20, 0x20, 0x20, 0x20, 0x20, 0x20, 0x20, 0x7d, 0x20, 0x65, 0x6c, 0x73, // 0;.        } els
	0x65, 0x20, 0x7b, 0x0a, 0x20, 0x20, 0x20, 0x20, 0x20, 0x20, 0x20, 0x20, 0x20, 0x20, 0x74, 0x6d, // e {.          tm
	0x70, 0x76, 0x61, 0x72, 0x5f, 0x34, 0x35, 0x20, 0x3d, 0x20, 0x30, 0x2e, 0x30, 0x3b, 0x0a, 0x20, // pvar_45 = 0.0;.
	0x20, 0x20, 0x20, 0x20, 0x20, 0x20, 0x20, 0x7d, 0x3b, 0x0a, 0x20, 0x20, 0x20, 0x20, 0x20, 0x20, //        };.
	0x20, 0x20, 0x76, 0x69, 0x73, 0x69, 0x62, 0x69, 0x6c, 0x69, 0x74, 0x79, 0x5f, 0x34, 0x31, 0x20, //   visibility_41
	0x3d, 0x20, 0x74, 0x6d, 0x70, 0x76, 0x61, 0x72, 0x5f, 0x34, 0x35, 0x3b, 0x0a, 0x20, 0x20, 0x20, // = tmpvar_45;.
	0x20, 0x20, 0x20, 0x20, 0x20, 0x6c, 0x6f, 0x77, 0x70, 0x20, 0x66, 0x6c, 0x6f, 0x61, 0x74, 0x20, //      lowp float
	0x74, 0x6d, 0x70, 0x76, 0x61, 0x72, 0x5f, 0x34, 0x36, 0x3b, 0x0a, 0x20, 0x20, 0x20, 0x20, 0x20, // tmpvar_46;.
	0x20, 0x20, 0x20, 0x74, 0x6d, 0x70, 0x76, 0x61, 0x72, 0x5f, 0x34, 0x36, 0x20, 0x3d, 0x20, 0x64, //    tmpvar_46 = d
	0x6f, 0x74, 0x20, 0x28, 0x74, 0x65, 0x78, 0x74, 0x75, 0x72, 0x65, 0x20, 0x28, 0x73, 0x5f, 0x73, // ot (texture (s_s
	0x68, 0x61, 0x64, 0x6f, 0x77, 0x4d, 0x61, 0x70, 0x2c, 0x20, 0x28, 0x74, 0x6d, 0x70, 0x76, 0x61, // hadowMap, (tmpva
	0x72, 0x5f, 0x34, 0x32, 0x2e, 0x78, 0x79, 0x20, 0x2b, 0x20, 0x28, 0x76, 0x65, 0x63, 0x32, 0x28, // r_42.xy + (vec2(
	0x2d, 0x31, 0x2e, 0x35, 0x2c, 0x20, 0x2d, 0x30, 0x2e, 0x35, 0x29, 0x20, 0x2a, 0x20, 0x75, 0x5f, // -1.5, -0.5) * u_
	0x73, 0x68, 0x61, 0x64, 0x6f, 0x77, 0x50, 0x61, 0x72, 0x61, 0x6d, 0x73, 0x2e, 0x7a, 0x7a, 0x29, // shadowParams.zz)
	0x29, 0x29, 0x2c, 0x20, 0x76, 0x65, 0x63, 0x34, 0x28, 0x35, 0x2e, 0x39, 0x36, 0x30, 0x34, 0x36, // )), vec4(5.96046
	0x34, 0x65, 0x2d, 0x30, 0x38, 0x2c, 0x20, 0x31, 0x2e, 0x35, 0x32, 0x35, 0x38, 0x37, 0x39, 0x65, // 4e-08, 1.525879e
	0x2d, 0x30, 0x35, 0x2c, 0x20, 0x30, 0x2e, 0x30, 0x30, 0x33, 0x39, 0x30, 0x36, 0x32, 0x35, 0x2c, // -05, 0.00390625,
	0x20, 0x31, 0x2e, 0x30, 0x29, 0x29, 0x3b, 0x0a, 0x20, 0x20, 0x20, 0x20, 0x20, 0x20, 0x20, 0x20, //  1.0));.
	0x66, 0x6c, 0x6f, 0x61, 0x74, 0x20, 0x74, 0x6d, 0x70, 0x76, 0x61, 0x72, 0x5f, 0x34, 0x37, 0x3b, // float tmpvar_47;
	0x0a, 0x20, 0x20, 0x20, 0x20, 0x20, 0x20, 0x20, 0x20, 0x69, 0x66, 0x20, 0x28, 0x28, 0x74, 0x6d, // .        if ((tm
	0x70, 0x76, 0x61, 0x72, 0x5f, 0x34, 0x33, 0x20, 0x3c, 0x3d, 0x20, 0x74, 0x6d, 0x70, 0x76, 0x61, // pvar_43 <= tmpva
	0x72, 0x5f, 0x34, 0x36, 0x29, 0x29, 0x20, 0x7b, 0x0a, 0x20, 0x20, 0x20, 0x20, 0x20, 0x20, 0x20, // r_46)) {.
	0x20, 0x20, 0x20, 0x74, 0x6d, 0x70, 0x76, 0x61, 0x72, 0x5f, 0x34, 0x37, 0x20, 0x3d, 0x20, 0x31, //    tmpvar_47 = 1
	0x2e, 0x30, 0x3b, 0x0a, 0x20, 0x20, 0x20, 0x20, 0x20, 0x20, 0x20, 0x20, 0x7d, 0x20, 0x65, 0x6c, // .0;.        } el
	0x73, 0x65, 0x20, 0x7b, 0x0a, 0x20, 0x20, 0x20, 0x20, 0x20, 0x20, 0x20, 0x20, 0x20, 0x20, 0x74, // se {.          t
	0x6d, 0x70, 0x76, 0x61, 0x72, 0x5f, 0x34, 0x37, 0x20, 0x3d, 0x20, 0x30, 0x2e, 0x30, 0x3b, 0x0a, // mpvar_47 = 0.0;.
	0x20, 0x20, 0x20, 0x20, 0x20, 0x20, 0x20, 0x20, 0x7d, 0x3b, 0x0a, 0x20, 0x20, 0x20, 0x20, 0x20, //         };.
	0x20, 0x20, 0x20, 0x76, 0x69, 0x73, 0x69, 0x62, 0x69, 0x6c, 0x69, 0x74, 0x79, 0x5f, 0x34, 0x31, //    visibility_41
	0x20, 0x3d, 0x20, 0x28, 0x74, 0x6d, 0x70, 0x76, 0x61, 0x72, 0x5f, 0x34, 0x35, 0x20, 0x2b, 0x20, //  = (tmpvar_45 +
	0x28, 0x74, 0x6d, 0x70, 0x76, 0x61, 0x72, 0x5f, 0x34, 0x37, 0x20, 0x2a, 0x20, 0x33, 0x2e, 0x30, // (tmpvar_47 * 3.0
	0x29, 0x29, 0x3b, 0x0a, 0x20, 0x20, 0x20, 0x20, 0x20, 0x20, 0x20, 0x20, 0x6c, 0x6f, 0x77, 0x70, // ));.        lowp
	0x20, 0x66, 0x6c, 0x6f, 0x61, 0x74, 0x20, 0x74, 0x6d, 0x70, 0x76, 0x61, 0x72, 0x5f, 0x34, 0x38, //  float tmpvar_48
	0x3b, 0x0a, 0x20, 0x20, 0x20, 0x20, 0x20, 0x20, 0x20, 0x20, 0x74, 0x6d, 0x70, 0x76, 0x61, 0x72, // ;.        tmpvar
	0x5f, 0x34, 0x38, 0x20, 0x3d, 0x20, 0x64, 0x6f, 0x74, 0x20, 0x28, 0x74, 0x65, 0x78, 0x74, 0x75, // _48 = dot (textu
	0x72, 0x65, 0x20, 0x28, 0x73, 0x5f, 0x73, 0x68, 0x61, 0x64, 0x6f, 0x77, 0x4d, 0x61, 0x70, 0x2c, // re (s_shadowMap,
	0x20, 0x28, 0x74, 0x6d, 0x70, 0x76, 0x61, 0x72, 0x5f, 0x34, 0x32, 0x2e, 0x78, 0x79, 0x20, 0x2b, //  (tmpvar_42.xy +
	0x20, 0x28, 0x76, 0x65, 0x63, 0x32, 0x28, 0x2d, 0x31, 0x2e, 0x35, 0x2c, 0x20, 0x30, 0x2e, 0x35, //  (vec2(-1.5, 0.5
	0x29, 0x20, 0x2a, 0x20, 0x75, 0x5f, 0x73, 0x68, 0x61, 0x64, 0x6f, 0x77, 0x50, 0x61, 0x72, 0x61, // ) * u_shadowPara
	0x6d, 0x73, 0x2e, 0x7a, 0x7a, 0x29, 0x29, 0x29, 0x2c, 0x20, 0x76, 0x65, 0x63, 0x34, 0x28, 0x35, // ms.zz))), vec4(5
	0x2e, 0x39, 0x36, 0x30, 0x34, 0x36, 0x34, 0x65, 0x2d, 0x30, 0x38, 0x2c, 0x20, 0x31, 0x2e, 0x35, // .960464e-08, 1.5
	0x32, 0x35, 0x38, 0x37, 0x39, 0x65, 0x2d, 0x30, 0x35, 0x2c, 0x20, 0x30, 0x2e, 0x30, 0x30, 0x33, // 25879e-05, 0.003
	0x39, 0x30, 0x36, 0x32, 0x35, 0x2c, 0x20, 0x31, 0x2e, 0x30, 0x29, 0x29, 0x3b, 0x0a, 0x20, 0x20, // 90625, 1.0));.
	0x20, 0x20, 0x20, 0x20, 0x20, 0x20, 0x66, 0x6c, 0x6f, 0x61, 0x74, 0x20, 0x74, 0x6d, 0x70, 0x76, //       float tmpv
	0x61, 0x72, 0x5f, 0x34, 0x39, 0x3b, 0x0a, 0x20, 0x20, 0x20, 0x20, 0x20, 0x20, 0x20, 0x20, 0x69, // ar_49;.        i
	0x66, 0x20, 0x28, 0x28, 0x74, 0x6d, 0x70, 0x76, 0x61, 0x72, 0x5f, 0x34, 0x33, 0x20, 0x3c, 0x3d, // f ((tmpvar_43 <=
	0x20, 0x74, 0x6d, 0x70, 0x76, 0x61, 0x72, 0x5f, 0x34, 0x38, 0x29, 0x29, 0x20, 0x7b, 0x0a, 0x20, //  tmpvar_48)) {.
	0x20, 0x20, 0x20, 0x20, 0x20, 0x20, 0x20, 0x20, 0x20, 0x74, 0x6d, 0x70, 0x76, 0x61, 0x72, 0x5f, //          tmpvar_
	0x34, 0x39, 0x20, 0x3d, 0x20, 0x31, 0x2e, 0x30, 0x3b, 0x0a, 0x20, 0x20, 0x20, 0x20, 0x20, 0x20, // 49 = 1.0;.
	0x20, 0x20, 0x7d, 0x20, 0x65, 0x6c, 0x73, 0x65, 0x20, 0x7b, 0x0a, 0x20, 0x20, 0x20, 0x20, 0x20, //   } else {.
	0x20, 0x20, 0x20, 0x20, 0x20, 0x74, 0x6d, 0x70, 0x76, 0x61, 0x72, 0x5f, 0x34, 0x39, 0x20, 0x3d, //      tmpvar_49 =
	0x20, 0x30, 0x2e, 0x30, 0x3b, 0x0a, 0x20, 0x20, 0x20, 0x20, 0x20, 0x20, 0x20, 0x20, 0x7d, 0x3b, //  0.0;.        };
	0x0a, 0x20, 0x20, 0x20, 0x20, 0x20, 0x20, 0x20, 0x20, 0x76, 0x69, 0x73, 0x69, 0x62, 0x69, 0x6c, // .        visibil
	0x69, 0x74, 0x79, 0x5f, 0x34, 0x31, 0x20, 0x3d, 0x20, 0x28, 0x76, 0x69, 0x73, 0x69, 0x62, 0x69, // ity_41 = (visibi
	0x6c, 0x69, 0x74, 0x79, 0x5f, 0x34, 0x31, 0x20, 0x2b, 0x20, 0x28, 0x74, 0x6d, 0x70, 0x76, 0x61, // lity_41 + (tmpva
	0x72, 0x5f, 0x34, 0x39, 0x20, 0x2a, 0x20, 0x33, 0x2e, 0x30, 0x29, 0x29, 0x3b, 0x0a, 0x20, 0x20, // r_49 * 3.0));.
	0x20, 0x20, 0x20, 0x20, 0x20, 0x20, 0x6c, 0x6f, 0x77, 0x70, 0x20, 0x66, 0x6c, 0x6f, 0x61, 0x74, //       lowp float
	0x20, 0x74, 0x6d, 0x70, 0x76, 0x61, 0x72, 0x5f, 0x35, 0x30, 0x3b, 0x0a, 0x20, 0x20, 0x20, 0x20, //  tmpvar_50;.
	0x20, 0x20, 0x20, 0x20, 0x74, 0x6d, 0x70, 0x76, 0x61, 0x72, 0x5f, 0x35, 0x30, 0x20, 0x3d, 0x20, //     tmpvar_50 =
	0x64, 0x6f, 0x74, 0x20, 0x28, 0x74, 0x65, 0x78, 0x74, 0x75, 0x72, 0x65, 0x20, 0x28, 0x73, 0x5f, // dot (texture (s_
	0x73, 0x68, 0x61, 0x64, 0x6f, 0x77, 0x4d, 0x61, 0x70, 0x2c, 0x20, 0x28, 0x74, 0x6d, 0x70, 0x76, // shadowMap, (tmpv
	0x61, 0x72, 0x5f, 0x34, 0x32, 0x2e, 0x78, 0x79, 0x20, 0x2b, 0x20, 0x28, 0x76, 0x65, 0x63, 0x32, // ar_42.xy + (vec2
	0x28, 0x2d, 0x31, 0x2e, 0x35, 0x2c, 0x20, 0x31, 0x2e, 0x35, 0x29, 0x20, 0x2a, 0x20, 0x75, 0x5f, // (-1.5, 1.5) * u_
	0x73, 0x68, 0x61, 0x64, 0x6f, 0x77, 0x50, 0x61, 0x72, 0x61, 0x6d, 0x73, 0x2e, 0x7a, 0x7a, 0x29, // shadowParams.zz)
	0x29, 0x29, 0x2c, 0x20, 0x76, 0x65, 0x63, 0x34, 0x28, 0x35, 0x2e, 0x39, 0x36, 0x30, 0x34, 0x36, // )), vec4(5.96046
	0x34, 0x65, 0x2d, 0x30, 0x38, 0x2c, 0x20, 0x31, 0x2e, 0x35, 0x32, 0x35, 0x38, 0x37, 0x39, 0x65, // 4e-08, 1.525879e
	0x2d, 0x30, 0x35, 0x2c, 0x20, 0x30, 0x2e, 0x30, 0x30, 0x33, 0x39, 0x30, 0x36, 0x32, 0x35, 0x2c, // -05, 0.00390625,
	0x20, 0x31, 0x2e, 0x30, 0x29, 0x29, 0x3b, 0x0a, 0x20, 0x20, 0x20, 0x20, 0x20, 0x20, 0x20, 0x20, //  1.0));.
	0x66, 0x6c, 0x6f, 0x61, 0x74, 0x20, 0x74, 0x6d, 0x70, 0x76, 0x61, 0x72, 0x5f, 0x35, 0x31, 0x3b, // float tmpvar_51;
	0x0a, 0x20, 0x20, 0x20, 0x20, 0x20, 0x20, 0x20, 0x20, 0x69, 0x66, 0x20, 0x28, 0x28, 0x74, 0x6d, // .        if ((tm
	0x70, 0x76, 0x61, 0x72, 0x5f, 0x34, 0x33, 0x20, 0x3c, 0x3d, 0x20, 0x74, 0x6d, 0x70, 0x76, 0x61, // pvar_43 <= tmpva
	0x72, 0x5f, 0x35, 0x30, 0x29, 0x29, 0x20, 0x7b, 0x0a, 0x20, 0x20, 0x20, 0x20, 0x20, 0x20, 0x20, // r_50)) {.
	0x20, 0x20, 0x20, 0x74, 0x6d, 0x70, 0x76, 0x61, 0x72, 0x5f, 0x35, 0x31, 0x20, 0x3d, 0x20, 0x31, //    tmpvar_51 = 1
	0x2e, 0x30, 0x3b, 0x0a, 0x20, 0x20, 0x20, 0x20, 0x20, 0x20, 0x20, 0x20, 0x7d, 0x20, 0x65, 0x6c, // .0;.        } el
	0x73, 0x65, 0x20, 0x7b, 0x0a, 0x20, 0x20, 0x20, 0x20, 0x20, 0x20, 0x20, 0x20, 0x20, 0x20, 0x74, // se {.          t
	0x6d, 0x70, 0x76, 0x61, 0x72, 0x5f, 0x35, 0x31, 0x20, 0x3d, 0x20, 0x30, 0x2e, 0x30, 0x3b, 0x0a, // mpvar_51 = 0.0;.
	0x20, 0x20, 0x20, 0x20, 0x20, 0x20, 0x20, 0x20, 0x7d, 0x3b, 0x0a, 0x20, 0x20, 0x20, 0x20, 0x20, //         };.
	0x20, 0x20, 0x20, 0x76, 0x69, 0x73, 0x69, 0x62, 0x69, 0x6c, 0x69, 0x74, 0x79, 0x5f, 0x34, 0x31, //    visibility_41
	0x20, 0x3d, 0x20, 0x28, 0x76, 0x69, 0x73, 0x69, 0x62, 0x69, 0x6c, 0x69, 0x74, 0x79, 0x5f, 0x34, //  = (visibility_4
	0x31, 0x20, 0x2b, 0x20, 0x74, 0x6d, 0x70, 0x76, 0x61, 0x72, 0x5f, 0x35, 0x31, 0x29, 0x3b, 0x0a, // 1 + tmpvar_51);.
	0x20, 0x20, 0x20, 0x20, 0x20, 0x20, 0x20, 0x20, 0x6c, 0x6f, 0x77, 0x70, 0x20, 0x66, 0x6c, 0x6f, //         lowp flo
	0x61, 0x74, 0x20, 0x74, 0x6d, 0x70, 0x76, 0x61, 0x72, 0x5f, 0x35, 0x32, 0x3b, 0x0a, 0x20, 0x20, // at tmpvar_52;.
	0x20, 0x20, 0x20, 0x20, 0x20, 0x20, 0x74, 0x6d, 0x70, 0x76, 0x61, 0x72, 0x5f, 0x35, 0x32, 0x20, //       tmpvar_52
	0x3d, 0x20, 0x64, 0x6f, 0x74, 0x20, 0x28, 0x74, 0x65, 0x78, 0x74, 0x75, 0x72, 0x65, 0x20, 0x28, // = dot (texture (
	0x73, 0x5f, 0x73, 0x68, 0x61, 0x64, 0x6f, 0x77, 0x4d, 0x61, 0x70, 0x2c, 0x20, 0x28, 0x74, 0x6d, // s_shadowMap, (tm
	0x70, 0x76, 0x61, 0x72, 0x5f, 0x34, 0x32, 0x2e, 0x78, 0x79, 0x20, 0x2b, 0x20, 0x28, 0x76, 0x65, // pvar_42.xy + (ve
	0x63, 0x32, 0x28, 0x2d, 0x30, 0x2e, 0x35, 0x2c, 0x20, 0x2d, 0x31, 0x2e, 0x35, 0x29, 0x20, 0x2a, // c2(-0.5, -1.5) *
	0x20, 0x75, 0x5f, 0x73, 0x68, 0x61, 0x64, 0x6f, 0x77, 0x50, 0x61, 0x72, 0x61, 0x6d, 0x73, 0x2e, //  u_shadowParams.
	0x7a, 0x7a, 0x29, 0x29, 0x29, 0x2c, 0x20, 0x76, 0x65, 0x63, 0x34, 0x28, 0x35, 0x2e, 0x39, 0x36, // zz))), vec4(5.96
	0x30, 0x34, 0x36, 0x34, 0x65, 0x2d, 0x30, 0x38, 0x2c, 0x20, 0x31, 0x2e, 0x35, 0x32, 0x35, 0x38, // 0464e-08, 1.5258
	0x37, 0x39, 0x65, 0x2d, 0x30, 0x35, 0x2c, 0x20, 0x30, 0x2e, 0x30, 0x30, 0x33, 0x39, 0x30, 0x36, // 79e-05, 0.003906
	0x32, 0x35, 0x2c, 0x20, 0x31, 0x2e, 0x30, 0x29, 0x29, 0x3b, 0x0a, 0x20, 0x20, 0x20, 0x20, 0x20, // 25, 1.0));.
	0x20, 0x20, 0x20, 0x66, 0x6c, 0x6f, 0x61, 0x74, 0x20, 0x74, 0x6d, 0x70, 0x76, 0x61, 0x72, 0x5f, //    float tmpvar_
	0x35, 0x33, 0x3b, 0x0a, 0x20, 0x20, 0x20, 0x20, 0x20, 0x20, 0x20, 0x20, 0x69, 0x66, 0x20, 0x28, // 53;.        if (
	0x28, 0x74, 0x6d, 0x70, 0x76, 0x61, 0x72, 0x5f, 0x34, 0x33, 0x20, 0x3c, 0x3d, 0x20, 0x74, 0x6d, // (tmpvar_43 <= tm
	0x70, 0x76, 0x61, 0x72, 0x5f, 0x35, 0x32, 0x29, 0x29, 0x20, 0x7b, 0x0a, 0x20, 0x20, 0x20, 0x20, // pvar_52)) {.
	0x20, 0x20, 0x20, 0x20, 0x20, 0x20, 0x74, 0x6d, 0x70, 0x76, 0x61, 0x72, 0x5f, 0x35, 0x33, 0x20, //       tmpvar_53
	0x3d, 0x20, 0x31, 0x2e, 0x30, 0x3b, 0x0a, 0x20, 0x20, 0x20, 0x20, 0x20, 0x20, 0x20, 0x20, 0x7d, // = 1.0;.        }
	0x20, 0x65, 0x6c, 0x73, 0x65, 0x20, 0x7b, 0x0a, 0x20, 0x20, 0x20, 0x20, 0x20, 0x20, 0x20, 0x20, //  else {.
	0x20, 0x20, 0x74, 0x6d, 0x70, 0x76, 0x61, 0x72, 0x5f, 0x35, 0x33, 0x20, 0x3d, 0x20, 0x30, 0x2e, //   tmpvar_53 = 0.
	0x30, 0x3b, 0x0a, 0x20, 0x20, 0x20, 0x20, 0x20, 0x20, 0x20, 0x20, 0x7d, 0x3b, 0x0a, 0x20, 0x20, // 0;.        };.
	0x20, 0x20, 0x20, 0x20, 0x20, 0x20, 0x76, 0x69, 0x73, 0x69, 0x62, 0x69, 0x6c, 0x69, 0x74, 0x79, //       visibility
	0x5f, 0x34, 0x31, 0x20, 0x3d, 0x20, 0x28, 0x76, 0x69, 0x73, 0x69, 0x62, 0x69, 0x6c, 0x69, 0x74, // _41 = (visibilit
	0x79, 0x5f, 0x34, 0x31, 0x20, 0x2b, 0x20, 0x28, 0x74, 0x6d, 0x70, 0x76, 0x61, 0x72, 0x5f, 0x35, // y_41 + (tmpvar_5
	0x33, 0x20, 0x2a, 0x20, 0x33, 0x2e, 0x30, 0x29, 0x29, 0x3b, 0x0a, 0x20, 0x20, 0x20, 0x20, 0x20, // 3 * 3.0));.
	0x20, 0x20, 0x20, 0x6c, 0x6f, 0x77, 0x70, 0x20, 0x66, 0x6c, 0x6f, 0x61, 0x74, 0x20, 0x74, 0x6d, //    lowp float tm
	0x70, 0x76, 0x61, 0x72, 0x5f, 0x35, 0x34, 0x3b, 0x0a, 0x20, 0x20, 0x20, 0x20, 0x20, 0x20, 0x20, // pvar_54;.
	0x20, 0x74, 0x6d, 0x70, 0x76, 0x61, 0x72, 0x5f, 0x35, 0x34, 0x20, 0x3d, 0x20, 0x64, 0x6f, 0x74, //  tmpvar_54 = dot
	0x20, 0x28, 0x74, 0x65, 0x78, 0x74, 0x75, 0x72, 0x65, 0x20, 0x28, 0x73, 0x5f, 0x73, 0x68, 0x61, //  (texture (s_sha
	0x64, 0x6f, 0x77, 0x4d, 0x61, 0x70, 0x2c, 0x20, 0x28, 0x74, 0x6d, 0x70, 0x76, 0x61, 0x72, 0x5f, // dowMap, (tmpvar_
	0x34, 0x32, 0x2e, 0x78, 0x79, 0x20, 0x2b, 0x20, 0x28, 0x76, 0x65, 0x63, 0x32, 0x28, 0x2d, 0x30, // 42.xy + (vec2(-0
	0x2e, 0x35, 0x2c, 0x20, 0x2d, 0x30, 0x2e, 0x35, 0x29, 0x20, 0x2a, 0x20, 0x75, 0x5f, 0x73, 0x68, // .5, -0.5) * u_sh
	0x61, 0x64, 0x6f, 0x77, 0x50, 0x61, 0x72, 0x61, 0x6d, 0x73, 0x2e, 0x7a, 0x7a, 0x29, 0x29, 0x29, // adowParams.zz)))
	0x2c, 0x20, 0x76, 0x65, 0x63, 0x34, 0x28, 0x35, 0x2e, 0x39, 0x36, 0x30, 0x34, 0x36, 0x34, 0x65, // , vec4(5.960464e
	0x2d, 0x30, 0x38, 0x2c, 0x20, 0x31, 0x2e, 0x35, 0x32, 0x35, 0x38, 0x37, 0x39, 0x65, 0x2d, 0x30, // -08, 1.525879e-0
	0x35, 0x2c, 0x20, 0x30, 0x2e, 0x30, 0x30, 0x33, 0x39, 0x30, 0x36, 0x32, 0x35, 0x2c, 0x20, 0x31, // 5, 0.00390625, 1
	0x2e, 0x30, 0x29, 0x29, 0x3b, 0x0a, 0x20, 0x20, 0x20, 0x20, 0x20, 0x20, 0x20, 0x20, 0x66, 0x6c, // .0));.        fl
	0x6f, 0x61, 0x74, 0x20, 0x74, 0x6d, 0x70, 0x76, 0x61, 0x72, 0x5f, 0x35, 0x35, 0x3b, 0x0a, 0x20, // oat tmpvar_55;.
	0x20, 0x20, 0x20, 0x20, 0x20, 0x20, 0x20, 0x69, 0x66, 0x20, 0x28, 0x28, 0x74, 0x6d, 0x70, 0x76, //        if ((tmpv
	0x61, 0x72, 0x5f, 0x34, 0x33, 0x20, 0x3c, 0x3d, 0x20, 0x74, 0x6d, 0x70, 0x76, 0x61, 0x72, 0x5f, // ar_43 <= tmpvar_
	0x35, 0x34, 0x29, 0x29, 0x20, 0x7b, 0x0a, 0x20, 0x20, 0x20, 0x20, 0x20, 0x20, 0x20, 0x20, 0x20, // 54)) {.
	0x20, 0x74, 0x6d, 0x70, 0x76, 0x61, 0x72, 0x5f, 0x35, 0x35, 0x20, 0x3d, 0x20, 0x31, 0x2e, 0x30, //  tmpvar_55 = 1.0
	0x3b, 0x0a, 0x20, 0x20, 0x20, 0x20, 0x20, 0x20, 0x20, 0x20, 0x7d, 0x20, 0x65, 0x6c, 0x73, 0x65, // ;.        } else
	0x20, 0x7b, 0x0a, 0x20, 0x20, 0x20, 0x20, 0x20, 0x20, 0x20, 0x20, 0x20, 0x20, 0x74, 0x6d, 0x70, //  {.          tmp
	0x76, 0x61, 0x72, 0x5f, 0x35, 0x35, 0x20, 0x3d, 0x20, 0x30, 0x2e, 0x30, 0x3b, 0x0a, 0x20, 0x20, // var_55 = 0.0;.
	0x20, 0x20, 0x20, 0x20, 0x20, 0x20, 0x7d, 0x3b, 0x0a, 0x20, 0x20, 0x20, 0x20, 0x20, 0x20, 0x20, //       };.
	0x20, 0x76, 0x69, 0x73, 0x69, 0x62, 0x69, 0x6c, 0x69, 0x74, 0x79, 0x5f, 0x34, 0x31, 0x20, 0x3d, //  visibility_41 =
	0x20, 0x28, 0x76, 0x69, 0x73, 0x69, 0x62, 0x69, 0x6c, 0x69, 0x74, 0x79, 0x5f, 0x34, 0x31, 0x20, //  (visibility_41
	0x2b, 0x20, 0x28, 0x74, 0x6d, 0x70, 0x76, 0x61, 0x72, 0x5f, 0x35, 0x35, 0x20, 0x2a, 0x20, 0x39, // + (tmpvar_55 * 9
	0x2e, 0x30, 0x29, 0x29, 0x3b, 0x0a, 0x20, 0x20, 0x20, 0x20, 0x20, 0x20, 0x20, 0x20, 0x6c, 0x6f, // .0));.        lo
	0x77, 0x70, 0x20, 0x66, 0x6c, 0x6f, 0x61, 0x74, 0x20, 0x74, 0x6d, 0x70, 0x76, 0x61, 0x72, 0x5f, // wp float tmpvar_
	0x35, 0x36, 0x3b, 0x0a, 0x20, 0x20, 0x20, 0x20, 0x20, 0x20, 0x20, 0x20, 0x74, 0x6d, 0x70, 0x76, // 56;.        tmpv
	0x61, 0x72, 0x5f, 0x35, 0x36, 0x20, 0x3d, 0x20, 0x64, 0x6f, 0x74, 0x20, 0x28, 0x74, 0x65, 0x78, // ar_56 = dot (tex
	0x74, 0x75, 0x72, 0x65, 0x20, 0x28, 0x73, 0x5f, 0x73, 0x68, 0x61, 0x64, 0x6f, 0x77, 0x4d, 0x61, // ture (s_shadowMa
	0x70, 0x2c, 0x20, 0x28, 0x74, 0x6d, 0x70, 0x76, 0x61, 0x72, 0x5f, 0x34, 0x32, 0x2e, 0x78, 0x79, // p, (tmpvar_42.xy
	0x20, 0x2b, 0x20, 0x28, 0x76, 0x65, 0x63, 0x32, 0x28, 0x2d, 0x30, 0x2e, 0x35, 0x2c, 0x20, 0x30, //  + (vec2(-0.5, 0
	0x2e, 0x35, 0x29, 0x20, 0x2a, 0x20, 0x75, 0x5f, 0x73, 0x68, 0x61, 0x64, 0x6f, 0x77, 0x50, 0x61, // .5) * u_shadowPa
	0x72, 0x61, 0x6d, 0x73, 0x2e, 0x7a, 0x7a, 0x29, 0x29, 0x29, 0x2c, 0x20, 0x76, 0x65, 0x63, 0x34, // rams.zz))), vec4
	0x28, 0x35, 0x2e, 0x39, 0x36, 0x30, 0x34, 0x36, 0x34, 0x65, 0x2d, 0x30, 0x38, 0x2c, 0x20, 0x31, // (5.960464e-08, 1
	0x2e, 0x35, 0x32, 0x35, 0x38, 0x37, 0x39, 0x65, 0x2d, 0x30, 0x35, 0x2c, 0x20, 0x30, 0x2e, 0x30, // .525879e-05, 0.0
	0x30, 0x33, 0x39, 0x30, 0x36, 0x32, 0x35, 0x2c, 0x20, 0x31, 0x2e, 0x30, 0x29, 0x29, 0x3b, 0x0a, // 0390625, 1.0));.
	0x20, 0x20, 0x20, 0x20, 0x20, 0x20, 0x20, 0x20, 0x66, 0x6c, 0x6f, 0x61, 0x74, 0x20, 0x74, 0x6d, //         float tm
	0x70, 0x76, 0x61, 0x72, 0x5f, 0x35, 0x37, 0x3b, 0x0a, 0x20, 0x20, 0x20, 0x20, 0x20, 0x20, 0x20, // pvar_57;.
	0x20, 0x69, 0x66, 0x20, 0x28, 0x28, 0x74, 0x6d, 0x70, 0x76, 0x61, 0x72, 0x5f, 0x34, 0x33, 0x20, //  if ((tmpvar_43
	0x3c, 0x3d, 0x20, 0x74, 0x6d, 0x70, 0x76, 0x61, 0x72, 0x5f, 0x35, 0x36, 0x29, 0x29, 0x20, 0x7b, // <= tmpvar_56)) {
	0x0a, 0x20, 0x20, 0x20, 0x20, 0x20, 0x20, 0x20, 0x20, 0x20, 0x20, 0x74, 0x6d, 0x70, 0x76, 0x61, // .          tmpva
	0x72, 0x5f, 0x35, 0x37, 0x20, 0x3d, 0x20, 0x31, 0x2e, 0x30, 0x3b, 0x0a, 0x20, 0x20, 0x20, 0x20, // r_57 = 1.0;.
	0x20, 0x20, 0x20, 0x20, 0x7d, 0x20, 0x65, 0x6c, 0x73, 0x65, 0x20, 0x7b, 0x0a, 0x20, 0x20, 0x20, //     } else {.
	0x20, 0x20, 0x20, 0x20, 0x20, 0x20, 0x20, 0x74, 0x6d, 0x70, 0x76, 0x61, 0x72, 0x5f, 0x35, 0x37, //        tmpvar_57
	0x20, 0x3d, 0x20, 0x30, 0x2e, 0x30, 0x3b, 0x0a, 0x20, 0x20, 0x20, 0x20, 0x20, 0x20, 0x20, 0x20, //  = 0.0;.
	0x7d, 0x3b, 0x0a, 0x20, 0x20, 0x20, 0x20, 0x20, 0x20, 0x20, 0x20, 0x76, 0x69, 0x73, 0x69, 0x62, // };.        visib
	0x69, 0x6c, 0x69, 0x74, 0x79, 0x5f, 0x34, 0x31, 0x20, 0x3d, 0x20, 0x28, 0x76, 0x69, 0x73, 0x69, // ility_41 = (visi
	0x62, 0x69, 0x6c, 0x69, 0x74, 0x79, 0x5f, 0x34, 0x31, 0x20, 0x2b, 0x20, 0x28, 0x74, 0x6d, 0x70, // bility_41 + (tmp
	0x76, 0x61, 0x72, 0x5f, 0x35, 0x37, 0x20, 0x2a, 0x20, 0x39, 0x2e, 0x30, 0x29, 0x29, 0x3b, 0x0a, // var_57 * 9.0));.
	0x20, 0x20, 0x20, 0x20, 0x20, 0x20, 0x20, 0x20, 0x6c, 0x6f, 0x77, 0x70, 0x20, 0x66, 0x6c, 0x6f, //         lowp flo
	0x61, 0x74, 0x20, 0x74, 0x6d, 0x70, 0x76, 0x61, 0x72, 0x5f, 0x35, 0x38, 0x3b, 0x0a, 0x20, 0x20, // at tmpvar_58;.
	0x20, 0x20, 0x20, 0x20, 0x20, 0x20, 0x74, 0x6d, 0x70, 0x76, 0x61, 0x72, 0x5f, 0x35, 0x38, 0x20, //       tmpvar_58
	0x3d, 0x20, 0x64, 0x6f, 0x74, 0x20, 0x28, 0x74, 0x65, 0x78, 0x74, 0x75, 0x72, 0x65, 0x20, 0x28, // = dot (texture (
	0x73, 0x5f, 0x73, 0x68, 0x61, 0x64, 0x6f, 0x77, 0x4d, 0x61, 0x70, 0x2c, 0x20, 0x28, 0x74, 0x6d, // s_shadowMap, (tm
	0x70, 0x76, 0x61, 0x72, 0x5f, 0x34, 0x32, 0x2e, 0x78, 0x79, 0x20, 0x2b, 0x20, 0x28, 0x76, 0x65, // pvar_42.xy + (ve
	0x63, 0x32, 0x28, 0x2d, 0x30, 0x2e, 0x35, 0x2c, 0x20, 0x31, 0x2e, 0x35, 0x29, 0x20, 0x2a, 0x20, // c2(-0.5, 1.5) *
	0x75, 0x5f, 0x73, 0x68, 0x61, 0x64, 0x6f, 0x77, 0x50, 0x61, 0x72, 0x61, 0x6d, 0x73, 0x2e, 0x7a, // u_shadowParams.z
	0x7a, 0x29, 0x29, 0x29, 0x2c, 0x20, 0x76, 0x65, 0x63, 0x34, 0x28, 0x35, 0x2e, 0x39, 0x36, 0x30, // z))), vec4(5.960
	0x34, 0x36, 0x34, 0x65, 0x2d, 0x30, 0x38, 0x2c, 0x20, 0x31, 0x2e, 0x35, 0x32, 0x35, 0x38, 0x37, // 464e-08, 1.52587
	0x39, 0x65, 0x2d, 0x30, 0x35, 0x2c, 0x20, 0x30, 0x2e, 0x30, 0x30, 0x33, 0x39, 0x30, 0x36, 0x32, // 9e-05, 0.0039062
	0x35, 0x2c, 0x20, 0x31, 0x2e, 0x30, 0x29, 0x29, 0x3b, 0x0a, 0x20, 0x20, 0x20, 0x20, 0x20, 0x20, // 5, 1.0));.
	0x20, 0x20, 0x66, 0x6c, 0x6f, 0x61, 0x74, 0x20, 0x74, 0x6d, 0x70, 0x76, 0x61, 0x72, 0x5f, 0x35, //   float tmpvar_5
	0x39, 0x3b, 0x0a, 0x20, 0x20, 0x20, 0x20, 0x20, 0x20, 0x20, 0x20, 0x69, 0x66, 0x20, 0x28, 0x28, // 9;.        if ((
	0x74, 0x6d, 0x70, 0x76, 0x61, 0x72, 0x5f, 0x34, 0x33, 0x20, 0x3c, 0x3d, 0x20, 0x74, 0x6d, 0x70, // tmpvar_43 <= tmp
	0x76, 0x61, 0x72, 0x5f, 0x35, 0x38, 0x29, 0x29, 0x20, 0x7b, 0x0a, 0x20, 0x20, 0x20, 0x20, 0x20, // var_58)) {.
	0x20, 0x20, 0x20, 0x20, 0x20, 0x74, 0x6d, 0x70, 0x76, 0x61, 0x72, 0x5f, 0x35, 0x39, 0x20, 0x3d, //      tmpvar_59 =
	0x20, 0x31, 0x2e, 0x30, 0x3b, 0x0a, 0x20, 0x20, 0x20, 0x20, 0x20, 0x20, 0x20, 0x20, 0x7d, 0x20, //  1.0;.        }
	0x65, 0x6c, 0x73, 0x65, 0x20, 0x7b, 0x0a, 0x20, 0x20, 0x20, 0x20, 0x20, 0x20, 0x20, 0x20, 0x20, // else {.
	0x20, 0x74, 0x6d, 0x70, 0x76, 0x61, 0x72, 0x5f, 0x35, 0x39, 0x20, 0x3d, 0x20, 0x30, 0x2e, 0x30, //  tmpvar_59 = 0.0
	0x3b, 0x0a, 0x20, 0x20, 0x20, 0x20, 0x20, 0x20, 0x20, 0x20, 0x7d, 0x3b, 0x0a, 0x20, 0x20, 0x20, // ;.        };.
	0x20, 0x20, 0x20, 0x20, 0x20, 0x76, 0x69, 0x73, 0x69, 0x62, 0x69, 0x6c, 0x69, 0x74, 0x79, 0x5f, //      visibility_
	0x34, 0x31, 0x20, 0x3d, 0x20, 0x28, 0x76, 0x69, 0x73, 0x69, 0x62, 0x69, 0x6c, 0x69, 0x74, 0x79, // 41 = (visibility
	0x5f, 0x34, 0x31, 0x20, 0x2b, 0x20, 0x28, 0x74, 0x6d, 0x70, 0x76, 0x61, 0x72, 0x5f, 0x35, 0x39, // _41 + (tmpvar_59
	0x20, 0x2a, 0x20, 0x33, 0x2e, 0x30, 0x29, 0x29, 0x3b, 0x0a, 0x20, 0x20, 0x20, 0x20, 0x20, 0x20, //  * 3.0));.
	0x20, 0x20, 0x6c, 0x6f, 0x77, 0x70, 0x20, 0x66, 0x6c, 0x6f, 0x61, 0x74, 0x20, 0x74, 0x6d, 0x70, //   lowp float tmp
	0x76, 0x61, 0x72, 0x5f, 0x36, 0x30, 0x3b, 0x0a, 0x20, 0x20, 0x20, 0x20, 0x20, 0x20, 0x20, 0x20, // var_60;.
	0x74, 0x6d, 0x70, 0x76, 0x61, 0x72, 0x5f, 0x36, 0x30, 0x20, 0x3d, 0x20, 0x64, 0x6f, 0x74, 0x20, // tmpvar_60 = dot
	0x28, 0x74, 0x65, 0x78, 0x74, 0x75, 0x72, 0x65, 0x20, 0x28, 0x73, 0x5f, 0x73, 0x68, 0x61, 0x64, // (texture (s_shad
	0x6f, 0x77, 0x4d, 0x61, 0x70, 0x2c, 0x20, 0x28, 0x74, 0x6d, 0x70, 0x76, 0x61, 0x72, 0x5f, 0x34, // owMap, (tmpvar_4
	0x32, 0x2e, 0x78, 0x79, 0x20, 0x2b, 0x20, 0x28, 0x76, 0x65, 0x63, 0x32, 0x28, 0x30, 0x2e, 0x35, // 2.xy + (vec2(0.5
	0x2c, 0x20, 0x2d, 0x31, 0x2e, 0x35, 0x29, 0x20, 0x2a, 0x20, 0x75, 0x5f, 0x73, 0x68, 0x61, 0x64, // , -1.5) * u_shad
	0x6f, 0x77, 0x50, 0x61, 0x72, 0x61, 0x6d, 0x73, 0x2e, 0x7a, 0x7a, 0x29, 0x29, 0x29, 0x2c, 0x20, // owParams.zz))),
	0x76, 0x65, 0x63, 0x34, 0x28, 0x35, 0x2e, 0x39, 0x36, 0x30, 0x34, 0x36, 0x34, 0x65, 0x2d, 0x30, // vec4(5.960464e-0
	0x38, 0x2c, 0x20, 0x31, 0x2e, 0x35, 0x32, 0x35, 0x38, 0x37, 0x39, 0x65, 0x2d, 0x30, 0x35, 0x2c, // 8, 1.525879e-05,
	0x20, 0x30, 0x2e, 0x30, 0x30, 0x33, 0x39, 0x30, 0x36, 0x32, 0x35, 0x2c, 0x20, 0x31, 0x2e, 0x30, //  0.00390625, 1.0
	0x29, 0x29, 0x3b, 0x0a, 0x20, 0x20, 0x20, 0x20, 0x20, 0x20, 0x20, 0x20, 0x66, 0x6c, 0x6f, 0x61, // ));.        floa
	0x74, 0x20, 0x74, 0x6d, 0x70, 0x76, 0x61, 0x72, 0x5f, 0x36, 0x31, 0x3b, 0x0a, 0x20, 0x20, 0x20, // t tmpvar_61;.
	0x20, 0x20, 0x20, 0x20, 0x20, 0x69, 0x66, 0x20, 0x28, 0x28, 0x74, 0x6d, 0x70, 0x76, 0x61, 0x72, //      if ((tmpvar
	0x5f, 0x34, 0x33, 0x20, 0x3c, 0x3d, 0x20, 0x74, 0x6d, 0x70, 0x76, 0x61, 0x72, 0x5f, 0x36, 0x30, // _43 <= tmpvar_60
	0x29, 0x29, 0x20, 0x7b, 0x0a, 0x20, 0x20, 0x20, 0x20, 0x20, 0x20, 0x20, 0x20, 0x20, 0x20, 0x74, // )) {.          t
	0x6d, 0x70, 0x76, 0x61, 0x72, 0x5f, 0x36, 0x31, 0x20, 0x3d, 0x20, 0x31, 0x2e, 0x30, 0x3b, 0x0a, // mpvar_61 = 1.0;.
	0x20, 0x20, 0x20, 0x20, 0x20, 0x20, 0x20, 0x20, 0x7d, 0x20, 0x65, 0x6c, 0x73, 0x65, 0x20, 0x7b, //         } else {
	0x0a, 0x20, 0x20, 0x20, 0x20, 0x20, 0x20, 0x20, 0x20, 0x20, 0x20, 0x74, 0x6d, 0x70, 0x76, 0x61, // .          tmpva
	0x72, 0x5f, 0x36, 0x31, 0x20, 0x3d, 0x20, 0x30, 0x2e, 0x30, 0x3b, 0x0a, 0x20, 0x20, 0x20, 0x20, // r_61 = 0.0;.
	0x20, 0x20, 0x20, 0x20, 0x7d, 0x3b, 0x0a, 0x20, 0x20, 0x20, 0x20, 0x20, 0x20, 0x20, 0x20, 0x76, //     };.        v
	0x69, 0x73, 0x69, 0x62, 0x69, 0x6c, 0x69, 0x74, 0x79, 0x5f, 0x34, 0x31, 0x20, 0x3d, 0x20, 0x28, // isibility_41 = (
	0x76, 0x69, 0x73, 0x69, 0x62, 0x69, 0x6c, 0x69, 0x74, 0x79, 0x5f, 0x34, 0x31, 0x20, 0x2b, 0x20, // visibility_41 +
	0x28, 0x74, 0x6d, 0x70, 0x76, 0x61, 0x72, 0x5f, 0x36, 0x31, 0x20, 0x2a, 0x20, 0x33, 0x2e, 0x30, // (tmpvar_61 * 3.0
	0x29, 0x29, 0x3b, 0x0a, 0x20, 0x20, 0x20, 0x20, 0x20, 0x20, 0x20, 0x20, 0x6c, 0x6f, 0x77, 0x70, // ));.        lowp
	0x20, 0x66, 0x6c, 0x6f, 0x61, 0x74, 0x20, 0x74, 0x6d, 0x70, 0x76, 0x61, 0x72, 0x5f, 0x36, 0x32, //  float tmpvar_62
	0x3b, 0x0a, 0x20, 0x20, 0x20, 0x20, 0x20, 0x20, 0x20, 0x20, 0x74, 0x6d, 0x70, 0x76, 0x61, 0x72, // ;.        tmpvar
	0x5f, 0x36, 0x32, 0x20, 0x3d, 0x20, 0x64, 0x6f, 0x74, 0x20, 0x28, 0x74, 0x65, 0x78, 0x74, 0x75, // _62 = dot (textu
	0x72, 0x65, 0x20, 0x28, 0x73, 0x5f, 0x73, 0x68, 0x61, 0x64, 0x6f, 0x77, 0x4d, 0x61, 0x70, 0x2c, // re (s_shadowMap,
	0x20, 0x28, 0x74, 0x6d, 0x70, 0x76, 0x61, 0x72, 0x5f, 0x34, 0x32, 0x2e, 0x78, 0x79, 0x20, 0x2b, //  (tmpvar_42.xy +
	0x20, 0x28, 0x76, 0x65, 0x63, 0x32, 0x28, 0x30, 0x2e, 0x35, 0x2c, 0x20, 0x2d, 0x30, 0x2e, 0x35, //  (vec2(0.5, -0.5
	0x29, 0x20, 0x2a, 0x20, 0x75, 0x5f, 0x73, 0x68, 0x61, 0x64, 0x6f, 0x77, 0x50, 0x61, 0x72, 0x61, // ) * u_shadowPara
	0x6d, 0x73, 0x2e, 0x7a, 0x7a, 0x29, 0x29, 0x29, 0x2c, 0x20, 0x76, 0x65, 0x63, 0x34, 0x28, 0x35, // ms.zz))), vec4(5
	0x2e, 0x39, 0x36, 0x30, 0x34, 0x36, 0x34, 0x65, 0x2d, 0x30, 0x38, 0x2c, 0x20, 0x31, 0x2e, 0x35, // .960464e-08, 1.5
	0x32, 0x35, 0x38, 0x37, 0x39, 0x65, 0x2d, 0x30, 0x35, 0x2c, 0x20, 0x30, 0x2e, 0x30, 0x30, 0x33, // 25879e-05, 0.003
	0x39, 0x30, 0x36, 0x32, 0x35, 0x2c, 0x20, 0x31, 0x2e, 0x30, 0x29, 0x29, 0x3b, 0x0a, 0x20, 0x20, // 90625, 1.0));.
	0x20, 0x20, 0x20, 0x20, 0x20, 0x20, 0x66, 0x6c, 0x6f, 0x61, 0x74, 0x20, 0x74, 0x6d, 0x70, 0x76, //       float tmpv
	0x61, 0x72, 0x5f, 0x36, 0x33, 0x3b, 0x0a, 0x20, 0x20, 0x20, 0x20, 0x20, 0x20, 0x20, 0x20, 0x69, // ar_63;.        i
	0x66, 0x20, 0x28, 0x28, 0x74, 0x6d, 0x70, 0x76, 0x61, 0x72, 0x5f, 0x34, 0x33, 0x20, 0x3c, 0x3d, // f ((tmpvar_43 <=
	0x20, 0x74, 0x6d, 0x70, 0x76, 0x61, 0x72, 0x5f, 0x36, 0x32, 0x29, 0x29, 0x20, 0x7b, 0x0a, 0x20, //  tmpvar_62)) {.
	0x20, 0x20, 0x20, 0x20, 0x20, 0x20, 0x20, 0x20, 0x20, 0x74, 0x6d, 0x70, 0x76, 0x61, 0x72, 0x5f, //          tmpvar_
	0x36, 0x33, 0x20, 0x3d, 0x20, 0x31, 0x2e, 0x30, 0x3b, 0x0a, 0x20, 0x20, 0x20, 0x20, 0x20, 0x20, // 63 = 1.0;.
	0x20, 0x20, 0x7d, 0x20, 0x65, 0x6c, 0x73, 0x65, 0x20, 0x7b, 0x0a, 0x20, 0x20, 0x20, 0x20, 0x20, //   } else {.
	0x20, 0x20, 0x20, 0x20, 0x20, 0x74, 0x6d, 0x70, 0x76, 0x61, 0x72, 0x5f, 0x36, 0x33, 0x20, 0x3d, //      tmpvar_63 =
	0x20, 0x30, 0x2e, 0x30, 0x3b, 0x0a, 0x20, 0x20, 0x20, 0x20, 0x20, 0x20, 0x20, 0x20, 0x7d, 0x3b, //  0.0;.        };
	0x0a, 0x20, 0x20, 0x20, 0x20, 0x20, 0x20, 0x20, 0x20, 0x76, 0x69, 0x73, 0x69, 0x62, 0x69, 0x6c, // .        visibil
	0x69, 0x74, 0x79, 0x5f, 0x34, 0x31, 0x20, 0x3d, 0x20, 0x28, 0x76, 0x69, 0x73, 0x69, 0x62, 0x69, // ity_41 = (visibi
	0x6c, 0x69, 0x74, 0x79, 0x5f, 0x34, 0x31, 0x20, 0x2b, 0x20, 0x28, 0x74, 0x6d, 0x70, 0x76, 0x61, // lity_41 + (tmpva
	0x72, 0x5f, 0x36, 0x33, 0x20, 0x2a, 0x20, 0x39, 0x2e, 0x30, 0x29, 0x29, 0x3b, 0x0a, 0x20, 0x20, // r_63 * 9.0));.
	0x20, 0x20, 0x20, 0x20, 0x20, 0x20, 0x6c, 0x6f, 0x77, 0x70, 0x20, 0x66, 0x6c, 0x6f, 0x61, 0x74, //       lowp float
	0x20, 0x74, 0x6d, 0x70, 0x76, 0x61, 0x72, 0x5f, 0x36, 0x34, 0x3b, 0x0a, 0x20, 0x20, 0x20, 0x20, //  tmpvar_64;.
	0x20, 0x20, 0x20, 0x20, 0x74, 0x6d, 0x70, 0x76, 0x61, 0x72, 0x5f, 0x36, 0x34, 0x20, 0x3d, 0x20, //     tmpvar_64 =
	0x64, 0x6f, 0x74, 0x20, 0x28, 0x74, 0x65, 0x78, 0x74, 0x75, 0x72, 0x65, 0x20, 0x28, 0x73, 0x5f, // dot (texture (s_
	0x73, 0x68, 0x61, 0x64, 0x6f, 0x77, 0x4d, 0x61, 0x70, 0x2c, 0x20, 0x28, 0x74, 0x6d, 0x70, 0x76, // shadowMap, (tmpv
	0x61, 0x72, 0x5f, 0x34, 0x32, 0x2e, 0x78, 0x79, 0x20, 0x2b, 0x20, 0x28, 0x76, 0x65, 0x63, 0x32, // ar_42.xy + (vec2
	0x28, 0x30, 0x2e, 0x35, 0x2c, 0x20, 0x30, 0x2e, 0x35, 0x29, 0x20, 0x2a, 0x20, 0x75, 0x5f, 0x73, // (0.5, 0.5) * u_s
	0x68, 0x61, 0x64, 0x6f, 0x77, 0x50, 0x61, 0x72, 0x61, 0x6d, 0x73, 0x2e, 0x7a, 0x7a, 0x29, 0x29, // hadowParams.zz))
	0x29, 0x2c, 0x20, 0x76, 0x65, 0x63, 0x34, 0x28, 0x35, 0x2e, 0x39, 0x36, 0x30, 0x34, 0x36, 0x34, // ), vec4(5.960464
	0x65, 0x2d, 0x30, 0x38, 0x2c, 0x20, 0x31, 0x2e, 0x35, 0x32, 0x35, 0x38, 0x37, 0x39, 0x65, 0x2d, // e-08, 1.525879e-
	0x30, 0x35, 0x2c, 0x20, 0x30, 0x2e, 0x30, 0x30, 0x33, 0x39, 0x30, 0x36, 0x32, 0x35, 0x2c, 0x20, // 05, 0.00390625,
	0x31, 0x2e, 0x30, 0x29, 0x29, 0x3b, 0x0a, 0x20, 0x20, 0x20, 0x20, 0x20, 0x20, 0x20, 0x20, 0x66, // 1.0));.        f
	0x6c, 0x6f, 0x61, 0x74, 0x20, 0x74, 0x6d, 0x70, 0x76, 0x61, 0x72, 0x5f, 0x36, 0x35, 0x3b, 0x0a, // loat tmpvar_65;.
	0x20, 0x20, 0x20, 0x20, 0x20, 0x20, 0x20, 0x20, 0x69, 0x66, 0x20, 0x28, 0x28, 0x74, 0x6d, 0x70, //         if ((tmp
	0x76, 0x61, 0x72, 0x5f, 0x34, 0x33, 0x20, 0x3c, 0x3d, 0x20, 0x74, 0x6d, 0x70, 0x76, 0x61, 0x72, // var_43 <= tmpvar
	0x5f, 0x36, 0x34, 0x29, 0x29, 0x20, 0x7b, 0x0a, 0x20, 0x20, 0x20, 0x20, 0x20, 0x20, 0x20, 0x20, // _64)) {.
	0x20, 0x20, 0x74, 0x6d, 0x70, 0x76, 0x61, 0x72, 0x5f, 0x36, 0x35, 0x20, 0x3d, 0x20, 0x31, 0x2e, //   tmpvar_65 = 1.
	0x30, 0x3b, 0x0a, 0x20, 0x20, 0x20, 0x20, 0x20, 0x20, 0x20, 0x20, 0x7d, 0x20, 0x65, 0x6c, 0x73, // 0;.        } els
	0x65, 0x20, 0x7b, 0x0a, 0x20, 0x20, 0x20, 0x20, 0x20, 0x20, 0x20, 0x20, 0x20, 0x20, 0x74, 0x6d, // e {.          tm
	0x70, 0x76, 0x61, 0x72, 0x5f, 0x36, 0x35, 0x20, 0x3d, 0x20, 0x30, 0x2e, 0x30, 0x3b, 0x0a, 0x20, // pvar_65 = 0.0;.
	0x20, 0x20, 0x20, 0x20, 0x20, 0x20, 0x20, 0x7d, 0x3b, 0x0a, 0x20, 0x20, 0x20, 0x20, 0x20, 0x20, //        };.
	0x20, 0x20, 0x76, 0x69, 0x73, 0x69, 0x62, 0x69, 0x6c, 0x69, 0x74, 0x79, 0x5f, 0x34, 0x31, 0x20, //   visibility_41
	0x3d, 0x20, 0x28, 0x76, 0x69, 0x73, 0x69, 0x62, 0x69, 0x6c, 0x69, 0x74, 0x79, 0x5f, 0x34, 0x31, // = (visibility_41
	0x20, 0x2b, 0x20, 0x28, 0x74, 0x6d, 0x70, 0x76, 0x61, 0x72, 0x5f, 0x36, 0x35, 0x20, 0x2a, 0x20, //  + (tmpvar_65 *
	0x39, 0x2e, 0x30, 0x29, 0x29, 0x3b, 0x0a, 0x20, 0x20, 0x20, 0x20, 0x20, 0x20, 0x20, 0x20, 0x6c, // 9.0));.        l
	0x6f, 0x77, 0x70, 0x20, 0x66, 0x6c, 0x6f, 0x61, 0x74, 0x20, 0x74, 0x6d, 0x70, 0x76, 0x61, 0x72, // owp float tmpvar
	0x5f, 0x36, 0x36, 0x3b, 0x0a, 0x20, 0x20, 0x20, 0x20, 0x20, 0x20, 0x20, 0x20, 0x74, 0x6d, 0x70, // _66;.        tmp
	0x76, 0x61, 0x72, 0x5f, 0x36, 0x36, 0x20, 0x3d, 0x20, 0x64, 0x6f, 0x74, 0x20, 0x28, 0x74, 0x65, // var_66 = dot (te
	0x78, 0x74, 0x75, 0x72, 0x65, 0x20, 0x28, 0x73, 0x5f, 0x73, 0x68, 0x61, 0x64, 0x6f, 0x77, 0x4d, // xture (s_shadowM
	0x61, 0x70, 0x2c, 0x20, 0x28, 0x74, 0x6d, 0x70, 0x76, 0x61, 0x72, 0x5f, 0x34, 0x32, 0x2e, 0x78, // ap, (tmpvar_42.x
	0x79, 0x20, 0x2b, 0x20, 0x28, 0x76, 0x65, 0x63, 0x32, 0x28, 0x30, 0x2e, 0x35, 0x2c, 0x20, 0x31, // y + (vec2(0.5, 1
	0x2e, 0x35, 0x29, 0x20, 0x2a, 0x20, 0x75, 0x5f, 0x73, 0x68, 0x61, 0x64, 0x6f, 0x77, 0x50, 0x61, // .5) * u_shadowPa
	0x72, 0x61, 0x6d, 0x73, 0x2e, 0x7a, 0x7a, 0x29, 0x29, 0x29, 0x2c, 0x20, 0x76, 0x65, 0x63, 0x34, // rams.zz))), vec4
	0x28, 0x35, 0x2e, 0x39, 0x36, 0x30, 0x34, 0x36, 0x34, 0x65, 0x2d, 0x30, 0x38, 0x2c, 0x20, 0x31, // (5.960464e-08, 1
	0x2e, 0x35, 0x32, 0x35, 0x38, 0x37, 0x39, 0x65, 0x2d, 0x30, 0x35, 0x2c, 0x20, 0x30, 0x2e, 0x30, // .525879e-05, 0.0
	0x30, 0x33, 0x39, 0x30, 0x36, 0x32, 0x35, 0x2c, 0x20, 0x31, 0x2e, 0x30, 0x29, 0x29, 0x3b, 0x0a, // 0390625, 1.0));.
	0x20, 0x20, 0x20, 0x20, 0x20, 0x20, 0x20, 0x20, 0x66, 0x6c, 0x6f, 0x61, 0x74, 0x20, 0x74, 0x6d, //         float tm
	0x70, 0x76, 0x61, 0x72, 0x5f, 0x36, 0x37, 0x3b, 0x0a, 0x20, 0x20, 0x20, 0x20, 0x20, 0x20, 0x20, // pvar_67;.
	0x20, 0x69, 0x66, 0x20, 0x28, 0x28, 0x74, 0x6d, 0x70, 0x76, 0x61, 0x72, 0x5f, 0x34, 0x33, 0x20, //  if ((tmpvar_43
	0x3c, 0x3d, 0x20, 0x74, 0x6d, 0x70, 0x76, 0x61, 0x72, 0x5f, 0x36, 0x36, 0x29, 0x29, 0x20, 0x7b, // <= tmpvar_66)) {
	0x0a, 0x20, 0x20, 0x20, 0x20, 0x20, 0x20, 0x20, 0x20, 0x20, 0x20, 0x74, 0x6d, 0x70, 0x76, 0x61, // .          tmpva
	0x72, 0x5f, 0x36, 0x37, 0x20, 0x3d, 0x20, 0x31, 0x2e, 0x30, 0x3b, 0x0a, 0x20, 0x20, 0x20, 0x20, // r_67 = 1.0;.
	0x20, 0x20, 0x20, 0x20, 0x7d, 0x20, 0x65, 0x6c, 0x73, 0x65, 0x20, 0x7b, 0x0a, 0x20, 0x20, 0x20, //     } else {.
	0x20, 0x20, 0x20, 0x20, 0x20, 0x20, 0x20, 0x74, 0x6d, 0x70, 0x76, 0x61, 0x72, 0x5f, 0x36, 0x37, //        tmpvar_67
	0x20, 0x3d, 0x20, 0x30, 0x2e, 0x30, 0x3b, 0x0a, 0x20, 0x20, 0x20, 0x20, 0x20, 0x20, 0x20, 0x20, //  = 0.0;.
	0x7d, 0x3b, 0x0a, 0x20, 0x20, 0x20, 0x20, 0x20, 0x20, 0x20, 0x20, 0x76, 0x69, 0x73, 0x69, 0x62, // };.        visib
	0x69, 0x6c, 0x69, 0x74, 0x79, 0x5f, 0x34, 0x31, 0x20, 0x3d, 0x20, 0x28, 0x76, 0x69, 0x73, 0x69, // ility_41 = (visi
	0x62, 0x69, 0x6c, 0x69, 0x74, 0x79, 0x5f, 0x34, 0x31, 0x20, 0x2b, 0x20, 0x28, 0x74, 0x6d, 0x70, // bility_41 + (tmp
	0x76, 0x61, 0x72, 0x5f, 0x36, 0x37, 0x20, 0x2a, 0x20, 0x33, 0x2e, 0x30, 0x29, 0x29, 0x3b, 0x0a, // var_67 * 3.0));.
	0x20, 0x20, 0x20, 0x20, 0x20, 0x20, 0x20, 0x20, 0x6c, 0x6f, 0x77, 0x70, 0x20, 0x66, 0x6c, 0x6f, //         lowp flo
	0x61, 0x74, 0x20, 0x74, 0x6d, 0x70, 0x76, 0x61, 0x72, 0x5f, 0x36, 0x38, 0x3b, 0x0a, 0x20, 0x20, // at tmpvar_68;.
	0x20, 0x20, 0x20, 0x20, 0x20, 0x20, 0x74, 0x6d, 0x70, 0x76, 0x61, 0x72, 0x5f, 0x36, 0x38, 0x20, //       tmpvar_68
	0x3d, 0x20, 0x64, 0x6f, 0x74, 0x20, 0x28, 0x74, 0x65, 0x78, 0x74, 0x75, 0x72, 0x65, 0x20, 0x28, // = dot (texture (
	0x73, 0x5f, 0x73, 0x68, 0x61, 0x64, 0x6f, 0x77, 0x4d, 0x61, 0x70, 0x2c, 0x20, 0x28, 0x74, 0x6d, // s_shadowMap, (tm
	0x70, 0x76, 0x61, 0x72, 0x5f, 0x34, 0x32, 0x2e, 0x78, 0x79, 0x20, 0x2b, 0x20, 0x28, 0x76, 0x65, // pvar_42.xy + (ve
	0x63, 0x32, 0x28, 0x31, 0x2e, 0x35, 0x2c, 0x20, 0x2d, 0x31, 0x2e, 0x35, 0x29, 0x20, 0x2a, 0x20, // c2(1.5, -1.5) *
	0x75, 0x5f, 0x73, 0x68, 0x61, 0x64, 0x6f, 0x77, 0x50, 0x61, 0x72, 0x61, 0x6d, 0x73, 0x2e, 0x7a, // u_shadowParams.z
	0x7a, 0x29, 0x29, 0x29, 0x2c, 0x20, 0x76, 0x65, 0x63, 0x34, 0x28, 0x35, 0x2e, 0x39, 0x36, 0x30, // z))), vec4(5.960
	0x34, 0x36, 0x34, 0x65, 0x2d, 0x30, 0x38, 0x2c, 0x20, 0x31, 0x2e, 0x35, 0x32, 0x35, 0x38, 0x37, // 464e-08, 1.52587
	0x39, 0x65, 0x2d, 0x30, 0x35, 0x2c, 0x20, 0x30, 0x2e, 0x30, 0x30, 0x33, 0x39, 0x30, 0x36, 0x32, // 9e-05, 0.0039062
	0x35, 0x2c, 0x20, 0x31, 0x2e, 0x30, 0x29, 0x29, 0x3b, 0x0a, 0x20, 0x20, 0x20, 0x20, 0x20, 0x20, // 5, 1.0));.
	0x20, 0x20, 0x66, 0x6c, 0x6f, 0x61, 0x74, 0x20, 0x74, 0x6d, 0x70, 0x76, 0x61, 0x72, 0x5f, 0x36, //   float tmpvar_6
	0x39, 0x3b, 0x0a, 0x20, 0x20, 0x20, 0x20, 0x20, 0x20, 0x20, 0x20, 0x69, 0x66, 0x20, 0x28, 0x28, // 9;.        if ((
	0x74, 0x6d, 0x70, 0x76, 0x61, 0x72, 0x5f, 0x34, 0x33, 0x20, 0x3c, 0x3d, 0x20, 0x74, 0x6d, 0x70, // tmpvar_43 <= tmp
	0x76, 0x61, 0x72, 0x5f, 0x36, 0x38, 0x29, 0x29, 0x20, 0x7b, 0x0a, 0x20, 0x20, 0x20, 0x20, 0x20, // var_68)) {.
	0x20, 0x20, 0x20, 0x20, 0x20, 0x74, 0x6d, 0x70, 0x76, 0x61, 0x72, 0x5f, 0x36, 0x39, 0x20, 0x3d, //      tmpvar_69 =
	0x20, 0x31, 0x2e, 0x30, 0x3b, 0x0a, 0x20, 0x20, 0x20, 0x20, 0x20, 0x20, 0x20, 0x20, 0x7d, 0x20, //  1.0;.        }
	0x65, 0x6c, 0x73, 0x65, 0x20, 0x7b, 0x0a, 0x20, 0x20, 0x20, 0x20, 0x20, 0x20, 0x20, 0x20, 0x20, // else {.
	0x20, 0x74, 0x6d, 0x70, 0x76, 0x61, 0x72, 0x5f, 0x36, 0x39, 0x20, 0x3d, 0x20, 0x30, 0x2e, 0x30, //  tmpvar_69 = 0.0
	0x3b, 0x0a, 0x20, 0x20, 0x20, 0x20, 0x20, 0x20, 0x20, 0x20, 0x7d, 0x3b, 0x0a, 0x20, 0x20, 0x20, // ;.        };.
	0x20, 0x20, 0x20, 0x20, 0x20, 0x76, 0x69, 0x73, 0x69, 0x62, 0x69, 0x6c, 0x69, 0x74, 0x79, 0x5f, //      visibility_
	0x34, 0x31, 0x20, 0x3d, 0x20, 0x28, 0x76, 0x69, 0x73, 0x69, 0x62, 0x69, 0x6c, 0x69, 0x74, 0x79, // 41 = (visibility
	0x5f, 0x34, 0x31, 0x20, 0x2b, 0x20, 0x74, 0x6d, 0x70, 0x76, 0x61, 0x72, 0x5f, 0x36, 0x39, 0x29, // _41 + tmpvar_69)
	0x3b, 0x0a, 0x20, 0x20, 0x20, 0x20, 0x20, 0x20, 0x20, 0x20, 0x6c, 0x6f, 0x77, 0x70, 0x20, 0x66, // ;.        lowp f
	0x6c, 0x6f, 0x61, 0x74, 0x20, 0x74, 0x6d, 0x70, 0x76, 0x61, 0x72, 0x5f, 0x37, 0x30, 0x3b, 0x0a, // loat tmpvar_70;.
	0x20, 0x20, 0x20, 0x20, 0x20, 0x20, 0x20, 0x20, 0x74, 0x6d, 0x70, 0x76, 0x61, 0x72, 0x5f, 0x37, //         tmpvar_7
	0x30, 0x20, 0x3d, 0x20, 0x64, 0x6f, 0x74, 0x20, 0x28, 0x74, 0x65, 0x78, 0x74, 0x75, 0x72, 0x65, // 0 = dot (texture
	0x20, 0x28, 0x73, 0x5f, 0x73, 0x68, 0x61, 0x64, 0x6f, 0x77, 0x4d, 0x61, 0x70, 0x2c, 0x20, 0x28, //  (s_shadowMap, (
	0x74, 0x6d, 0x70, 0x76, 0x61, 0x72, 0x5f, 0x34, 0x32, 0x2e, 0x78, 0x79, 0x20, 0x2b, 0x20, 0x28, // tmpvar_42.xy + (
	0x76, 0x65, 0x63, 0x32, 0x28, 0x31, 0x2e, 0x35, 0x2c, 0x20, 0x2d, 0x30, 0x2e, 0x35, 0x29, 0x20, // vec2(1.5, -0.5)
	0x2a, 0x20, 0x75, 0x5f, 0x73, 0x68, 0x61, 0x64, 0x6f, 0x77, 0x50, 0x61, 0x72, 0x61, 0x6d, 0x73, // * u_shadowParams
	0x2e, 0x7a, 0x7a, 0x29, 0x29, 0x29, 0x2c, 0x20, 0x76, 0x65, 0x63, 0x34, 0x28, 0x35, 0x2e, 0x39, // .zz))), vec4(5.9
	0x36, 0x30, 0x34, 0x36, 0x34, 0x65, 0x2d, 0x30, 0x38, 0x2c, 0x20, 0x31, 0x2e, 0x35, 0x32, 0x35, // 60464e-08, 1.525
	0x38, 0x37, 0x39, 0x65, 0x2d, 0x30, 0x35, 0x2c, 0x20, 0x30, 0x2e, 0x30, 0x30, 0x33, 0x39, 0x30, // 879e-05, 0.00390
	0x36, 0x32, 0x35, 0x2c, 0x20, 0x31, 0x2e, 0x30, 0x29, 0x29, 0x3b, 0x0a, 0x20, 0x20, 0x20, 0x20, // 625, 1.0));.
	0x20, 0x20, 0x20, 0x20, 0x66, 0x6c, 0x6f, 0x61, 0x74, 0x20, 0x74, 0x6d, 0x70, 0x76, 0x61, 0x72, //     float tmpvar
	0x5f, 0x37, 0x31, 0x3b, 0x0a, 0x20, 0x20, 0x20, 0x20, 0x20, 0x20, 0x20, 0x20, 0x69, 0x66, 0x20, // _71;.        if
	0x28, 0x28, 0x74, 0x6d, 0x70, 0x76, 0x61, 0x72, 0x5f, 0x34, 0x33, 0x20, 0x3c, 0x3d, 0x20, 0x74, // ((tmpvar_43 <= t
	0x6d, 0x70, 0x76, 0x61, 0x72, 0x5f, 0x37, 0x30, 0x29, 0x29, 0x20, 0x7b, 0x0a, 0x20, 0x20, 0x20, // mpvar_70)) {.
	0x20, 0x20, 0x20, 0x20, 0x20, 0x20, 0x20, 0x74, 0x6d, 0x70, 0x76, 0x61, 0x72, 0x5f, 0x37, 0x31, //        tmpvar_71
	0x20, 0x3d, 0x20, 0x31, 0x2e, 0x30, 0x3b, 0x0a, 0x20, 0x20, 0x20, 0x20, 0x20, 0x20, 0x20, 0x20, //  = 1.0;.
	0x7d, 0x20, 0x65, 0x6c, 0x73, 0x65, 0x20, 0x7b, 0x0a, 0x20, 0x20, 0x20, 0x20, 0x20, 0x20, 0x20, // } else {.
	0x20, 0x20, 0x20, 0x74, 0x6d, 0x70, 0x76, 0x61, 0x72, 0x5f, 0x37, 0x31, 0x20, 0x3d, 0x20, 0x30, //    tmpvar_71 = 0
	0x2e, 0x30, 0x3b, 0x0a, 0x20, 0x20, 0x20, 0x20, 0x20, 0x20, 0x20, 0x20, 0x7d, 0x3b, 0x0a, 0x20, // .0;.        };.
	0x20, 0x20, 0x20, 0x20, 0x20, 0x20, 0x20, 0x76, 0x69, 0x73, 0x69, 0x62, 0x69, 0x6c, 0x69, 0x74, //        visibilit
	0x79, 0x5f, 0x34, 0x31, 0x20, 0x3d, 0x20, 0x28, 0x76, 0x69, 0x73, 0x69, 0x62, 0x69, 0x6c, 0x69, // y_41 = (visibili
	0x74, 0x79, 0x5f, 0x34, 0x31, 0x20, 0x2b, 0x20, 0x28, 0x74, 0x6d, 0x70, 0x76, 0x61, 0x72, 0x5f, // ty_41 + (tmpvar_
	0x37, 0x31, 0x20, 0x2a, 0x20, 0x33, 0x2e, 0x30, 0x29, 0x29, 0x3b, 0x0a, 0x20, 0x20, 0x20, 0x20, // 71 * 3.0));.
	0x20, 0x20, 0x20, 0x20, 0x6c, 0x6f, 0x77, 0x70, 0x20, 0x66, 0x6c, 0x6f, 0x61, 0x74, 0x20, 0x74, //     lowp float t
	0x6d, 0x70, 0x76, 0x61, 0x72, 0x5f, 0x37, 0x32, 0x3b, 0x0a, 0x20, 0x20, 0x20, 0x20, 0x20, 0x20, // mpvar_72;.
	0x20, 0x20, 0x74, 0x6d, 0x70, 0x76, 0x61, 0x72, 0x5f, 0x37, 0x32, 0x20, 0x3d, 0x20, 0x64, 0x6f, //   tmpvar_72 = do
	0x74, 0x20, 0x28, 0x74, 0x65, 0x78, 0x74, 0x75, 0x72, 0x65, 0x20, 0x28, 0x73, 0x5f, 0x73, 0x68, // t (texture (s_sh
	0x61, 0x64, 0x6f, 0x77, 0x4d, 0x61, 0x70, 0x2c, 0x20, 0x28, 0x74, 0x6d, 0x70, 0x76, 0x61, 0x72, // adowMap, (tmpvar
	0x5f, 0x34, 0x32, 0x2e, 0x78, 0x79, 0x20, 0x2b, 0x20, 0x28, 0x76, 0x65, 0x63, 0x32, 0x28, 0x31, // _42.xy + (vec2(1
	0x2e, 0x35, 0x2c, 0x20, 0x30, 0x2e, 0x35, 0x29, 0x20, 0x2a, 0x20, 0x75, 0x5f, 0x73, 0x68, 0x61, // .5, 0.5) * u_sha
	0x64, 0x6f, 0x77, 0x50, 0x61, 0x72, 0x61, 0x6d, 0x73, 0x2e, 0x7a, 0x7a, 0x29, 0x29, 0x29, 0x2c, // dowParams.zz))),
	0x20, 0x76, 0x65, 0x63, 0x34, 0x28, 0x35, 0x2e, 0x39, 0x36, 0x30, 0x34, 0x36, 0x34, 0x65, 0x2d, //  vec4(5.960464e-
	0x30, 0x38, 0x2c, 0x20, 0x31, 0x2e, 0x35, 0x32, 0x35, 0x38, 0x37, 0x39, 0x65, 0x2d, 0x30, 0x35, // 08, 1.525879e-05
	0x2c, 0x20, 0x30, 0x2e, 0x30, 0x30, 0x33, 0x39, 0x30, 0x36, 0x32, 0x35, 0x2c, 0x20, 0x31, 0x2e, // , 0.00390625, 1.
	0x30, 0x29, 0x29, 0x3b, 0x0a, 0x20, 0x20, 0x20, 0x20, 0x20, 0x20, 0x20, 0x20, 0x66, 0x6c, 0x6f, // 0));.        flo
	0x61, 0x74, 0x20, 0x74, 0x6d, 0x70, 0x76, 0x61, 0x72, 0x5f, 0x37, 0x33, 0x3b, 0x0a, 0x20, 0x20, // at tmpvar_73;.
	0x20, 0x20, 0x20, 0x20, 0x20, 0x20, 0x69, 0x66, 0x20, 0x28, 0x28, 0x74, 0x6d, 0x70, 0x76, 0x61, //       if ((tmpva
	0x72, 0x5f, 0x34, 0x33, 0x20, 0x3c, 0x3d, 0x20, 0x74, 0x6d, 0x70, 0x76, 0x61, 0x72, 0x5f, 0x37, // r_43 <= tmpvar_7
	0x32, 0x29, 0x29, 0x20, 0x7b, 0x0a, 0x20, 0x20, 0x20, 0x20, 0x20, 0x20, 0x20, 0x20, 0x20, 0x20, // 2)) {.
	0x74, 0x6d, 0x70, 0x76, 0x61, 0x72, 0x5f, 0x37, 0x33, 0x20, 0x3d, 0x20, 0x31, 0x2e, 0x30, 0x3b, // tmpvar_73 = 1.0;
	0x0a, 0x20, 0x20, 0x20, 0x20, 0x20, 0x20, 0x20, 0x20, 0x7d, 0x20, 0x65, 0x6c, 0x73, 0x65, 0x20, // .        } else
	0x7b, 0x0a, 0x20, 0x20, 0x20, 0x20, 0x20, 0x20, 0x20, 0x20, 0x20, 0x20, 0x74, 0x6d, 0x70, 0x76, // {.          tmpv
	0x61, 0x72, 0x5f, 0x37, 0x33, 0x20, 0x3d, 0x20, 0x30, 0x2e, 0x30, 0x3b, 0x0a, 0x20, 0x20, 0x20, // ar_73 = 0.0;.
	0x20, 0x20, 0x20, 0x20, 0x20, 0x7d, 0x3b, 0x0a, 0x20, 0x20, 0x20, 0x20, 0x20, 0x20, 0x20, 0x20, //      };.
	0x76, 0x69, 0x73, 0x69, 0x62, 0x69, 0x6c, 0x69, 0x74, 0x79, 0x5f, 0x34, 0x31, 0x20, 0x3d, 0x20, // visibility_41 =
	0x28, 0x76, 0x69, 0x73, 0x69, 0x62, 0x69, 0x6c, 0x69, 0x74, 0x79, 0x5f, 0x34, 0x31, 0x20, 0x2b, // (visibility_41 +
	0x20, 0x28, 0x74, 0x6d, 0x70, 0x76, 0x61, 0x72, 0x5f, 0x37, 0x33, 0x20, 0x2a, 0x20, 0x33, 0x2e, //  (tmpvar_73 * 3.
	0x30, 0x29, 0x29, 0x3b, 0x0a, 0x20, 0x20, 0x20, 0x20, 0x20, 0x20, 0x20, 0x20, 0x6c, 0x6f, 0x77, // 0));.        low
	0x70, 0x20, 0x66, 0x6c, 0x6f, 0x61, 0x74, 0x20, 0x74, 0x6d, 0x70, 0x76, 0x61, 0x72, 0x5f, 0x37, // p float tmpvar_7
	0x34, 0x3b, 0x0a, 0x20, 0x20, 0x20, 0x20, 0x20, 0x20, 0x20, 0x20, 0x74, 0x6d, 0x70, 0x76, 0x61, // 4;.        tmpva
	0x72, 0x5f, 0x37, 0x34, 0x20, 0x3d, 0x20, 0x64, 0x6f, 0x74, 0x20, 0x28, 0x74, 0x65, 0x78, 0x74, // r_74 = dot (text
	0x75, 0x72, 0x65, 0x20, 0x28, 0x73, 0x5f, 0x73, 0x68, 0x61, 0x64, 0x6f, 0x77, 0x4d, 0x61, 0x70, // ure (s_shadowMap
	0x2c, 0x20, 0x28, 0x74, 0x6d, 0x70, 0x76, 0x61, 0x72, 0x5f, 0x34, 0x32, 0x2e, 0x78, 0x79, 0x20, // , (tmpvar_42.xy
	0x2b, 0x20, 0x28, 0x76, 0x65, 0x63, 0x32, 0x28, 0x31, 0x2e, 0x35, 0x2c, 0x20, 0x31, 0x2e, 0x35, // + (vec2(1.5, 1.5
	0x29, 0x20, 0x2a, 0x20, 0x75, 0x5f, 0x73, 0x68, 0x61, 0x64, 0x6f, 0x77, 0x50, 0x61, 0x72, 0x61, // ) * u_shadowPara
	0x6d, 0x73, 0x2e, 0x7a, 0x7a, 0x29, 0x29, 0x29, 0x2c, 0x20, 0x76, 0x65, 0x63, 0x34, 0x28, 0x35, // ms.zz))), vec4(5
	0x2e, 0x39, 0x36, 0x30, 0x34, 0x36, 0x34, 0x65, 0x2d, 0x30, 0x38, 0x2c, 0x20, 0x31, 0x2e, 0x35, // .960464e-08, 1.5
	0x32, 0x35, 0x38, 0x37, 0x39, 0x65, 0x2d, 0x30, 0x35, 0x2c, 0x20, 0x30, 0x2e, 0x30, 0x30, 0x33, // 25879e-05, 0.003
	0x39, 0x30, 0x36, 0x32, 0x35, 0x2c, 0x20, 0x31, 0x2e, 0x30, 0x29, 0x29, 0x3b, 0x0a, 0x20, 0x20, // 90625, 1.0));.
	0x20, 0x20, 0x20, 0x20, 0x20, 0x20, 0x66, 0x6c, 0x6f, 0x61, 0x74, 0x20, 0x74, 0x6d, 0x70, 0x76, //       float tmpv
	0x61, 0x72, 0x5f, 0x37, 0x35, 0x3b, 0x0a, 0x20, 0x20, 0x20, 0x20, 0x20, 0x20, 0x20, 0x20, 0x69, // ar_75;.        i
	0x66, 0x20, 0x28, 0x28, 0x74, 0x6d, 0x70, 0x76, 0x61, 0x72, 0x5f, 0x34, 0x33, 0x20, 0x3c, 0x3d, // f ((tmpvar_43 <=
	0x20, 0x74, 0x6d, 0x70, 0x76, 0x61, 0x72, 0x5f, 0x37, 0x34, 0x29, 0x29, 0x20, 0x7b, 0x0a, 0x20, //  tmpvar_74)) {.
	0x20, 0x20, 0x20, 0x20, 0x20, 0x20, 0x20, 0x20, 0x20, 0x74, 0x6d, 0x70, 0x76, 0x61, 0x72, 0x5f, //          tmpvar_
	0x37, 0x35, 0x20, 0x3d, 0x20, 0x31, 0x2e, 0x30, 0x3b, 0x0a, 0x20, 0x20, 0x20, 0x20, 0x20, 0x20, // 75 = 1.0;.
	0x20, 0x20, 0x7d, 0x20, 0x65, 0x6c, 0x73, 0x65, 0x20, 0x7b, 0x0a, 0x20, 0x20, 0x20, 0x20, 0x20, //   } else {.
	0x20, 0x20, 0x20, 0x20, 0x20, 0x74, 0x6d, 0x70, 0x76, 0x61, 0x72, 0x5f, 0x37, 0x35, 0x20, 0x3d, //      tmpvar_75 =
	0x20, 0x30, 0x2e, 0x30, 0x3b, 0x0a, 0x20, 0x20, 0x20, 0x20, 0x20, 0x20, 0x20, 0x20, 0x7d, 0x3b, //  0.0;.        };
	0x0a, 0x20, 0x20, 0x20, 0x20, 0x20, 0x20, 0x20, 0x20, 0x76, 0x69, 0x73, 0x69, 0x62, 0x69, 0x6c, // .        visibil
	0x69, 0x74, 0x79, 0x5f, 0x34, 0x31, 0x20, 0x3d, 0x20, 0x28, 0x76, 0x69, 0x73, 0x69, 0x62, 0x69, // ity_41 = (visibi
	0x6c, 0x69, 0x74, 0x79, 0x5f, 0x34, 0x31, 0x20, 0x2b, 0x20, 0x74, 0x6d, 0x70, 0x76, 0x61, 0x72, // lity_41 + tmpvar
	0x5f, 0x37, 0x35, 0x29, 0x3b, 0x0a, 0x20, 0x20, 0x20, 0x20, 0x20, 0x20, 0x20, 0x20, 0x74, 0x6d, // _75);.        tm
	0x70, 0x76, 0x61, 0x72, 0x5f, 0x34, 0x30, 0x20, 0x3d, 0x20, 0x28, 0x76, 0x69, 0x73, 0x69, 0x62, // pvar_40 = (visib
	0x69, 0x6c, 0x69, 0x74, 0x79, 0x5f, 0x34, 0x31, 0x20, 0x2f, 0x20, 0x36, 0x34, 0x2e, 0x30, 0x29, // ility_41 / 64.0)
	0x3b, 0x0a, 0x20, 0x20, 0x20, 0x20, 0x20, 0x20, 0x7d, 0x3b, 0x0a, 0x20, 0x20, 0x20, 0x20, 0x7d, // ;.      };.    }
	0x3b, 0x0a, 0x20, 0x20, 0x20, 0x20, 0x64, 0x69, 0x72, 0x65, 0x63, 0x74, 0x5f, 0x32, 0x20, 0x3d, // ;.    direct_2 =
	0x20, 0x28, 0x74, 0x6d, 0x70, 0x76, 0x61, 0x72, 0x5f, 0x32, 0x34, 0x20, 0x2a, 0x20, 0x74, 0x6d, //  (tmpvar_24 * tm
	0x70, 0x76, 0x61, 0x72, 0x5f, 0x34, 0x30, 0x29, 0x3b, 0x0a, 0x20, 0x20, 0x7d, 0x3b, 0x0a, 0x20, // pvar_40);.  };.
	0x20, 0x66, 0x6f, 0x72, 0x20, 0x28, 0x68, 0x69, 0x67, 0x68, 0x70, 0x20, 0x69, 0x6e, 0x74, 0x20, //  for (highp int
	0x6c, 0x69, 0x67, 0x68, 0x74, 0x49, 0x6e, 0x64, 0x65, 0x78, 0x5f, 0x31, 0x20, 0x3d, 0x20, 0x30, // lightIndex_1 = 0
	0x3b, 0x20, 0x6c, 0x69, 0x67, 0x68, 0x74, 0x49, 0x6e, 0x64, 0x65, 0x78, 0x5f, 0x31, 0x20, 0x3c, // ; lightIndex_1 <
	0x20, 0x34, 0x3b, 0x20, 0x6c, 0x69, 0x67, 0x68, 0x74, 0x49, 0x6e, 0x64, 0x65, 0x78, 0x5f, 0x31, //  4; lightIndex_1
	0x2b, 0x2b, 0x29, 0x20, 0x7b, 0x0a, 0x20, 0x20, 0x20, 0x20, 0x66, 0x6c, 0x6f, 0x61, 0x74, 0x20, // ++) {.    float
	0x74, 0x6d, 0x70, 0x76, 0x61, 0x72, 0x5f, 0x37, 0x36, 0x3b, 0x0a, 0x20, 0x20, 0x20, 0x20, 0x74, // tmpvar_76;.    t
	0x6d, 0x70, 0x76, 0x61, 0x72, 0x5f, 0x37, 0x36, 0x20, 0x3d, 0x20, 0x75, 0x5f, 0x70, 0x6f, 0x69, // mpvar_76 = u_poi
	0x6e, 0x74, 0x4c, 0x69, 0x67, 0x68, 0x74, 0x50, 0x6f, 0x73, 0x69, 0x74, 0x69, 0x6f, 0x6e, 0x52, // ntLightPositionR
	0x61, 0x6e, 0x67, 0x65, 0x5b, 0x6c, 0x69, 0x67, 0x68, 0x74, 0x49, 0x6e, 0x64, 0x65, 0x78, 0x5f, // ange[lightIndex_
	0x31, 0x5d, 0x2e, 0x77, 0x3b, 0x0a, 0x20, 0x20, 0x20, 0x20, 0x76, 0x65, 0x63, 0x33, 0x20, 0x74, // 1].w;.    vec3 t
	0x6d, 0x70, 0x76, 0x61, 0x72, 0x5f, 0x37, 0x37, 0x3b, 0x0a, 0x20, 0x20, 0x20, 0x20, 0x74, 0x6d, // mpvar_77;.    tm
	0x70, 0x76, 0x61, 0x72, 0x5f, 0x37, 0x37, 0x20, 0x3d, 0x20, 0x28, 0x75, 0x5f, 0x70, 0x6f, 0x69, // pvar_77 = (u_poi
	0x6e, 0x74, 0x4c, 0x69, 0x67, 0x68, 0x74, 0x50, 0x6f, 0x73, 0x69, 0x74, 0x69, 0x6f, 0x6e, 0x52, // ntLightPositionR
	0x61, 0x6e, 0x67, 0x65, 0x5b, 0x6c, 0x69, 0x67, 0x68, 0x74, 0x49, 0x6e, 0x64, 0x65, 0x78, 0x5f, // ange[lightIndex_
	0x31, 0x5d, 0x2e, 0x78, 0x79, 0x7a, 0x20, 0x2d, 0x20, 0x76, 0x5f, 0x77, 0x6f, 0x72, 0x6c, 0x64, // 1].xyz - v_world
	0x50, 0x6f, 0x73, 0x2e, 0x78, 0x79, 0x7a, 0x29, 0x3b, 0x0a, 0x20, 0x20, 0x20, 0x20, 0x66, 0x6c, // Pos.xyz);.    fl
	0x6f, 0x61, 0x74, 0x20, 0x74, 0x6d, 0x70, 0x76, 0x61, 0x72, 0x5f, 0x37, 0x38, 0x3b, 0x0a, 0x20, // oat tmpvar_78;.
	0x20, 0x20, 0x20, 0x74, 0x6d, 0x70, 0x76, 0x61, 0x72, 0x5f, 0x37, 0x38, 0x20, 0x3d, 0x20, 0x73, //    tmpvar_78 = s
	0x71, 0x72, 0x74, 0x28, 0x64, 0x6f, 0x74, 0x20, 0x28, 0x74, 0x6d, 0x70, 0x76, 0x61, 0x72, 0x5f, // qrt(dot (tmpvar_
	0x37, 0x37, 0x2c, 0x20, 0x74, 0x6d, 0x70, 0x76, 0x61, 0x72, 0x5f, 0x37, 0x37, 0x29, 0x29, 0x3b, // 77, tmpvar_77));
	0x0a, 0x20, 0x20, 0x20, 0x20, 0x69, 0x66, 0x20, 0x28, 0x28, 0x28, 0x74, 0x6d, 0x70, 0x76, 0x61, // .    if (((tmpva
	0x72, 0x5f, 0x37, 0x36, 0x20, 0x3e, 0x20, 0x30, 0x2e, 0x30, 0x29, 0x20, 0x26, 0x26, 0x20, 0x28, // r_76 > 0.0) && (
	0x74, 0x6d, 0x70, 0x76, 0x61, 0x72, 0x5f, 0x37, 0x38, 0x20, 0x3c, 0x20, 0x74, 0x6d, 0x70, 0x76, // tmpvar_78 < tmpv
	0x61, 0x72, 0x5f, 0x37, 0x36, 0x29, 0x29, 0x29, 0x20, 0x7b, 0x0a, 0x20, 0x20, 0x20, 0x20, 0x20, // ar_76))) {.
	0x20, 0x66, 0x6c, 0x6f, 0x61, 0x74, 0x20, 0x74, 0x6d, 0x70, 0x76, 0x61, 0x72, 0x5f, 0x37, 0x39, //  float tmpvar_79
	0x3b, 0x0a, 0x20, 0x20, 0x20, 0x20, 0x20, 0x20, 0x74, 0x6d, 0x70, 0x76, 0x61, 0x72, 0x5f, 0x37, // ;.      tmpvar_7
	0x39, 0x20, 0x3d, 0x20, 0x63, 0x6c, 0x61, 0x6d, 0x70, 0x20, 0x28, 0x28, 0x31, 0x2e, 0x30, 0x20, // 9 = clamp ((1.0
	0x2d, 0x20, 0x70, 0x6f, 0x77, 0x20, 0x28, 0x0a, 0x20, 0x20, 0x20, 0x20, 0x20, 0x20, 0x20, 0x20, // - pow (.
	0x28, 0x74, 0x6d, 0x70, 0x76, 0x61, 0x72, 0x5f, 0x37, 0x38, 0x20, 0x2f, 0x20, 0x74, 0x6d, 0x70, // (tmpvar_78 / tmp
	0x76, 0x61, 0x72, 0x5f, 0x37, 0x36, 0x29, 0x0a, 0x20, 0x20, 0x20, 0x20, 0x20, 0x20, 0x2c, 0x20, // var_76).      ,
	0x34, 0x2e, 0x30, 0x29, 0x29, 0x2c, 0x20, 0x30, 0x2e, 0x30, 0x2c, 0x20, 0x31, 0x2e, 0x30, 0x29, // 4.0)), 0.0, 1.0)
	0x3b, 0x0a, 0x20, 0x20, 0x20, 0x20, 0x20, 0x20, 0x76, 0x65, 0x63, 0x33, 0x20, 0x74, 0x6d, 0x70, // ;.      vec3 tmp
	0x76, 0x61, 0x72, 0x5f, 0x38, 0x30, 0x3b, 0x0a, 0x20, 0x20, 0x20, 0x20, 0x20, 0x20, 0x74, 0x6d, // var_80;.      tm
	0x70, 0x76, 0x61, 0x72, 0x5f, 0x38, 0x30, 0x20, 0x3d, 0x20, 0x6e, 0x6f, 0x72, 0x6d, 0x61, 0x6c, // pvar_80 = normal
	0x69, 0x7a, 0x65, 0x28, 0x74, 0x6d, 0x70, 0x76, 0x61, 0x72, 0x5f, 0x37, 0x37, 0x29, 0x3b, 0x0a, // ize(tmpvar_77);.
	0x20, 0x20, 0x20, 0x20, 0x20, 0x20, 0x76, 0x65, 0x63, 0x33, 0x20, 0x6c, 0x69, 0x67, 0x68, 0x74, //       vec3 light
	0x43, 0x6f, 0x6c, 0x6f, 0x72, 0x5f, 0x38, 0x31, 0x3b, 0x0a, 0x20, 0x20, 0x20, 0x20, 0x20, 0x20, // Color_81;.
	0x6c, 0x69, 0x67, 0x68, 0x74, 0x43, 0x6f, 0x6c, 0x6f, 0x72, 0x5f, 0x38, 0x31, 0x20, 0x3d, 0x20, // lightColor_81 =
	0x28, 0x28, 0x75, 0x5f, 0x70, 0x6f, 0x69, 0x6e, 0x74, 0x4c, 0x69, 0x67, 0x68, 0x74, 0x43, 0x6f, // ((u_pointLightCo
	0x6c, 0x6f, 0x72, 0x49, 0x6e, 0x74, 0x65, 0x6e, 0x73, 0x69, 0x74, 0x79, 0x5b, 0x6c, 0x69, 0x67, // lorIntensity[lig
	0x68, 0x74, 0x49, 0x6e, 0x64, 0x65, 0x78, 0x5f, 0x31, 0x5d, 0x2e, 0x78, 0x79, 0x7a, 0x20, 0x2a, // htIndex_1].xyz *
	0x20, 0x75, 0x5f, 0x70, 0x6f, 0x69, 0x6e, 0x74, 0x4c, 0x69, 0x67, 0x68, 0x74, 0x43, 0x6f, 0x6c, //  u_pointLightCol
	0x6f, 0x72, 0x49, 0x6e, 0x74, 0x65, 0x6e, 0x73, 0x69, 0x74, 0x79, 0x5b, 0x6c, 0x69, 0x67, 0x68, // orIntensity[ligh
	0x74, 0x49, 0x6e, 0x64, 0x65, 0x78, 0x5f, 0x31, 0x5d, 0x2e, 0x77, 0x29, 0x20, 0x2a, 0x20, 0x28, // tIndex_1].w) * (
	0x28, 0x74, 0x6d, 0x70, 0x76, 0x61, 0x72, 0x5f, 0x37, 0x39, 0x20, 0x2a, 0x20, 0x74, 0x6d, 0x70, // (tmpvar_79 * tmp
	0x76, 0x61, 0x72, 0x5f, 0x37, 0x39, 0x29, 0x20, 0x2f, 0x20, 0x6d, 0x61, 0x78, 0x20, 0x28, 0x0a, // var_79) / max (.
	0x20, 0x20, 0x20, 0x20, 0x20, 0x20, 0x20, 0x20, 0x28, 0x74, 0x6d, 0x70, 0x76, 0x61, 0x72, 0x5f, //         (tmpvar_
	0x37, 0x38, 0x20, 0x2a, 0x20, 0x74, 0x6d, 0x70, 0x76, 0x61, 0x72, 0x5f, 0x37, 0x38, 0x29, 0x0a, // 78 * tmpvar_78).
	0x20, 0x20, 0x20, 0x20, 0x20, 0x20, 0x2c, 0x20, 0x30, 0x2e, 0x30, 0x31, 0x29, 0x29, 0x29, 0x3b, //       , 0.01)));
	0x0a, 0x20, 0x20, 0x20, 0x20, 0x20, 0x20, 0x68, 0x69, 0x67, 0x68, 0x70, 0x20, 0x76, 0x65, 0x63, // .      highp vec
	0x33, 0x20, 0x76, 0x61, 0x6c, 0x75, 0x65, 0x5f, 0x38, 0x32, 0x3b, 0x0a, 0x20, 0x20, 0x20, 0x20, // 3 value_82;.
	0x20, 0x20, 0x76, 0x61, 0x6c, 0x75, 0x65, 0x5f, 0x38, 0x32, 0x20, 0x3d, 0x20, 0x28, 0x76, 0x5f, //   value_82 = (v_
	0x38, 0x20, 0x2b, 0x20, 0x74, 0x6d, 0x70, 0x76, 0x61, 0x72, 0x5f, 0x38, 0x30, 0x29, 0x3b, 0x0a, // 8 + tmpvar_80);.
	0x20, 0x20, 0x20, 0x20, 0x20, 0x20, 0x68, 0x69, 0x67, 0x68, 0x70, 0x20, 0x76, 0x65, 0x63, 0x33, //       highp vec3
	0x20, 0x74, 0x6d, 0x70, 0x76, 0x61, 0x72, 0x5f, 0x38, 0x33, 0x3b, 0x0a, 0x20, 0x20, 0x20, 0x20, //  tmpvar_83;.
	0x20, 0x20, 0x68, 0x69, 0x67, 0x68, 0x70, 0x20, 0x66, 0x6c, 0x6f, 0x61, 0x74, 0x20, 0x74, 0x6d, //   highp float tm
	0x70, 0x76, 0x61, 0x72, 0x5f, 0x38, 0x34, 0x3b, 0x0a, 0x20, 0x20, 0x20, 0x20, 0x20, 0x20, 0x74, // pvar_84;.      t
	0x6d, 0x70, 0x76, 0x61, 0x72, 0x5f, 0x38, 0x34, 0x20, 0x3d, 0x20, 0x64, 0x6f, 0x74, 0x20, 0x28, // mpvar_84 = dot (
	0x76, 0x61, 0x6c, 0x75, 0x65, 0x5f, 0x38, 0x32, 0x2c, 0x20, 0x76, 0x61, 0x6c, 0x75, 0x65, 0x5f, // value_82, value_
	0x38, 0x32, 0x29, 0x3b, 0x0a, 0x20, 0x20, 0x20, 0x20, 0x20, 0x20, 0x69, 0x66, 0x20, 0x28, 0x28, // 82);.      if ((
	0x28, 0x74, 0x6d, 0x70, 0x76, 0x61, 0x72, 0x5f, 0x38, 0x34, 0x20, 0x21, 0x3d, 0x20, 0x74, 0x6d, // (tmpvar_84 != tm
	0x70, 0x76, 0x61, 0x72, 0x5f, 0x38, 0x34, 0x29, 0x20, 0x7c, 0x7c, 0x20, 0x28, 0x74, 0x6d, 0x70, // pvar_84) || (tmp
	0x76, 0x61, 0x72, 0x5f, 0x38, 0x34, 0x20, 0x3c, 0x3d, 0x20, 0x31, 0x65, 0x2d, 0x30, 0x36, 0x29, // var_84 <= 1e-06)
	0x29, 0x29, 0x20, 0x7b, 0x0a, 0x20, 0x20, 0x20, 0x20, 0x20, 0x20, 0x20, 0x20, 0x74, 0x6d, 0x70, // )) {.        tmp
	0x76, 0x61, 0x72, 0x5f, 0x38, 0x33, 0x20, 0x3d, 0x20, 0x6e, 0x5f, 0x39, 0x3b, 0x0a, 0x20, 0x20, // var_83 = n_9;.
	0x20, 0x20, 0x20, 0x20, 0x7d, 0x20, 0x65, 0x6c, 0x73, 0x65, 0x20, 0x7b, 0x0a, 0x20, 0x20, 0x20, //     } else {.
	0x20, 0x20, 0x20, 0x20, 0x20, 0x74, 0x6d, 0x70, 0x76, 0x61, 0x72, 0x5f, 0x38, 0x33, 0x20, 0x3d, //      tmpvar_83 =
	0x20, 0x28, 0x76, 0x61, 0x6c, 0x75, 0x65, 0x5f, 0x38, 0x32, 0x20, 0x2a, 0x20, 0x69, 0x6e, 0x76, //  (value_82 * inv
	0x65, 0x72, 0x73, 0x65, 0x73, 0x71, 0x72, 0x74, 0x28, 0x74, 0x6d, 0x70, 0x76, 0x61, 0x72, 0x5f, // ersesqrt(tmpvar_
	0x38, 0x34, 0x29, 0x29, 0x3b, 0x0a, 0x20, 0x20, 0x20, 0x20, 0x20, 0x20, 0x7d, 0x3b, 0x0a, 0x20, // 84));.      };.
	0x20, 0x20, 0x20, 0x20, 0x20, 0x68, 0x69, 0x67, 0x68, 0x70, 0x20, 0x66, 0x6c, 0x6f, 0x61, 0x74, //      highp float
	0x20, 0x74, 0x6d, 0x70, 0x76, 0x61, 0x72, 0x5f, 0x38, 0x35, 0x3b, 0x0a, 0x20, 0x20, 0x20, 0x20, //  tmpvar_85;.
	0x20, 0x20, 0x74, 0x6d, 0x70, 0x76, 0x61, 0x72, 0x5f, 0x38, 0x35, 0x20, 0x3d, 0x20, 0x63, 0x6c, //   tmpvar_85 = cl
	0x61, 0x6d, 0x70, 0x20, 0x28, 0x64, 0x6f, 0x74, 0x20, 0x28, 0x6e, 0x5f, 0x39, 0x2c, 0x20, 0x74, // amp (dot (n_9, t
	0x6d, 0x70, 0x76, 0x61, 0x72, 0x5f, 0x38, 0x30, 0x29, 0x2c, 0x20, 0x30, 0x2e, 0x30, 0x2c, 0x20, // mpvar_80), 0.0,
	0x31, 0x2e, 0x30, 0x29, 0x3b, 0x0a, 0x20, 0x20, 0x20, 0x20, 0x20, 0x20, 0x68, 0x69, 0x67, 0x68, // 1.0);.      high
	0x70, 0x20, 0x66, 0x6c, 0x6f, 0x61, 0x74, 0x20, 0x74, 0x6d, 0x70, 0x76, 0x61, 0x72, 0x5f, 0x38, // p float tmpvar_8
	0x36, 0x3b, 0x0a, 0x20, 0x20, 0x20, 0x20, 0x20, 0x20, 0x74, 0x6d, 0x70, 0x76, 0x61, 0x72, 0x5f, // 6;.      tmpvar_
	0x38, 0x36, 0x20, 0x3d, 0x20, 0x6d, 0x61, 0x78, 0x20, 0x28, 0x63, 0x6c, 0x61, 0x6d, 0x70, 0x20, // 86 = max (clamp
	0x28, 0x64, 0x6f, 0x74, 0x20, 0x28, 0x6e, 0x5f, 0x39, 0x2c, 0x20, 0x76, 0x5f, 0x38, 0x29, 0x2c, // (dot (n_9, v_8),
	0x20, 0x30, 0x2e, 0x30, 0x2c, 0x20, 0x31, 0x2e, 0x30, 0x29, 0x2c, 0x20, 0x31, 0x65, 0x2d, 0x30, //  0.0, 1.0), 1e-0
	0x36, 0x29, 0x3b, 0x0a, 0x20, 0x20, 0x20, 0x20, 0x20, 0x20, 0x68, 0x69, 0x67, 0x68, 0x70, 0x20, // 6);.      highp
	0x66, 0x6c, 0x6f, 0x61, 0x74, 0x20, 0x74, 0x6d, 0x70, 0x76, 0x61, 0x72, 0x5f, 0x38, 0x37, 0x3b, // float tmpvar_87;
	0x0a, 0x20, 0x20, 0x20, 0x20, 0x20, 0x20, 0x74, 0x6d, 0x70, 0x76, 0x61, 0x72, 0x5f, 0x38, 0x37, // .      tmpvar_87
	0x20, 0x3d, 0x20, 0x63, 0x6c, 0x61, 0x6d, 0x70, 0x20, 0x28, 0x64, 0x6f, 0x74, 0x20, 0x28, 0x6e, //  = clamp (dot (n
	0x5f, 0x39, 0x2c, 0x20, 0x74, 0x6d, 0x70, 0x76, 0x61, 0x72, 0x5f, 0x38, 0x33, 0x29, 0x2c, 0x20, // _9, tmpvar_83),
	0x30, 0x2e, 0x30, 0x2c, 0x20, 0x31, 0x2e, 0x30, 0x29, 0x3b, 0x0a, 0x20, 0x20, 0x20, 0x20, 0x20, // 0.0, 1.0);.
	0x20, 0x68, 0x69, 0x67, 0x68, 0x70, 0x20, 0x66, 0x6c, 0x6f, 0x61, 0x74, 0x20, 0x74, 0x6d, 0x70, //  highp float tmp
	0x76, 0x61, 0x72, 0x5f, 0x38, 0x38, 0x3b, 0x0a, 0x20, 0x20, 0x20, 0x20, 0x20, 0x20, 0x74, 0x6d, // var_88;.      tm
	0x70, 0x76, 0x61, 0x72, 0x5f, 0x38, 0x38, 0x20, 0x3d, 0x20, 0x63, 0x6c, 0x61, 0x6d, 0x70, 0x20, // pvar_88 = clamp
	0x28, 0x64, 0x6f, 0x74, 0x20, 0x28, 0x74, 0x6d, 0x70, 0x76, 0x61, 0x72, 0x5f, 0x38, 0x33, 0x2c, // (dot (tmpvar_83,
	0x20, 0x76, 0x5f, 0x38, 0x29, 0x2c, 0x20, 0x30, 0x2e, 0x30, 0x2c, 0x20, 0x31, 0x2e, 0x30, 0x29, //  v_8), 0.0, 1.0)
	0x3b, 0x0a, 0x20, 0x20, 0x20, 0x20, 0x20, 0x20, 0x68, 0x69, 0x67, 0x68, 0x70, 0x20, 0x76, 0x65, // ;.      highp ve
	0x63, 0x33, 0x20, 0x74, 0x6d, 0x70, 0x76, 0x61, 0x72, 0x5f, 0x38, 0x39, 0x3b, 0x0a, 0x20, 0x20, // c3 tmpvar_89;.
	0x20, 0x20, 0x20, 0x20, 0x74, 0x6d, 0x70, 0x76, 0x61, 0x72, 0x5f, 0x38, 0x39, 0x20, 0x3d, 0x20, //     tmpvar_89 =
	0x28, 0x64, 0x69, 0x65, 0x6c, 0x65, 0x63, 0x74, 0x72, 0x69, 0x63, 0x46, 0x30, 0x43, 0x6f, 0x6c, // (dielectricF0Col
	0x6f, 0x72, 0x5f, 0x34, 0x20, 0x2b, 0x20, 0x28, 0x28, 0x64, 0x69, 0x65, 0x6c, 0x65, 0x63, 0x74, // or_4 + ((dielect
	0x72, 0x69, 0x63, 0x46, 0x39, 0x30, 0x43, 0x6f, 0x6c, 0x6f, 0x72, 0x5f, 0x33, 0x20, 0x2d, 0x20, // ricF90Color_3 -
	0x64, 0x69, 0x65, 0x6c, 0x65, 0x63, 0x74, 0x72, 0x69, 0x63, 0x46, 0x30, 0x43, 0x6f, 0x6c, 0x6f, // dielectricF0Colo
	0x72, 0x5f, 0x34, 0x29, 0x20, 0x2a, 0x20, 0x70, 0x6f, 0x77, 0x20, 0x28, 0x0a, 0x20, 0x20, 0x20, // r_4) * pow (.
	0x20, 0x20, 0x20, 0x20, 0x20, 0x28, 0x31, 0x2e, 0x30, 0x20, 0x2d, 0x20, 0x74, 0x6d, 0x70, 0x76, //      (1.0 - tmpv
	0x61, 0x72, 0x5f, 0x38, 0x38, 0x29, 0x0a, 0x20, 0x20, 0x20, 0x20, 0x20, 0x20, 0x2c, 0x20, 0x35, // ar_88).      , 5
	0x2e, 0x30, 0x29, 0x29, 0x29, 0x3b, 0x0a, 0x20, 0x20, 0x20, 0x20, 0x20, 0x20, 0x66, 0x6c, 0x6f, // .0)));.      flo
	0x61, 0x74, 0x20, 0x74, 0x6d, 0x70, 0x76, 0x61, 0x72, 0x5f, 0x39, 0x30, 0x3b, 0x0a, 0x20, 0x20, // at tmpvar_90;.
	0x20, 0x20, 0x20, 0x20, 0x74, 0x6d, 0x70, 0x76, 0x61, 0x72, 0x5f, 0x39, 0x30, 0x20, 0x3d, 0x20, //     tmpvar_90 =
	0x28, 0x72, 0x6f, 0x75, 0x67, 0x68, 0x6e, 0x65, 0x73, 0x73, 0x5f, 0x35, 0x20, 0x2a, 0x20, 0x72, // (roughness_5 * r
	0x6f, 0x75, 0x67, 0x68, 0x6e, 0x65, 0x73, 0x73, 0x5f, 0x35, 0x29, 0x3b, 0x0a, 0x20, 0x20, 0x20, // oughness_5);.
	0x20, 0x20, 0x20, 0x66, 0x6c, 0x6f, 0x61, 0x74, 0x20, 0x74, 0x6d, 0x70, 0x76, 0x61, 0x72, 0x5f, //    float tmpvar_
	0x39, 0x31, 0x3b, 0x0a, 0x20, 0x20, 0x20, 0x20, 0x20, 0x20, 0x74, 0x6d, 0x70, 0x76, 0x61, 0x72, // 91;.      tmpvar
	0x5f, 0x39, 0x31, 0x20, 0x3d, 0x20, 0x28, 0x74, 0x6d, 0x70, 0x76, 0x61, 0x72, 0x5f, 0x39, 0x30, // _91 = (tmpvar_90
	0x20, 0x2a, 0x20, 0x74, 0x6d, 0x70, 0x76, 0x61, 0x72, 0x5f, 0x39, 0x30, 0x29, 0x3b, 0x0a, 0x20, //  * tmpvar_90);.
	0x20, 0x20, 0x20, 0x20, 0x20, 0x68, 0x69, 0x67, 0x68, 0x70, 0x20, 0x66, 0x6c, 0x6f, 0x61, 0x74, //      highp float
	0x20, 0x74, 0x6d, 0x70, 0x76, 0x61, 0x72, 0x5f, 0x39, 0x32, 0x3b, 0x0a, 0x20, 0x20, 0x20, 0x20, //  tmpvar_92;.
	0x20, 0x20, 0x74, 0x6d, 0x70, 0x76, 0x61, 0x72, 0x5f, 0x39, 0x32, 0x20, 0x3d, 0x20, 0x28, 0x28, //   tmpvar_92 = ((
	0x28, 0x74, 0x6d, 0x70, 0x76, 0x61, 0x72, 0x5f, 0x38, 0x37, 0x20, 0x2a, 0x20, 0x74, 0x6d, 0x70, // (tmpvar_87 * tmp
	0x76, 0x61, 0x72, 0x5f, 0x38, 0x37, 0x29, 0x20, 0x2a, 0x20, 0x28, 0x74, 0x6d, 0x70, 0x76, 0x61, // var_87) * (tmpva
	0x72, 0x5f, 0x39, 0x31, 0x20, 0x2d, 0x20, 0x31, 0x2e, 0x30, 0x29, 0x29, 0x20, 0x2b, 0x20, 0x31, // r_91 - 1.0)) + 1
	0x2e, 0x30, 0x29, 0x3b, 0x0a, 0x20, 0x20, 0x20, 0x20, 0x20, 0x20, 0x66, 0x6c, 0x6f, 0x61, 0x74, // .0);.      float
	0x20, 0x74, 0x6d, 0x70, 0x76, 0x61, 0x72, 0x5f, 0x39, 0x33, 0x3b, 0x0a, 0x20, 0x20, 0x20, 0x20, //  tmpvar_93;.
	0x20, 0x20, 0x74, 0x6d, 0x70, 0x76, 0x61, 0x72, 0x5f, 0x39, 0x33, 0x20, 0x3d, 0x20, 0x28, 0x72, //   tmpvar_93 = (r
	0x6f, 0x75, 0x67, 0x68, 0x6e, 0x65, 0x73, 0x73, 0x5f, 0x35, 0x20, 0x2b, 0x20, 0x31, 0x2e, 0x30, // oughness_5 + 1.0
	0x29, 0x3b, 0x0a, 0x20, 0x20, 0x20, 0x20, 0x20, 0x20, 0x66, 0x6c, 0x6f, 0x61, 0x74, 0x20, 0x74, // );.      float t
	0x6d, 0x70, 0x76, 0x61, 0x72, 0x5f, 0x39, 0x34, 0x3b, 0x0a, 0x20, 0x20, 0x20, 0x20, 0x20, 0x20, // mpvar_94;.
	0x74, 0x6d, 0x70, 0x76, 0x61, 0x72, 0x5f, 0x39, 0x34, 0x20, 0x3d, 0x20, 0x28, 0x28, 0x74, 0x6d, // tmpvar_94 = ((tm
	0x70, 0x76, 0x61, 0x72, 0x5f, 0x39, 0x33, 0x20, 0x2a, 0x20, 0x74, 0x6d, 0x70, 0x76, 0x61, 0x72, // pvar_93 * tmpvar
	0x5f, 0x39, 0x33, 0x29, 0x20, 0x2f, 0x20, 0x38, 0x2e, 0x30, 0x29, 0x3b, 0x0a, 0x20, 0x20, 0x20, // _93) / 8.0);.
	0x20, 0x20, 0x20, 0x66, 0x6c, 0x6f, 0x61, 0x74, 0x20, 0x74, 0x6d, 0x70, 0x76, 0x61, 0x72, 0x5f, //    float tmpvar_
	0x39, 0x35, 0x3b, 0x0a, 0x20, 0x20, 0x20, 0x20, 0x20, 0x20, 0x74, 0x6d, 0x70, 0x76, 0x61, 0x72, // 95;.      tmpvar
	0x5f, 0x39, 0x35, 0x20, 0x3d, 0x20, 0x28, 0x72, 0x6f, 0x75, 0x67, 0x68, 0x6e, 0x65, 0x73, 0x73, // _95 = (roughness
	0x5f, 0x35, 0x20, 0x2b, 0x20, 0x31, 0x2e, 0x30, 0x29, 0x3b, 0x0a, 0x20, 0x20, 0x20, 0x20, 0x20, // _5 + 1.0);.
	0x20, 0x66, 0x6c, 0x6f, 0x61, 0x74, 0x20, 0x74, 0x6d, 0x70, 0x76, 0x61, 0x72, 0x5f, 0x39, 0x36, //  float tmpvar_96
	0x3b, 0x0a, 0x20, 0x20, 0x20, 0x20, 0x20, 0x20, 0x74, 0x6d, 0x70, 0x76, 0x61, 0x72, 0x5f, 0x39, // ;.      tmpvar_9
	0x36, 0x20, 0x3d, 0x20, 0x28, 0x28, 0x74, 0x6d, 0x70, 0x76, 0x61, 0x72, 0x5f, 0x39, 0x35, 0x20, // 6 = ((tmpvar_95
	0x2a, 0x20, 0x74, 0x6d, 0x70, 0x76, 0x61, 0x72, 0x5f, 0x39, 0x35, 0x29, 0x20, 0x2f, 0x20, 0x38, // * tmpvar_95) / 8
	0x2e, 0x30, 0x29, 0x3b, 0x0a, 0x20, 0x20, 0x20, 0x20, 0x20, 0x20, 0x64, 0x69, 0x72, 0x65, 0x63, // .0);.      direc
	0x74, 0x5f, 0x32, 0x20, 0x3d, 0x20, 0x28, 0x64, 0x69, 0x72, 0x65, 0x63, 0x74, 0x5f, 0x32, 0x20, // t_2 = (direct_2
	0x2b, 0x20, 0x28, 0x28, 0x0a, 0x20, 0x20, 0x20, 0x20, 0x20, 0x20, 0x20, 0x20, 0x28, 0x28, 0x28, // + ((.        (((
	0x28, 0x76, 0x65, 0x63, 0x33, 0x28, 0x0a, 0x20, 0x20, 0x20, 0x20, 0x20, 0x20, 0x20, 0x20, 0x20, // (vec3(.
	0x20, 0x28, 0x31, 0x2e, 0x30, 0x20, 0x2d, 0x20, 0x6d, 0x61, 0x78, 0x20, 0x28, 0x74, 0x6d, 0x70, //  (1.0 - max (tmp
	0x76, 0x61, 0x72, 0x5f, 0x38, 0x39, 0x2e, 0x78, 0x2c, 0x20, 0x6d, 0x61, 0x78, 0x20, 0x28, 0x74, // var_89.x, max (t
	0x6d, 0x70, 0x76, 0x61, 0x72, 0x5f, 0x38, 0x39, 0x2e, 0x79, 0x2c, 0x20, 0x74, 0x6d, 0x70, 0x76, // mpvar_89.y, tmpv
	0x61, 0x72, 0x5f, 0x38, 0x39, 0x2e, 0x7a, 0x29, 0x29, 0x29, 0x0a, 0x20, 0x20, 0x20, 0x20, 0x20, // ar_89.z))).
	0x20, 0x20, 0x20, 0x29, 0x20, 0x2a, 0x20, 0x0a, 0x20, 0x20, 0x20, 0x20, 0x20, 0x20, 0x20, 0x20, //    ) * .
	0x20, 0x20, 0x28, 0x31, 0x2e, 0x30, 0x20, 0x2d, 0x20, 0x6d, 0x65, 0x74, 0x61, 0x6c, 0x6c, 0x69, //   (1.0 - metalli
	0x63, 0x5f, 0x36, 0x29, 0x0a, 0x20, 0x20, 0x20, 0x20, 0x20, 0x20, 0x20, 0x20, 0x29, 0x20, 0x2a, // c_6).        ) *
	0x20, 0x62, 0x61, 0x73, 0x65, 0x43, 0x6f, 0x6c, 0x6f, 0x72, 0x5f, 0x31, 0x30, 0x2e, 0x78, 0x79, //  baseColor_10.xy
	0x7a, 0x29, 0x20, 0x2f, 0x20, 0x33, 0x2e, 0x31, 0x34, 0x31, 0x35, 0x39, 0x33, 0x29, 0x20, 0x2b, // z) / 3.141593) +
	0x20, 0x28, 0x28, 0x28, 0x0a, 0x20, 0x20, 0x20, 0x20, 0x20, 0x20, 0x20, 0x20, 0x20, 0x20, 0x28, //  (((.          (
	0x74, 0x6d, 0x70, 0x76, 0x61, 0x72, 0x5f, 0x39, 0x31, 0x20, 0x2f, 0x20, 0x6d, 0x61, 0x78, 0x20, // tmpvar_91 / max
	0x28, 0x28, 0x28, 0x33, 0x2e, 0x31, 0x34, 0x31, 0x35, 0x39, 0x33, 0x20, 0x2a, 0x20, 0x74, 0x6d, // (((3.141593 * tm
	0x70, 0x76, 0x61, 0x72, 0x5f, 0x39, 0x32, 0x29, 0x20, 0x2a, 0x20, 0x74, 0x6d, 0x70, 0x76, 0x61, // pvar_92) * tmpva
	0x72, 0x5f, 0x39, 0x32, 0x29, 0x2c, 0x20, 0x31, 0x65, 0x2d, 0x30, 0x36, 0x29, 0x29, 0x0a, 0x20, // r_92), 1e-06)).
	0x20, 0x20, 0x20, 0x20, 0x20, 0x20, 0x20, 0x20, 0x2a, 0x20, 0x0a, 0x20, 0x20, 0x20, 0x20, 0x20, //         * .
	0x20, 0x20, 0x20, 0x20, 0x20, 0x28, 0x28, 0x74, 0x6d, 0x70, 0x76, 0x61, 0x72, 0x5f, 0x38, 0x36, //      ((tmpvar_86
	0x20, 0x2f, 0x20, 0x6d, 0x61, 0x78, 0x20, 0x28, 0x28, 0x0a, 0x20, 0x20, 0x20, 0x20, 0x20, 0x20, //  / max ((.
	0x20, 0x20, 0x20, 0x20, 0x20, 0x20, 0x28, 0x74, 0x6d, 0x70, 0x76, 0x61, 0x72, 0x5f, 0x38, 0x36, //       (tmpvar_86
	0x20, 0x2a, 0x20, 0x28, 0x31, 0x2e, 0x30, 0x20, 0x2d, 0x20, 0x74, 0x6d, 0x70, 0x76, 0x61, 0x72, //  * (1.0 - tmpvar
	0x5f, 0x39, 0x34, 0x29, 0x29, 0x0a, 0x20, 0x20, 0x20, 0x20, 0x20, 0x20, 0x20, 0x20, 0x20, 0x20, // _94)).
	0x20, 0x2b, 0x20, 0x74, 0x6d, 0x70, 0x76, 0x61, 0x72, 0x5f, 0x39, 0x34, 0x29, 0x2c, 0x20, 0x31, //  + tmpvar_94), 1
	0x65, 0x2d, 0x30, 0x36, 0x29, 0x29, 0x20, 0x2a, 0x20, 0x28, 0x74, 0x6d, 0x70, 0x76, 0x61, 0x72, // e-06)) * (tmpvar
	0x5f, 0x38, 0x35, 0x20, 0x2f, 0x20, 0x6d, 0x61, 0x78, 0x20, 0x28, 0x28, 0x0a, 0x20, 0x20, 0x20, // _85 / max ((.
	0x20, 0x20, 0x20, 0x20, 0x20, 0x20, 0x20, 0x20, 0x20, 0x28, 0x74, 0x6d, 0x70, 0x76, 0x61, 0x72, //          (tmpvar
	0x5f, 0x38, 0x35, 0x20, 0x2a, 0x20, 0x28, 0x31, 0x2e, 0x30, 0x20, 0x2d, 0x20, 0x74, 0x6d, 0x70, // _85 * (1.0 - tmp
	0x76, 0x61, 0x72, 0x5f, 0x39, 0x36, 0x29, 0x29, 0x0a, 0x20, 0x20, 0x20, 0x20, 0x20, 0x20, 0x20, // var_96)).
	0x20, 0x20, 0x20, 0x20, 0x2b, 0x20, 0x74, 0x6d, 0x70, 0x76, 0x61, 0x72, 0x5f, 0x39, 0x36, 0x29, //     + tmpvar_96)
	0x2c, 0x20, 0x31, 0x65, 0x2d, 0x30, 0x36, 0x29, 0x29, 0x29, 0x0a, 0x20, 0x20, 0x20, 0x20, 0x20, // , 1e-06))).
	0x20, 0x20, 0x20, 0x29, 0x20, 0x2a, 0x20, 0x6d, 0x69, 0x78, 0x20, 0x28, 0x74, 0x6d, 0x70, 0x76, //    ) * mix (tmpv
	0x61, 0x72, 0x5f, 0x38, 0x39, 0x2c, 0x20, 0x0a, 0x20, 0x20, 0x20, 0x20, 0x20, 0x20, 0x20, 0x20, // ar_89, .
	0x20, 0x20, 0x28, 0x62, 0x61, 0x73, 0x65, 0x43, 0x6f, 0x6c, 0x6f, 0x72, 0x5f, 0x31, 0x30, 0x2e, //   (baseColor_10.
	0x78, 0x79, 0x7a, 0x20, 0x2b, 0x20, 0x28, 0x28, 0x76, 0x65, 0x63, 0x33, 0x28, 0x31, 0x2e, 0x30, // xyz + ((vec3(1.0
	0x2c, 0x20, 0x31, 0x2e, 0x30, 0x2c, 0x20, 0x31, 0x2e, 0x30, 0x29, 0x20, 0x2d, 0x20, 0x62, 0x61, // , 1.0, 1.0) - ba
	0x73, 0x65, 0x43, 0x6f, 0x6c, 0x6f, 0x72, 0x5f, 0x31, 0x30, 0x2e, 0x78, 0x79, 0x7a, 0x29, 0x20, // seColor_10.xyz)
	0x2a, 0x20, 0x70, 0x6f, 0x77, 0x20, 0x28, 0x28, 0x31, 0x2e, 0x30, 0x20, 0x2d, 0x20, 0x74, 0x6d, // * pow ((1.0 - tm
	0x70, 0x76, 0x61, 0x72, 0x5f, 0x38, 0x38, 0x29, 0x2c, 0x20, 0x35, 0x2e, 0x30, 0x29, 0x29, 0x29, // pvar_88), 5.0)))
	0x0a, 0x20, 0x20, 0x20, 0x20, 0x20, 0x20, 0x20, 0x20, 0x2c, 0x20, 0x6d, 0x65, 0x74, 0x61, 0x6c, // .        , metal
	0x6c, 0x69, 0x63, 0x5f, 0x36, 0x29, 0x29, 0x20, 0x2f, 0x20, 0x6d, 0x61, 0x78, 0x20, 0x28, 0x28, // lic_6)) / max ((
	0x0a, 0x20, 0x20, 0x20, 0x20, 0x20, 0x20, 0x20, 0x20, 0x20, 0x20, 0x28, 0x34, 0x2e, 0x30, 0x20, // .          (4.0
	0x2a, 0x20, 0x74, 0x6d, 0x70, 0x76, 0x61, 0x72, 0x5f, 0x38, 0x36, 0x29, 0x0a, 0x20, 0x20, 0x20, // * tmpvar_86).
	0x20, 0x20, 0x20, 0x20, 0x20, 0x20, 0x2a, 0x20, 0x74, 0x6d, 0x70, 0x76, 0x61, 0x72, 0x5f, 0x38, //       * tmpvar_8
	0x35, 0x29, 0x2c, 0x20, 0x31, 0x65, 0x2d, 0x30, 0x36, 0x29, 0x29, 0x29, 0x0a, 0x20, 0x20, 0x20, // 5), 1e-06))).
	0x20, 0x20, 0x20, 0x20, 0x2a, 0x20, 0x74, 0x6d, 0x70, 0x76, 0x61, 0x72, 0x5f, 0x38, 0x35, 0x29, //     * tmpvar_85)
	0x20, 0x2a, 0x20, 0x6c, 0x69, 0x67, 0x68, 0x74, 0x43, 0x6f, 0x6c, 0x6f, 0x72, 0x5f, 0x38, 0x31, //  * lightColor_81
	0x29, 0x29, 0x3b, 0x0a, 0x20, 0x20, 0x20, 0x20, 0x7d, 0x3b, 0x0a, 0x20, 0x20, 0x7d, 0x3b, 0x0a, // ));.    };.  };.
	0x20, 0x20, 0x68, 0x69, 0x67, 0x68, 0x70, 0x20, 0x76, 0x65, 0x63, 0x33, 0x20, 0x74, 0x6d, 0x70, //   highp vec3 tmp
	0x76, 0x61, 0x72, 0x5f, 0x39, 0x37, 0x3b, 0x0a, 0x20, 0x20, 0x74, 0x6d, 0x70, 0x76, 0x61, 0x72, // var_97;.  tmpvar
	0x5f, 0x39, 0x37, 0x20, 0x3d, 0x20, 0x28, 0x74, 0x6d, 0x70, 0x76, 0x61, 0x72, 0x5f, 0x32, 0x30, // _97 = (tmpvar_20
	0x20, 0x2b, 0x20, 0x28, 0x28, 0x0a, 0x20, 0x20, 0x20, 0x20, 0x6d, 0x61, 0x78, 0x20, 0x28, 0x28, //  + ((.    max ((
	0x76, 0x65, 0x63, 0x33, 0x28, 0x74, 0x6d, 0x70, 0x76, 0x61, 0x72, 0x5f, 0x31, 0x39, 0x29, 0x20, // vec3(tmpvar_19)
	0x2a, 0x20, 0x28, 0x31, 0x2e, 0x30, 0x20, 0x2d, 0x20, 0x74, 0x6d, 0x70, 0x76, 0x61, 0x72, 0x5f, // * (1.0 - tmpvar_
	0x31, 0x37, 0x29, 0x29, 0x2c, 0x20, 0x74, 0x6d, 0x70, 0x76, 0x61, 0x72, 0x5f, 0x32, 0x30, 0x29, // 17)), tmpvar_20)
	0x0a, 0x20, 0x20, 0x20, 0x2d, 0x20, 0x74, 0x6d, 0x70, 0x76, 0x61, 0x72, 0x5f, 0x32, 0x30, 0x29, // .   - tmpvar_20)
	0x20, 0x2a, 0x20, 0x70, 0x6f, 0x77, 0x20, 0x28, 0x0a, 0x20, 0x20, 0x20, 0x20, 0x28, 0x31, 0x2e, //  * pow (.    (1.
	0x30, 0x20, 0x2d, 0x20, 0x6e, 0x44, 0x6f, 0x74, 0x56, 0x5f, 0x37, 0x29, 0x0a, 0x20, 0x20, 0x2c, // 0 - nDotV_7).  ,
	0x20, 0x35, 0x2e, 0x30, 0x29, 0x29, 0x29, 0x3b, 0x0a, 0x20, 0x20, 0x68, 0x69, 0x67, 0x68, 0x70, //  5.0)));.  highp
	0x20, 0x76, 0x65, 0x63, 0x33, 0x20, 0x74, 0x6d, 0x70, 0x76, 0x61, 0x72, 0x5f, 0x39, 0x38, 0x3b, //  vec3 tmpvar_98;
	0x0a, 0x20, 0x20, 0x74, 0x6d, 0x70, 0x76, 0x61, 0x72, 0x5f, 0x39, 0x38, 0x20, 0x3d, 0x20, 0x28, // .  tmpvar_98 = (
	0x76, 0x65, 0x63, 0x33, 0x28, 0x28, 0x31, 0x2e, 0x30, 0x20, 0x2d, 0x20, 0x6d, 0x61, 0x78, 0x20, // vec3((1.0 - max
	0x28, 0x74, 0x6d, 0x70, 0x76, 0x61, 0x72, 0x5f, 0x39, 0x37, 0x2e, 0x78, 0x2c, 0x20, 0x0a, 0x20, // (tmpvar_97.x, .
	0x20, 0x20, 0x20, 0x6d, 0x61, 0x78, 0x20, 0x28, 0x74, 0x6d, 0x70, 0x76, 0x61, 0x72, 0x5f, 0x39, //    max (tmpvar_9
	0x37, 0x2e, 0x79, 0x2c, 0x20, 0x74, 0x6d, 0x70, 0x76, 0x61, 0x72, 0x5f, 0x39, 0x37, 0x2e, 0x7a, // 7.y, tmpvar_97.z
	0x29, 0x0a, 0x20, 0x20, 0x29, 0x29, 0x29, 0x20, 0x2a, 0x20, 0x28, 0x31, 0x2e, 0x30, 0x20, 0x2d, // ).  ))) * (1.0 -
	0x20, 0x74, 0x6d, 0x70, 0x76, 0x61, 0x72, 0x5f, 0x31, 0x36, 0x29, 0x29, 0x3b, 0x0a, 0x20, 0x20, //  tmpvar_16));.
	0x64, 0x69, 0x72, 0x65, 0x63, 0x74, 0x5f, 0x32, 0x20, 0x3d, 0x20, 0x28, 0x64, 0x69, 0x72, 0x65, // direct_2 = (dire
	0x63, 0x74, 0x5f, 0x32, 0x20, 0x2b, 0x20, 0x28, 0x28, 0x0a, 0x20, 0x20, 0x20, 0x20, 0x28, 0x74, // ct_2 + ((.    (t
	0x6d, 0x70, 0x76, 0x61, 0x72, 0x5f, 0x39, 0x38, 0x20, 0x2a, 0x20, 0x74, 0x6d, 0x70, 0x76, 0x61, // mpvar_98 * tmpva
	0x72, 0x5f, 0x31, 0x31, 0x2e, 0x78, 0x79, 0x7a, 0x29, 0x0a, 0x20, 0x20, 0x20, 0x2a, 0x20, 0x0a, // r_11.xyz).   * .
	0x20, 0x20, 0x20, 0x20, 0x6d, 0x61, 0x78, 0x20, 0x28, 0x28, 0x28, 0x28, 0x75, 0x5f, 0x6f, 0x76, //     max ((((u_ov
	0x65, 0x72, 0x66, 0x6c, 0x6f, 0x77, 0x4c, 0x69, 0x67, 0x68, 0x74, 0x53, 0x48, 0x5b, 0x30, 0x5d, // erflowLightSH[0]
	0x2e, 0x78, 0x79, 0x7a, 0x20, 0x2b, 0x20, 0x0a, 0x20, 0x20, 0x20, 0x20, 0x20, 0x20, 0x28, 0x75, // .xyz + .      (u
	0x5f, 0x6f, 0x76, 0x65, 0x72, 0x66, 0x6c, 0x6f, 0x77, 0x4c, 0x69, 0x67, 0x68, 0x74, 0x53, 0x48, // _overflowLightSH
	0x5b, 0x31, 0x5d, 0x2e, 0x78, 0x79, 0x7a, 0x20, 0x2a, 0x20, 0x74, 0x6d, 0x70, 0x76, 0x61, 0x72, // [1].xyz * tmpvar
	0x5f, 0x31, 0x32, 0x2e, 0x78, 0x29, 0x0a, 0x20, 0x20, 0x20, 0x20, 0x29, 0x20, 0x2b, 0x20, 0x28, // _12.x).    ) + (
	0x75, 0x5f, 0x6f, 0x76, 0x65, 0x72, 0x66, 0x6c, 0x6f, 0x77, 0x4c, 0x69, 0x67, 0x68, 0x74, 0x53, // u_overflowLightS
	0x48, 0x5b, 0x32, 0x5d, 0x2e, 0x78, 0x79, 0x7a, 0x20, 0x2a, 0x20, 0x74, 0x6d, 0x70, 0x76, 0x61, // H[2].xyz * tmpva
	0x72, 0x5f, 0x31, 0x32, 0x2e, 0x79, 0x29, 0x29, 0x20, 0x2b, 0x20, 0x28, 0x75, 0x5f, 0x6f, 0x76, // r_12.y)) + (u_ov
	0x65, 0x72, 0x66, 0x6c, 0x6f, 0x77, 0x4c, 0x69, 0x67, 0x68, 0x74, 0x53, 0x48, 0x5b, 0x33, 0x5d, // erflowLightSH[3]
	0x2e, 0x78, 0x79, 0x7a, 0x20, 0x2a, 0x20, 0x74, 0x6d, 0x70, 0x76, 0x61, 0x72, 0x5f, 0x31, 0x32, // .xyz * tmpvar_12
	0x2e, 0x7a, 0x29, 0x29, 0x2c, 0x20, 0x76, 0x65, 0x63, 0x33, 0x28, 0x30, 0x2e, 0x30, 0x2c, 0x20, // .z)), vec3(0.0,
	0x30, 0x2e, 0x30, 0x2c, 0x20, 0x30, 0x2e, 0x30, 0x29, 0x29, 0x0a, 0x20, 0x20, 0x29, 0x20, 0x2f, // 0.0, 0.0)).  ) /
	0x20, 0x33, 0x2e, 0x31, 0x34, 0x31, 0x35, 0x39, 0x33, 0x29, 0x29, 0x3b, 0x0a, 0x20, 0x20, 0x68, //  3.141593));.  h
	0x69, 0x67, 0x68, 0x70, 0x20, 0x76, 0x65, 0x63, 0x33, 0x20, 0x49, 0x5f, 0x39, 0x39, 0x3b, 0x0a, // ighp vec3 I_99;.
	0x20, 0x20, 0x49, 0x5f, 0x39, 0x39, 0x20, 0x3d, 0x20, 0x2d, 0x28, 0x74, 0x6d, 0x70, 0x76, 0x61, //   I_99 = -(tmpva
	0x72, 0x5f, 0x31, 0x34, 0x29, 0x3b, 0x0a, 0x20, 0x20, 0x68, 0x69, 0x67, 0x68, 0x70, 0x20, 0x76, // r_14);.  highp v
	0x65, 0x63, 0x33, 0x20, 0x74, 0x6d, 0x70, 0x76, 0x61, 0x72, 0x5f, 0x31, 0x30, 0x30, 0x3b, 0x0a, // ec3 tmpvar_100;.
	0x20, 0x20, 0x74, 0x6d, 0x70, 0x76, 0x61, 0x72, 0x5f, 0x31, 0x30, 0x30, 0x20, 0x3d, 0x20, 0x28, //   tmpvar_100 = (
	0x74, 0x65, 0x78, 0x74, 0x75, 0x72, 0x65, 0x32, 0x44, 0x4c, 0x6f, 0x64, 0x20, 0x20, 0x28, 0x73, // texture2DLod  (s
	0x5f, 0x70, 0x72, 0x65, 0x66, 0x69, 0x6c, 0x74, 0x65, 0x72, 0x2c, 0x20, 0x28, 0x49, 0x5f, 0x39, // _prefilter, (I_9
	0x39, 0x20, 0x2d, 0x20, 0x28, 0x32, 0x2e, 0x30, 0x20, 0x2a, 0x20, 0x0a, 0x20, 0x20, 0x20, 0x20, // 9 - (2.0 * .
	0x28, 0x64, 0x6f, 0x74, 0x20, 0x28, 0x74, 0x6d, 0x70, 0x76, 0x61, 0x72, 0x5f, 0x31, 0x32, 0x2c, // (dot (tmpvar_12,
	0x20, 0x49, 0x5f, 0x39, 0x39, 0x29, 0x20, 0x2a, 0x20, 0x74, 0x6d, 0x70, 0x76, 0x61, 0x72, 0x5f, //  I_99) * tmpvar_
	0x31, 0x32, 0x29, 0x0a, 0x20, 0x20, 0x29, 0x29, 0x2c, 0x20, 0x28, 0x74, 0x6d, 0x70, 0x76, 0x61, // 12).  )), (tmpva
	0x72, 0x5f, 0x31, 0x37, 0x20, 0x2a, 0x20, 0x75, 0x5f, 0x65, 0x6e, 0x76, 0x53, 0x70, 0x65, 0x63, // r_17 * u_envSpec
	0x75, 0x6c, 0x61, 0x72, 0x2e, 0x79, 0x29, 0x29, 0x2e, 0x78, 0x79, 0x7a, 0x20, 0x2a, 0x20, 0x75, // ular.y)).xyz * u
	0x5f, 0x65, 0x6e, 0x76, 0x53, 0x70, 0x65, 0x63, 0x75, 0x6c, 0x61, 0x72, 0x2e, 0x77, 0x29, 0x3b, // _envSpecular.w);
	0x0a, 0x20, 0x20, 0x68, 0x69, 0x67, 0x68, 0x70, 0x20, 0x76, 0x65, 0x63, 0x32, 0x20, 0x74, 0x6d, // .  highp vec2 tm
	0x70, 0x76, 0x61, 0x72, 0x5f, 0x31, 0x30, 0x31, 0x3b, 0x0a, 0x20, 0x20, 0x76, 0x65, 0x63, 0x34, // pvar_101;.  vec4
	0x20, 0x74, 0x6d, 0x70, 0x76, 0x61, 0x72, 0x5f, 0x31, 0x30, 0x32, 0x3b, 0x0a, 0x20, 0x20, 0x74, //  tmpvar_102;.  t
	0x6d, 0x70, 0x76, 0x61, 0x72, 0x5f, 0x31, 0x30, 0x32, 0x20, 0x3d, 0x20, 0x28, 0x28, 0x74, 0x6d, // mpvar_102 = ((tm
	0x70, 0x76, 0x61, 0x72, 0x5f, 0x31, 0x37, 0x20, 0x2a, 0x20, 0x76, 0x65, 0x63, 0x34, 0x28, 0x2d, // pvar_17 * vec4(-
	0x31, 0x2e, 0x30, 0x2c, 0x20, 0x2d, 0x30, 0x2e, 0x30, 0x32, 0x37, 0x35, 0x2c, 0x20, 0x2d, 0x30, // 1.0, -0.0275, -0
	0x2e, 0x35, 0x37, 0x32, 0x2c, 0x20, 0x30, 0x2e, 0x30, 0x32, 0x32, 0x29, 0x29, 0x20, 0x2b, 0x20, // .572, 0.022)) +
	0x76, 0x65, 0x63, 0x34, 0x28, 0x31, 0x2e, 0x30, 0x2c, 0x20, 0x30, 0x2e, 0x30, 0x34, 0x32, 0x35, // vec4(1.0, 0.0425
	0x2c, 0x20, 0x31, 0x2e, 0x30, 0x34, 0x2c, 0x20, 0x2d, 0x30, 0x2e, 0x30, 0x34, 0x29, 0x29, 0x3b, // , 1.04, -0.04));
	0x0a, 0x20, 0x20, 0x74, 0x6d, 0x70, 0x76, 0x61, 0x72, 0x5f, 0x31, 0x30, 0x31, 0x20, 0x3d, 0x20, // .  tmpvar_101 =
	0x28, 0x28, 0x76, 0x65, 0x63, 0x32, 0x28, 0x2d, 0x31, 0x2e, 0x30, 0x34, 0x2c, 0x20, 0x31, 0x2e, // ((vec2(-1.04, 1.
	0x30, 0x34, 0x29, 0x20, 0x2a, 0x20, 0x28, 0x0a, 0x20, 0x20, 0x20, 0x20, 0x28, 0x6d, 0x69, 0x6e, // 04) * (.    (min
	0x20, 0x28, 0x28, 0x74, 0x6d, 0x70, 0x76, 0x61, 0x72, 0x5f, 0x31, 0x30, 0x32, 0x2e, 0x78, 0x20, //  ((tmpvar_102.x
	0x2a, 0x20, 0x74, 0x6d, 0x70, 0x76, 0x61, 0x72, 0x5f, 0x31, 0x30, 0x32, 0x2e, 0x78, 0x29, 0x2c, // * tmpvar_102.x),
	0x20, 0x65, 0x78, 0x70, 0x32, 0x28, 0x28, 0x2d, 0x39, 0x2e, 0x32, 0x38, 0x20, 0x2a, 0x20, 0x6e, //  exp2((-9.28 * n
	0x44, 0x6f, 0x74, 0x56, 0x5f, 0x37, 0x29, 0x29, 0x29, 0x20, 0x2a, 0x20, 0x74, 0x6d, 0x70, 0x76, // DotV_7))) * tmpv
	0x61, 0x72, 0x5f, 0x31, 0x30, 0x32, 0x2e, 0x78, 0x29, 0x0a, 0x20, 0x20, 0x20, 0x2b, 0x20, 0x74, // ar_102.x).   + t
	0x6d, 0x70, 0x76, 0x61, 0x72, 0x5f, 0x31, 0x30, 0x32, 0x2e, 0x79, 0x29, 0x29, 0x20, 0x2b, 0x20, // mpvar_102.y)) +
	0x74, 0x6d, 0x70, 0x76, 0x61, 0x72, 0x5f, 0x31, 0x30, 0x32, 0x2e, 0x7a, 0x77, 0x29, 0x3b, 0x0a, // tmpvar_102.zw);.
	0x20, 0x20, 0x68, 0x69, 0x67, 0x68, 0x70, 0x20, 0x76, 0x65, 0x63, 0x33, 0x20, 0x63, 0x6f, 0x6c, //   highp vec3 col
	0x6f, 0x72, 0x5f, 0x31, 0x30, 0x33, 0x3b, 0x0a, 0x20, 0x20, 0x63, 0x6f, 0x6c, 0x6f, 0x72, 0x5f, // or_103;.  color_
	0x31, 0x30, 0x33, 0x20, 0x3d, 0x20, 0x28, 0x28, 0x28, 0x0a, 0x20, 0x20, 0x20, 0x20, 0x28, 0x28, // 103 = (((.    ((
	0x28, 0x28, 0x74, 0x6d, 0x70, 0x76, 0x61, 0x72, 0x5f, 0x39, 0x38, 0x20, 0x2a, 0x20, 0x74, 0x6d, // ((tmpvar_98 * tm
	0x70, 0x76, 0x61, 0x72, 0x5f, 0x31, 0x31, 0x2e, 0x78, 0x79, 0x7a, 0x29, 0x20, 0x2a, 0x20, 0x28, // pvar_11.xyz) * (
	0x74, 0x65, 0x78, 0x74, 0x75, 0x72, 0x65, 0x20, 0x28, 0x73, 0x5f, 0x69, 0x72, 0x72, 0x61, 0x64, // texture (s_irrad
	0x69, 0x61, 0x6e, 0x63, 0x65, 0x2c, 0x20, 0x74, 0x6d, 0x70, 0x76, 0x61, 0x72, 0x5f, 0x31, 0x32, // iance, tmpvar_12
	0x29, 0x2e, 0x78, 0x79, 0x7a, 0x20, 0x2a, 0x20, 0x75, 0x5f, 0x65, 0x6e, 0x76, 0x44, 0x69, 0x66, // ).xyz * u_envDif
	0x66, 0x75, 0x73, 0x65, 0x2e, 0x77, 0x29, 0x29, 0x20, 0x2f, 0x20, 0x33, 0x2e, 0x31, 0x34, 0x31, // fuse.w)) / 3.141
	0x35, 0x39, 0x33, 0x29, 0x20, 0x2b, 0x20, 0x6d, 0x69, 0x78, 0x20, 0x28, 0x28, 0x74, 0x6d, 0x70, // 593) + mix ((tmp
	0x76, 0x61, 0x72, 0x5f, 0x31, 0x30, 0x30, 0x20, 0x2a, 0x20, 0x28, 0x0a, 0x20, 0x20, 0x20, 0x20, // var_100 * (.
	0x20, 0x20, 0x28, 0x74, 0x6d, 0x70, 0x76, 0x61, 0x72, 0x5f, 0x32, 0x30, 0x20, 0x2a, 0x20, 0x74, //   (tmpvar_20 * t
	0x6d, 0x70, 0x76, 0x61, 0x72, 0x5f, 0x31, 0x30, 0x31, 0x2e, 0x78, 0x29, 0x0a, 0x20, 0x20, 0x20, // mpvar_101.x).
	0x20, 0x20, 0x2b, 0x20, 0x0a, 0x20, 0x20, 0x20, 0x20, 0x20, 0x20, 0x28, 0x76, 0x65, 0x63, 0x33, //   + .      (vec3
	0x28, 0x74, 0x6d, 0x70, 0x76, 0x61, 0x72, 0x5f, 0x31, 0x39, 0x29, 0x20, 0x2a, 0x20, 0x74, 0x6d, // (tmpvar_19) * tm
	0x70, 0x76, 0x61, 0x72, 0x5f, 0x31, 0x30, 0x31, 0x2e, 0x79, 0x29, 0x0a, 0x20, 0x20, 0x20, 0x20, // pvar_101.y).
	0x29, 0x29, 0x2c, 0x20, 0x28, 0x74, 0x6d, 0x70, 0x76, 0x61, 0x72, 0x5f, 0x31, 0x30, 0x30, 0x20, // )), (tmpvar_100
	0x2a, 0x20, 0x28, 0x0a, 0x20, 0x20, 0x20, 0x20, 0x20, 0x20, 0x28, 0x74, 0x6d, 0x70, 0x76, 0x61, // * (.      (tmpva
	0x72, 0x5f, 0x31, 0x31, 0x2e, 0x78, 0x79, 0x7a, 0x20, 0x2a, 0x20, 0x74, 0x6d, 0x70, 0x76, 0x61, // r_11.xyz * tmpva
	0x72, 0x5f, 0x31, 0x30, 0x31, 0x2e, 0x78, 0x29, 0x0a, 0x20, 0x20, 0x20, 0x20, 0x20, 0x2b, 0x20, // r_101.x).     +
	0x74, 0x6d, 0x70, 0x76, 0x61, 0x72, 0x5f, 0x31, 0x30, 0x31, 0x2e, 0x79, 0x79, 0x79, 0x29, 0x29, // tmpvar_101.yyy))
	0x2c, 0x20, 0x74, 0x6d, 0x70, 0x76, 0x61, 0x72, 0x5f, 0x31, 0x36, 0x29, 0x29, 0x0a, 0x20, 0x20, // , tmpvar_16)).
	0x20, 0x2b, 0x20, 0x64, 0x69, 0x72, 0x65, 0x63, 0x74, 0x5f, 0x32, 0x29, 0x20, 0x2b, 0x20, 0x75, //  + direct_2) + u
	0x5f, 0x65, 0x6d, 0x69, 0x73, 0x73, 0x69, 0x76, 0x65, 0x46, 0x61, 0x63, 0x74, 0x6f, 0x72, 0x2e, // _emissiveFactor.
	0x78, 0x79, 0x7a, 0x29, 0x20, 0x2a, 0x20, 0x75, 0x5f, 0x70, 0x62, 0x72, 0x50, 0x61, 0x72, 0x61, // xyz) * u_pbrPara
	0x6d, 0x73, 0x2e, 0x78, 0x29, 0x3b, 0x0a, 0x20, 0x20, 0x68, 0x69, 0x67, 0x68, 0x70, 0x20, 0x76, // ms.x);.  highp v
	0x65, 0x63, 0x33, 0x20, 0x74, 0x6d, 0x70, 0x76, 0x61, 0x72, 0x5f, 0x31, 0x30, 0x34, 0x3b, 0x0a, // ec3 tmpvar_104;.
	0x20, 0x20, 0x68, 0x69, 0x67, 0x68, 0x70, 0x20, 0x66, 0x6c, 0x6f, 0x61, 0x74, 0x20, 0x74, 0x6d, //   highp float tm
	0x70, 0x76, 0x61, 0x72, 0x5f, 0x31, 0x30, 0x35, 0x3b, 0x0a, 0x20, 0x20, 0x74, 0x6d, 0x70, 0x76, // pvar_105;.  tmpv
	0x61, 0x72, 0x5f, 0x31, 0x30, 0x35, 0x20, 0x3d, 0x20, 0x6d, 0x69, 0x6e, 0x20, 0x28, 0x63, 0x6f, // ar_105 = min (co
	0x6c, 0x6f, 0x72, 0x5f, 0x31, 0x30, 0x33, 0x2e, 0x78, 0x2c, 0x20, 0x6d, 0x69, 0x6e, 0x20, 0x28, // lor_103.x, min (
	0x63, 0x6f, 0x6c, 0x6f, 0x72, 0x5f, 0x31, 0x30, 0x33, 0x2e, 0x79, 0x2c, 0x20, 0x63, 0x6f, 0x6c, // color_103.y, col
	0x6f, 0x72, 0x5f, 0x31, 0x30, 0x33, 0x2e, 0x7a, 0x29, 0x29, 0x3b, 0x0a, 0x20, 0x20, 0x68, 0x69, // or_103.z));.  hi
	0x67, 0x68, 0x70, 0x20, 0x66, 0x6c, 0x6f, 0x61, 0x74, 0x20, 0x74, 0x6d, 0x70, 0x76, 0x61, 0x72, // ghp float tmpvar
	0x5f, 0x31, 0x30, 0x36, 0x3b, 0x0a, 0x20, 0x20, 0x69, 0x66, 0x20, 0x28, 0x28, 0x74, 0x6d, 0x70, // _106;.  if ((tmp
	0x76, 0x61, 0x72, 0x5f, 0x31, 0x30, 0x35, 0x20, 0x3c, 0x20, 0x30, 0x2e, 0x30, 0x38, 0x29, 0x29, // var_105 < 0.08))
	0x20, 0x7b, 0x0a, 0x20, 0x20, 0x20, 0x20, 0x74, 0x6d, 0x70, 0x76, 0x61, 0x72, 0x5f, 0x31, 0x30, //  {.    tmpvar_10
	0x36, 0x20, 0x3d, 0x20, 0x28, 0x74, 0x6d, 0x70, 0x76, 0x61, 0x72, 0x5f, 0x31, 0x30, 0x35, 0x20, // 6 = (tmpvar_105
	0x2d, 0x20, 0x28, 0x28, 0x36, 0x2e, 0x32, 0x35, 0x20, 0x2a, 0x20, 0x74, 0x6d, 0x70, 0x76, 0x61, // - ((6.25 * tmpva
	0x72, 0x5f, 0x31, 0x30, 0x35, 0x29, 0x20, 0x2a, 0x20, 0x74, 0x6d, 0x70, 0x76, 0x61, 0x72, 0x5f, // r_105) * tmpvar_
	0x31, 0x30, 0x35, 0x29, 0x29, 0x3b, 0x0a, 0x20, 0x20, 0x7d, 0x20, 0x65, 0x6c, 0x73, 0x65, 0x20, // 105));.  } else
	0x7b, 0x0a, 0x20, 0x20, 0x20, 0x20, 0x74, 0x6d, 0x70, 0x76, 0x61, 0x72, 0x5f, 0x31, 0x30, 0x36, // {.    tmpvar_106
	0x20, 0x3d, 0x20, 0x30, 0x2e, 0x30, 0x34, 0x3b, 0x0a, 0x20, 0x20, 0x7d, 0x3b, 0x0a, 0x20, 0x20, //  = 0.04;.  };.
	0x63, 0x6f, 0x6c, 0x6f, 0x72, 0x5f, 0x31, 0x30, 0x33, 0x20, 0x3d, 0x20, 0x28, 0x63, 0x6f, 0x6c, // color_103 = (col
	0x6f, 0x72, 0x5f, 0x31, 0x30, 0x33, 0x20, 0x2d, 0x20, 0x74, 0x6d, 0x70, 0x76, 0x61, 0x72, 0x5f, // or_103 - tmpvar_
	0x31, 0x30, 0x36, 0x29, 0x3b, 0x0a, 0x20, 0x20, 0x68, 0x69, 0x67, 0x68, 0x70, 0x20, 0x66, 0x6c, // 106);.  highp fl
	0x6f, 0x61, 0x74, 0x20, 0x74, 0x6d, 0x70, 0x76, 0x61, 0x72, 0x5f, 0x31, 0x30, 0x37, 0x3b, 0x0a, // oat tmpvar_107;.
	0x20, 0x20, 0x74, 0x6d, 0x70, 0x76, 0x61, 0x72, 0x5f, 0x31, 0x30, 0x37, 0x20, 0x3d, 0x20, 0x6d, //   tmpvar_107 = m
	0x61, 0x78, 0x20, 0x28, 0x63, 0x6f, 0x6c, 0x6f, 0x72, 0x5f, 0x31, 0x30, 0x33, 0x2e, 0x78, 0x2c, // ax (color_103.x,
	0x20, 0x6d, 0x61, 0x78, 0x20, 0x28, 0x63, 0x6f, 0x6c, 0x6f, 0x72, 0x5f, 0x31, 0x30, 0x33, 0x2e, //  max (color_103.
	0x79, 0x2c, 0x20, 0x63, 0x6f, 0x6c, 0x6f, 0x72, 0x5f, 0x31, 0x30, 0x33, 0x2e, 0x7a, 0x29, 0x29, // y, color_103.z))
	0x3b, 0x0a, 0x20, 0x20, 0x69, 0x66, 0x20, 0x28, 0x28, 0x74, 0x6d, 0x70, 0x76, 0x61, 0x72, 0x5f, // ;.  if ((tmpvar_
	0x31, 0x30, 0x37, 0x20, 0x3c, 0x20, 0x30, 0x2e, 0x37, 0x36, 0x29, 0x29, 0x20, 0x7b, 0x0a, 0x20, // 107 < 0.76)) {.
	0x20, 0x20, 0x20, 0x74, 0x6d, 0x70, 0x76, 0x61, 0x72, 0x5f, 0x31, 0x30, 0x34, 0x20, 0x3d, 0x20, //    tmpvar_104 =
	0x63, 0x6f, 0x6c, 0x6f, 0x72, 0x5f, 0x31, 0x30, 0x33, 0x3b, 0x0a, 0x20, 0x20, 0x7d, 0x20, 0x65, // color_103;.  } e
	0x6c, 0x73, 0x65, 0x20, 0x7b, 0x0a, 0x20, 0x20, 0x20, 0x20, 0x68, 0x69, 0x67, 0x68, 0x70, 0x20, // lse {.    highp
	0x66, 0x6c, 0x6f, 0x61, 0x74, 0x20, 0x74, 0x6d, 0x70, 0x76, 0x61, 0x72, 0x5f, 0x31, 0x30, 0x38, // float tmpvar_108
	0x3b, 0x0a, 0x20, 0x20, 0x20, 0x20, 0x74, 0x6d, 0x70, 0x76, 0x61, 0x72, 0x5f, 0x31, 0x30, 0x38, // ;.    tmpvar_108
	0x20, 0x3d, 0x20, 0x28, 0x31, 0x2e, 0x30, 0x20, 0x2d, 0x20, 0x28, 0x30, 0x2e, 0x30, 0x35, 0x37, //  = (1.0 - (0.057
	0x36, 0x20, 0x2f, 0x20, 0x28, 0x0a, 0x20, 0x20, 0x20, 0x20, 0x20, 0x20, 0x28, 0x74, 0x6d, 0x70, // 6 / (.      (tmp
	0x76, 0x61, 0x72, 0x5f, 0x31, 0x30, 0x37, 0x20, 0x2b, 0x20, 0x30, 0x2e, 0x32, 0x34, 0x29, 0x0a, // var_107 + 0.24).
	0x20, 0x20, 0x20, 0x20, 0x20, 0x2d, 0x20, 0x30, 0x2e, 0x37, 0x36, 0x29, 0x29, 0x29, 0x3b, 0x0a, //      - 0.76)));.
	0x20, 0x20, 0x20, 0x20, 0x63, 0x6f, 0x6c, 0x6f, 0x72, 0x5f, 0x31, 0x30, 0x33, 0x20, 0x3d, 0x20, //     color_103 =
	0x28, 0x63, 0x6f, 0x6c, 0x6f, 0x72, 0x5f, 0x31, 0x30, 0x33, 0x20, 0x2a, 0x20, 0x28, 0x74, 0x6d, // (color_103 * (tm
	0x70, 0x76, 0x61, 0x72, 0x5f, 0x31, 0x30, 0x38, 0x20, 0x2f, 0x20, 0x74, 0x6d, 0x70, 0x76, 0x61, // pvar_108 / tmpva
	0x72, 0x5f, 0x31, 0x30, 0x37, 0x29, 0x29, 0x3b, 0x0a, 0x20, 0x20, 0x20, 0x20, 0x74, 0x6d, 0x70, // r_107));.    tmp
	0x76, 0x61, 0x72, 0x5f, 0x31, 0x30, 0x34, 0x20, 0x3d, 0x20, 0x6d, 0x69, 0x78, 0x20, 0x28, 0x63, // var_104 = mix (c
	0x6f, 0x6c, 0x6f, 0x72, 0x5f, 0x31, 0x30, 0x33, 0x2c, 0x20, 0x76, 0x65, 0x63, 0x33, 0x28, 0x74, // olor_103, vec3(t
	0x6d, 0x70, 0x76, 0x61, 0x72, 0x5f, 0x31, 0x30, 0x38, 0x29, 0x2c, 0x20, 0x28, 0x31, 0x2e, 0x30, // mpvar_108), (1.0
	0x20, 0x2d, 0x20, 0x28, 0x31, 0x2e, 0x30, 0x2f, 0x28, 0x0a, 0x20, 0x20, 0x20, 0x20, 0x20, 0x20, //  - (1.0/(.
	0x28, 0x28, 0x30, 0x2e, 0x31, 0x35, 0x20, 0x2a, 0x20, 0x28, 0x74, 0x6d, 0x70, 0x76, 0x61, 0x72, // ((0.15 * (tmpvar
	0x5f, 0x31, 0x30, 0x37, 0x20, 0x2d, 0x20, 0x74, 0x6d, 0x70, 0x76, 0x61, 0x72, 0x5f, 0x31, 0x30, // _107 - tmpvar_10
	0x38, 0x29, 0x29, 0x20, 0x2b, 0x20, 0x31, 0x2e, 0x30, 0x29, 0x0a, 0x20, 0x20, 0x20, 0x20, 0x29, // 8)) + 1.0).    )
	0x29, 0x29, 0x29, 0x3b, 0x0a, 0x20, 0x20, 0x7d, 0x3b, 0x0a, 0x20, 0x20, 0x68, 0x69, 0x67, 0x68, // )));.  };.  high
	0x70, 0x20, 0x76, 0x65, 0x63, 0x34, 0x20, 0x74, 0x6d, 0x70, 0x76, 0x61, 0x72, 0x5f, 0x31, 0x30, // p vec4 tmpvar_10
	0x39, 0x3b, 0x0a, 0x20, 0x20, 0x74, 0x6d, 0x70, 0x76, 0x61, 0x72, 0x5f, 0x31, 0x30, 0x39, 0x2e, // 9;.  tmpvar_109.
	0x78, 0x79, 0x7a, 0x20, 0x3d, 0x20, 0x70, 0x6f, 0x77, 0x20, 0x28, 0x6d, 0x61, 0x78, 0x20, 0x28, // xyz = pow (max (
	0x74, 0x6d, 0x70, 0x76, 0x61, 0x72, 0x5f, 0x31, 0x30, 0x34, 0x2c, 0x20, 0x76, 0x65, 0x63, 0x33, // tmpvar_104, vec3
	0x28, 0x30, 0x2e, 0x30, 0x2c, 0x20, 0x30, 0x2e, 0x30, 0x2c, 0x20, 0x30, 0x2e, 0x30, 0x29, 0x29, // (0.0, 0.0, 0.0))
	0x2c, 0x20, 0x76, 0x65, 0x63, 0x33, 0x28, 0x30, 0x2e, 0x34, 0x35, 0x34, 0x35, 0x34, 0x35, 0x34, // , vec3(0.4545454
	0x2c, 0x20, 0x30, 0x2e, 0x34, 0x35, 0x34, 0x35, 0x34, 0x35, 0x34, 0x2c, 0x20, 0x30, 0x2e, 0x34, // , 0.4545454, 0.4
	0x35, 0x34, 0x35, 0x34, 0x35, 0x34, 0x29, 0x29, 0x3b, 0x0a, 0x20, 0x20, 0x74, 0x6d, 0x70, 0x76, // 545454));.  tmpv
	0x61, 0x72, 0x5f, 0x31, 0x30, 0x39, 0x2e, 0x77, 0x20, 0x3d, 0x20, 0x74, 0x6d, 0x70, 0x76, 0x61, // ar_109.w = tmpva
	0x72, 0x5f, 0x31, 0x31, 0x2e, 0x77, 0x3b, 0x0a, 0x20, 0x20, 0x62, 0x67, 0x66, 0x78, 0x5f, 0x46, // r_11.w;.  bgfx_F
	0x72, 0x61, 0x67, 0x43, 0x6f, 0x6c, 0x6f, 0x72, 0x20, 0x3d, 0x20, 0x74, 0x6d, 0x70, 0x76, 0x61, // ragColor = tmpva
	0x72, 0x5f, 0x31, 0x30, 0x39, 0x3b, 0x0a, 0x7d, 0x0a, 0x0a, 0x00,                               // r_109;.}...
};
static const uint8_t fs_model3d_simple_glsl[17153] =
{
	0x46, 0x53, 0x48, 0x0b, 0x24, 0x8e, 0x5c, 0xd3, 0x00, 0x00, 0x00, 0x00, 0x13, 0x00, 0x0c, 0x73, // FSH.$..........s
	0x5f, 0x69, 0x72, 0x72, 0x61, 0x64, 0x69, 0x61, 0x6e, 0x63, 0x65, 0x00, 0x01, 0x00, 0x00, 0x01, // _irradiance.....
	0x00, 0x00, 0x00, 0x00, 0x00, 0x0b, 0x73, 0x5f, 0x70, 0x72, 0x65, 0x66, 0x69, 0x6c, 0x74, 0x65, // ......s_prefilte
	0x72, 0x00, 0x01, 0x00, 0x00, 0x01, 0x00, 0x00, 0x00, 0x00, 0x00, 0x0b, 0x73, 0x5f, 0x73, 0x68, // r...........s_sh
	0x61, 0x64, 0x6f, 0x77, 0x4d, 0x61, 0x70, 0x00, 0x01, 0x00, 0x00, 0x01, 0x00, 0x00, 0x00, 0x00, // adowMap.........
	0x00, 0x09, 0x75, 0x5f, 0x76, 0x69, 0x65, 0x77, 0x50, 0x6f, 0x73, 0x02, 0x01, 0x00, 0x00, 0x01, // ..u_viewPos.....
	0x00, 0x00, 0x00, 0x00, 0x00, 0x0c, 0x75, 0x5f, 0x65, 0x6e, 0x76, 0x44, 0x69, 0x66, 0x66, 0x75, // ......u_envDiffu
	0x73, 0x65, 0x02, 0x01, 0x00, 0x00, 0x01, 0x00, 0x00, 0x00, 0x00, 0x00, 0x0d, 0x75, 0x5f, 0x65, // se...........u_e
	0x6e, 0x76, 0x53, 0x70, 0x65, 0x63, 0x75, 0x6c, 0x61, 0x72, 0x02, 0x01, 0x00, 0x00, 0x01, 0x00, // nvSpecular......
	0x00, 0x00, 0x00, 0x00, 0x0b, 0x75, 0x5f, 0x70, 0x62, 0x72, 0x50, 0x61, 0x72, 0x61, 0x6d, 0x73, // .....u_pbrParams
	0x02, 0x01, 0x00, 0x00, 0x01, 0x00, 0x00, 0x00, 0x00, 0x00, 0x1b, 0x75, 0x5f, 0x64, 0x69, 0x72, // ...........u_dir
	0x65, 0x63, 0x74, 0x69, 0x6f, 0x6e, 0x61, 0x6c, 0x4c, 0x69, 0x67, 0x68, 0x74, 0x44, 0x69, 0x72, // ectionalLightDir
	0x65, 0x63, 0x74, 0x69, 0x6f, 0x6e, 0x02, 0x01, 0x00, 0x00, 0x01, 0x00, 0x00, 0x00, 0x00, 0x00, // ection..........
	0x17, 0x75, 0x5f, 0x64, 0x69, 0x72, 0x65, 0x63, 0x74, 0x69, 0x6f, 0x6e, 0x61, 0x6c, 0x4c, 0x69, // .u_directionalLi
	0x67, 0x68, 0x74, 0x43, 0x6f, 0x6c, 0x6f, 0x72, 0x02, 0x01, 0x00, 0x00, 0x01, 0x00, 0x00, 0x00, // ghtColor........
	0x00, 0x00, 0x19, 0x75, 0x5f, 0x70, 0x6f, 0x69, 0x6e, 0x74, 0x4c, 0x69, 0x67, 0x68, 0x74, 0x50, // ...u_pointLightP
	0x6f, 0x73, 0x69, 0x74, 0x69, 0x6f, 0x6e, 0x52, 0x61, 0x6e, 0x67, 0x65, 0x02, 0x04, 0x00, 0x00, // ositionRange....
	0x04, 0x00, 0x00, 0x00, 0x00, 0x00, 0x1a, 0x75, 0x5f, 0x70, 0x6f, 0x69, 0x6e, 0x74, 0x4c, 0x69, // .......u_pointLi
	0x67, 0x68, 0x74, 0x43, 0x6f, 0x6c, 0x6f, 0x72, 0x49, 0x6e, 0x74, 0x65, 0x6e, 0x73, 0x69, 0x74, // ghtColorIntensit
	0x79, 0x02, 0x04, 0x00, 0x00, 0x04, 0x00, 0x00, 0x00, 0x00, 0x00, 0x11, 0x75, 0x5f, 0x6f, 0x76, // y...........u_ov
	0x65, 0x72, 0x66, 0x6c, 0x6f, 0x77, 0x4c, 0x69, 0x67, 0x68, 0x74, 0x53, 0x48, 0x02, 0x04, 0x00, // erflowLightSH...
	0x00, 0x04, 0x00, 0x00, 0x00, 0x00, 0x00, 0x0e, 0x75, 0x5f, 0x73, 0x68, 0x61, 0x64, 0x6f, 0x77, // ........u_shadow
	0x50, 0x61, 0x72, 0x61, 0x6d, 0x73, 0x02, 0x01, 0x00, 0x00, 0x01, 0x00, 0x00, 0x00, 0x00, 0x00, // Params..........
	0x0b, 0x75, 0x5f, 0x62, 0x61, 0x73, 0x65, 0x43, 0x6f, 0x6c, 0x6f, 0x72, 0x02, 0x01, 0x00, 0x00, // .u_baseColor....
	0x01, 0x00, 0x00, 0x00, 0x00, 0x00, 0x10, 0x75, 0x5f, 0x65, 0x6d, 0x69, 0x73, 0x73, 0x69, 0x76, // .......u_emissiv
	0x65, 0x46, 0x61, 0x63, 0x74, 0x6f, 0x72, 0x02, 0x01, 0x00, 0x00, 0x01, 0x00, 0x00, 0x00, 0x00, // eFactor.........
	0x00, 0x13, 0x75, 0x5f, 0x6d, 0x65, 0x74, 0x61, 0x6c, 0x6c, 0x69, 0x63, 0x52, 0x6f, 0x75, 0x67, // ..u_metallicRoug
	0x68, 0x6e, 0x65, 0x73, 0x73, 0x02, 0x01, 0x00, 0x00, 0x01, 0x00, 0x00, 0x00, 0x00, 0x00, 0x0b, // hness...........
	0x75, 0x5f, 0x61, 0x6c, 0x70, 0x68, 0x61, 0x4d, 0x6f, 0x64, 0x65, 0x02, 0x01, 0x00, 0x00, 0x01, // u_alphaMode.....
	0x00, 0x00, 0x00, 0x00, 0x00, 0x0d, 0x75, 0x5f, 0x6d, 0x61, 0x74, 0x65, 0x72, 0x69, 0x61, 0x6c, // ......u_material
	0x45, 0x78, 0x74, 0x02, 0x01, 0x00, 0x00, 0x01, 0x00, 0x00, 0x00, 0x00, 0x00, 0x0f, 0x75, 0x5f, // Ext...........u_
	0x73, 0x70, 0x65, 0x63, 0x75, 0x6c, 0x61, 0x72, 0x43, 0x6f, 0x6c, 0x6f, 0x72, 0x02, 0x01, 0x00, // specularColor...
	0x00, 0x01, 0x00, 0x00, 0x00, 0x00, 0x00, 0xf5, 0x40, 0x00, 0x00, 0x69, 0x6e, 0x20, 0x76, 0x65, // ........@..in ve
	0x63, 0x34, 0x20, 0x76, 0x5f, 0x63, 0x6f, 0x6c, 0x6f, 0x72, 0x30, 0x3b, 0x0a, 0x69, 0x6e, 0x20, // c4 v_color0;.in
	0x76, 0x65, 0x63, 0x34, 0x20, 0x76, 0x5f, 0x73, 0x68, 0x61, 0x64, 0x6f, 0x77, 0x43, 0x6f, 0x6f, // vec4 v_shadowCoo
	0x72, 0x64, 0x3b, 0x0a, 0x69, 0x6e, 0x20, 0x76, 0x65, 0x63, 0x34, 0x20, 0x76, 0x5f, 0x77, 0x6f, // rd;.in vec4 v_wo
	0x72, 0x6c, 0x64, 0x4e, 0x6f, 0x72, 0x6d, 0x61, 0x6c, 0x3b, 0x0a, 0x69, 0x6e, 0x20, 0x76, 0x65, // rldNormal;.in ve
	0x63, 0x34, 0x20, 0x76, 0x5f, 0x77, 0x6f, 0x72, 0x6c, 0x64, 0x50, 0x6f, 0x73, 0x3b, 0x0a, 0x75, // c4 v_worldPos;.u
	0x6e, 0x69, 0x66, 0x6f, 0x72, 0x6d, 0x20, 0x73, 0x61, 0x6d, 0x70, 0x6c, 0x65, 0x72, 0x43, 0x75, // niform samplerCu
	0x62, 0x65, 0x20, 0x73, 0x5f, 0x69, 0x72, 0x72, 0x61, 0x64, 0x69, 0x61, 0x6e, 0x63, 0x65, 0x3b, // be s_irradiance;
	0x0a, 0x75, 0x6e, 0x69, 0x66, 0x6f, 0x72, 0x6d, 0x20, 0x73, 0x61, 0x6d, 0x70, 0x6c, 0x65, 0x72, // .uniform sampler
	0x43, 0x75, 0x62, 0x65, 0x20, 0x73, 0x5f, 0x70, 0x72, 0x65, 0x66, 0x69, 0x6c, 0x74, 0x65, 0x72, // Cube s_prefilter
	0x3b, 0x0a, 0x75, 0x6e, 0x69, 0x66, 0x6f, 0x72, 0x6d, 0x20, 0x73, 0x61, 0x6d, 0x70, 0x6c, 0x65, // ;.uniform sample
	0x72, 0x32, 0x44, 0x20, 0x73, 0x5f, 0x73, 0x68, 0x61, 0x64, 0x6f, 0x77, 0x4d, 0x61, 0x70, 0x3b, // r2D s_shadowMap;
	0x0a, 0x75, 0x6e, 0x69, 0x66, 0x6f, 0x72, 0x6d, 0x20, 0x76, 0x65, 0x63, 0x34, 0x20, 0x75, 0x5f, // .uniform vec4 u_
	0x76, 0x69, 0x65, 0x77, 0x50, 0x6f, 0x73, 0x3b, 0x0a, 0x75, 0x6e, 0x69, 0x66, 0x6f, 0x72, 0x6d, // viewPos;.uniform
	0x20, 0x76, 0x65, 0x63, 0x34, 0x20, 0x75, 0x5f, 0x65, 0x6e, 0x76, 0x44, 0x69, 0x66, 0x66, 0x75, //  vec4 u_envDiffu
	0x73, 0x65, 0x3b, 0x0a, 0x75, 0x6e, 0x69, 0x66, 0x6f, 0x72, 0x6d, 0x20, 0x76, 0x65, 0x63, 0x34, // se;.uniform vec4
	0x20, 0x75, 0x5f, 0x65, 0x6e, 0x76, 0x53, 0x70, 0x65, 0x63, 0x75, 0x6c, 0x61, 0x72, 0x3b, 0x0a, //  u_envSpecular;.
	0x75, 0x6e, 0x69, 0x66, 0x6f, 0x72, 0x6d, 0x20, 0x76, 0x65, 0x63, 0x34, 0x20, 0x75, 0x5f, 0x70, // uniform vec4 u_p
	0x62, 0x72, 0x50, 0x61, 0x72, 0x61, 0x6d, 0x73, 0x3b, 0x0a, 0x75, 0x6e, 0x69, 0x66, 0x6f, 0x72, // brParams;.unifor
	0x6d, 0x20, 0x76, 0x65, 0x63, 0x34, 0x20, 0x75, 0x5f, 0x64, 0x69, 0x72, 0x65, 0x63, 0x74, 0x69, // m vec4 u_directi
	0x6f, 0x6e, 0x61, 0x6c, 0x4c, 0x69, 0x67, 0x68, 0x74, 0x44, 0x69, 0x72, 0x65, 0x63, 0x74, 0x69, // onalLightDirecti
	0x6f, 0x6e, 0x3b, 0x0a, 0x75, 0x6e, 0x69, 0x66, 0x6f, 0x72, 0x6d, 0x20, 0x76, 0x65, 0x63, 0x34, // on;.uniform vec4
	0x20, 0x75, 0x5f, 0x64, 0x69, 0x72, 0x65, 0x63, 0x74, 0x69, 0x6f, 0x6e, 0x61, 0x6c, 0x4c, 0x69, //  u_directionalLi
	0x67, 0x68, 0x74, 0x43, 0x6f, 0x6c, 0x6f, 0x72, 0x3b, 0x0a, 0x75, 0x6e, 0x69, 0x66, 0x6f, 0x72, // ghtColor;.unifor
	0x6d, 0x20, 0x76, 0x65, 0x63, 0x34, 0x20, 0x75, 0x5f, 0x70, 0x6f, 0x69, 0x6e, 0x74, 0x4c, 0x69, // m vec4 u_pointLi
	0x67, 0x68, 0x74, 0x50, 0x6f, 0x73, 0x69, 0x74, 0x69, 0x6f, 0x6e, 0x52, 0x61, 0x6e, 0x67, 0x65, // ghtPositionRange
	0x5b, 0x34, 0x5d, 0x3b, 0x0a, 0x75, 0x6e, 0x69, 0x66, 0x6f, 0x72, 0x6d, 0x20, 0x76, 0x65, 0x63, // [4];.uniform vec
	0x34, 0x20, 0x75, 0x5f, 0x70, 0x6f, 0x69, 0x6e, 0x74, 0x4c, 0x69, 0x67, 0x68, 0x74, 0x43, 0x6f, // 4 u_pointLightCo
	0x6c, 0x6f, 0x72, 0x49, 0x6e, 0x74, 0x65, 0x6e, 0x73, 0x69, 0x74, 0x79, 0x5b, 0x34, 0x5d, 0x3b, // lorIntensity[4];
	0x0a, 0x75, 0x6e, 0x69, 0x66, 0x6f, 0x72, 0x6d, 0x20, 0x76, 0x65, 0x63, 0x34, 0x20, 0x75, 0x5f, // .uniform vec4 u_
	0x6f, 0x76, 0x65, 0x72, 0x66, 0x6c, 0x6f, 0x77, 0x4c, 0x69, 0x67, 0x68, 0x74, 0x53, 0x48, 0x5b, // overflowLightSH[
	0x34, 0x5d, 0x3b, 0x0a, 0x75, 0x6e, 0x69, 0x66, 0x6f, 0x72, 0x6d, 0x20, 0x76, 0x65, 0x63, 0x34, // 4];.uniform vec4
	0x20, 0x75, 0x5f, 0x73, 0x68, 0x61, 0x64, 0x6f, 0x77, 0x50, 0x61, 0x72, 0x61, 0x6d, 0x73, 0x3b, //  u_shadowParams;
	0x0a, 0x75, 0x6e, 0x69, 0x66, 0x6f, 0x72, 0x6d, 0x20, 0x76, 0x65, 0x63, 0x34, 0x20, 0x75, 0x5f, // .uniform vec4 u_
	0x62, 0x61, 0x73, 0x65, 0x43, 0x6f, 0x6c, 0x6f, 0x72, 0x3b, 0x0a, 0x75, 0x6e, 0x69, 0x66, 0x6f, // baseColor;.unifo
	0x72, 0x6d, 0x20, 0x76, 0x65, 0x63, 0x34, 0x20, 0x75, 0x5f, 0x65, 0x6d, 0x69, 0x73, 0x73, 0x69, // rm vec4 u_emissi
	0x76, 0x65, 0x46, 0x61, 0x63, 0x74, 0x6f, 0x72, 0x3b, 0x0a, 0x75, 0x6e, 0x69, 0x66, 0x6f, 0x72, // veFactor;.unifor
	0x6d, 0x20, 0x76, 0x65, 0x63, 0x34, 0x20, 0x75, 0x5f, 0x6d, 0x65, 0x74, 0x61, 0x6c, 0x6c, 0x69, // m vec4 u_metalli
	0x63, 0x52, 0x6f, 0x75, 0x67, 0x68, 0x6e, 0x65, 0x73, 0x73, 0x3b, 0x0a, 0x75, 0x6e, 0x69, 0x66, // cRoughness;.unif
	0x6f, 0x72, 0x6d, 0x20, 0x76, 0x65, 0x63, 0x34, 0x20, 0x75, 0x5f, 0x61, 0x6c, 0x70, 0x68, 0x61, // orm vec4 u_alpha
	0x4d, 0x6f, 0x64, 0x65, 0x3b, 0x0a, 0x75, 0x6e, 0x69, 0x66, 0x6f, 0x72, 0x6d, 0x20, 0x76, 0x65, // Mode;.uniform ve
	0x63, 0x34, 0x20, 0x75, 0x5f, 0x6d, 0x61, 0x74, 0x65, 0x72, 0x69, 0x61, 0x6c, 0x45, 0x78, 0x74, // c4 u_materialExt
	0x3b, 0x0a, 0x75, 0x6e, 0x69, 0x66, 0x6f, 0x72, 0x6d, 0x20, 0x76, 0x65, 0x63, 0x34, 0x20, 0x75, // ;.uniform vec4 u
	0x5f, 0x73, 0x70, 0x65, 0x63, 0x75, 0x6c, 0x61, 0x72, 0x43, 0x6f, 0x6c, 0x6f, 0x72, 0x3b, 0x0a, // _specularColor;.
	0x76, 0x6f, 0x69, 0x64, 0x20, 0x6d, 0x61, 0x69, 0x6e, 0x20, 0x28, 0x29, 0x0a, 0x7b, 0x0a, 0x20, // void main ().{.
	0x20, 0x76, 0x65, 0x63, 0x33, 0x20, 0x64, 0x69, 0x72, 0x65, 0x63, 0x74, 0x5f, 0x32, 0x3b, 0x0a, //  vec3 direct_2;.
	0x20, 0x20, 0x76, 0x65, 0x63, 0x33, 0x20, 0x64, 0x69, 0x65, 0x6c, 0x65, 0x63, 0x74, 0x72, 0x69, //   vec3 dielectri
	0x63, 0x46, 0x39, 0x30, 0x43, 0x6f, 0x6c, 0x6f, 0x72, 0x5f, 0x33, 0x3b, 0x0a, 0x20, 0x20, 0x76, // cF90Color_3;.  v
	0x65, 0x63, 0x33, 0x20, 0x64, 0x69, 0x65, 0x6c, 0x65, 0x63, 0x74, 0x72, 0x69, 0x63, 0x46, 0x30, // ec3 dielectricF0
	0x43, 0x6f, 0x6c, 0x6f, 0x72, 0x5f, 0x34, 0x3b, 0x0a, 0x20, 0x20, 0x66, 0x6c, 0x6f, 0x61, 0x74, // Color_4;.  float
	0x20, 0x72, 0x6f, 0x75, 0x67, 0x68, 0x6e, 0x65, 0x73, 0x73, 0x5f, 0x35, 0x3b, 0x0a, 0x20, 0x20, //  roughness_5;.
	0x66, 0x6c, 0x6f, 0x61, 0x74, 0x20, 0x6d, 0x65, 0x74, 0x61, 0x6c, 0x6c, 0x69, 0x63, 0x5f, 0x36, // float metallic_6
	0x3b, 0x0a, 0x20, 0x20, 0x66, 0x6c, 0x6f, 0x61, 0x74, 0x20, 0x6e, 0x44, 0x6f, 0x74, 0x56, 0x5f, // ;.  float nDotV_
	0x37, 0x3b, 0x0a, 0x20, 0x20, 0x76, 0x65, 0x63, 0x33, 0x20, 0x76, 0x5f, 0x38, 0x3b, 0x0a, 0x20, // 7;.  vec3 v_8;.
	0x20, 0x76, 0x65, 0x63, 0x33, 0x20, 0x6e, 0x5f, 0x39, 0x3b, 0x0a, 0x20, 0x20, 0x76, 0x65, 0x63, //  vec3 n_9;.  vec
	0x34, 0x20, 0x62, 0x61, 0x73, 0x65, 0x43, 0x6f, 0x6c, 0x6f, 0x72, 0x5f, 0x31, 0x30, 0x3b, 0x0a, // 4 baseColor_10;.
	0x20, 0x20, 0x76, 0x65, 0x63, 0x34, 0x20, 0x74, 0x6d, 0x70, 0x76, 0x61, 0x72, 0x5f, 0x31, 0x31, //   vec4 tmpvar_11
	0x3b, 0x0a, 0x20, 0x20, 0x74, 0x6d, 0x70, 0x76, 0x61, 0x72, 0x5f, 0x31, 0x31, 0x20, 0x3d, 0x20, // ;.  tmpvar_11 =
	0x28, 0x75, 0x5f, 0x62, 0x61, 0x73, 0x65, 0x43, 0x6f, 0x6c, 0x6f, 0x72, 0x20, 0x2a, 0x20, 0x76, // (u_baseColor * v
	0x5f, 0x63, 0x6f, 0x6c, 0x6f, 0x72, 0x30, 0x29, 0x3b, 0x0a, 0x20, 0x20, 0x62, 0x61, 0x73, 0x65, // _color0);.  base
	0x43, 0x6f, 0x6c, 0x6f, 0x72, 0x5f, 0x31, 0x30, 0x20, 0x3d, 0x20, 0x74, 0x6d, 0x70, 0x76, 0x61, // Color_10 = tmpva
	0x72, 0x5f, 0x31, 0x31, 0x3b, 0x0a, 0x20, 0x20, 0x69, 0x66, 0x20, 0x28, 0x28, 0x28, 0x28, 0x75, // r_11;.  if ((((u
	0x5f, 0x61, 0x6c, 0x70, 0x68, 0x61, 0x4d, 0x6f, 0x64, 0x65, 0x2e, 0x78, 0x20, 0x3e, 0x20, 0x30, // _alphaMode.x > 0
	0x2e, 0x35, 0x29, 0x20, 0x26, 0x26, 0x20, 0x28, 0x75, 0x5f, 0x61, 0x6c, 0x70, 0x68, 0x61, 0x4d, // .5) && (u_alphaM
	0x6f, 0x64, 0x65, 0x2e, 0x78, 0x20, 0x3c, 0x20, 0x31, 0x2e, 0x35, 0x29, 0x29, 0x20, 0x26, 0x26, // ode.x < 1.5)) &&
	0x20, 0x28, 0x74, 0x6d, 0x70, 0x76, 0x61, 0x72, 0x5f, 0x31, 0x31, 0x2e, 0x77, 0x20, 0x3c, 0x20, //  (tmpvar_11.w <
	0x75, 0x5f, 0x61, 0x6c, 0x70, 0x68, 0x61, 0x4d, 0x6f, 0x64, 0x65, 0x2e, 0x79, 0x29, 0x29, 0x29, // u_alphaMode.y)))
	0x20, 0x7b, 0x0a, 0x20, 0x20, 0x20, 0x20, 0x64, 0x69, 0x73, 0x63, 0x61, 0x72, 0x64, 0x3b, 0x0a, //  {.    discard;.
	0x20, 0x20, 0x7d, 0x3b, 0x0a, 0x20, 0x20, 0x76, 0x65, 0x63, 0x33, 0x20, 0x74, 0x6d, 0x70, 0x76, //   };.  vec3 tmpv
	0x61, 0x72, 0x5f, 0x31, 0x32, 0x3b, 0x0a, 0x20, 0x20, 0x74, 0x6d, 0x70, 0x76, 0x61, 0x72, 0x5f, // ar_12;.  tmpvar_
	0x31, 0x32, 0x20, 0x3d, 0x20, 0x6e, 0x6f, 0x72, 0x6d, 0x61, 0x6c, 0x69, 0x7a, 0x65, 0x28, 0x76, // 12 = normalize(v
	0x5f, 0x77, 0x6f, 0x72, 0x6c, 0x64, 0x4e, 0x6f, 0x72, 0x6d, 0x61, 0x6c, 0x2e, 0x78, 0x79, 0x7a, // _worldNormal.xyz
	0x29, 0x3b, 0x0a, 0x20, 0x20, 0x6e, 0x5f, 0x39, 0x20, 0x3d, 0x20, 0x74, 0x6d, 0x70, 0x76, 0x61, // );.  n_9 = tmpva
	0x72, 0x5f, 0x31, 0x32, 0x3b, 0x0a, 0x20, 0x20, 0x76, 0x65, 0x63, 0x33, 0x20, 0x76, 0x61, 0x6c, // r_12;.  vec3 val
	0x75, 0x65, 0x5f, 0x31, 0x33, 0x3b, 0x0a, 0x20, 0x20, 0x76, 0x61, 0x6c, 0x75, 0x65, 0x5f, 0x31, // ue_13;.  value_1
	0x33, 0x20, 0x3d, 0x20, 0x28, 0x75, 0x5f, 0x76, 0x69, 0x65, 0x77, 0x50, 0x6f, 0x73, 0x2e, 0x78, // 3 = (u_viewPos.x
	0x79, 0x7a, 0x20, 0x2d, 0x20, 0x76, 0x5f, 0x77, 0x6f, 0x72, 0x6c, 0x64, 0x50, 0x6f, 0x73, 0x2e, // yz - v_worldPos.
	0x78, 0x79, 0x7a, 0x29, 0x3b, 0x0a, 0x20, 0x20, 0x76, 0x65, 0x63, 0x33, 0x20, 0x74, 0x6d, 0x70, // xyz);.  vec3 tmp
	0x76, 0x61, 0x72, 0x5f, 0x31, 0x34, 0x3b, 0x0a, 0x20, 0x20, 0x66, 0x6c, 0x6f, 0x61, 0x74, 0x20, // var_14;.  float
	0x74, 0x6d, 0x70, 0x76, 0x61, 0x72, 0x5f, 0x31, 0x35, 0x3b, 0x0a, 0x20, 0x20, 0x74, 0x6d, 0x70, // tmpvar_15;.  tmp
	0x76, 0x61, 0x72, 0x5f, 0x31, 0x35, 0x20, 0x3d, 0x20, 0x64, 0x6f, 0x74, 0x20, 0x28, 0x76, 0x61, // var_15 = dot (va
	0x6c, 0x75, 0x65, 0x5f, 0x31, 0x33, 0x2c, 0x20, 0x76, 0x61, 0x6c, 0x75, 0x65, 0x5f, 0x31, 0x33, // lue_13, value_13
	0x29, 0x3b, 0x0a, 0x20, 0x20, 0x69, 0x66, 0x20, 0x28, 0x28, 0x28, 0x74, 0x6d, 0x70, 0x76, 0x61, // );.  if (((tmpva
	0x72, 0x5f, 0x31, 0x35, 0x20, 0x21, 0x3d, 0x20, 0x74, 0x6d, 0x70, 0x76, 0x61, 0x72, 0x5f, 0x31, // r_15 != tmpvar_1
	0x35, 0x29, 0x20, 0x7c, 0x7c, 0x20, 0x28, 0x74, 0x6d, 0x70, 0x76, 0x61, 0x72, 0x5f, 0x31, 0x35, // 5) || (tmpvar_15
	0x20, 0x3c, 0x3d, 0x20, 0x31, 0x65, 0x2d, 0x30, 0x36, 0x29, 0x29, 0x29, 0x20, 0x7b, 0x0a, 0x20, //  <= 1e-06))) {.
	0x20, 0x20, 0x20, 0x74, 0x6d, 0x70, 0x76, 0x61, 0x72, 0x5f, 0x31, 0x34, 0x20, 0x3d, 0x20, 0x74, //    tmpvar_14 = t
	0x6d, 0x70, 0x76, 0x61, 0x72, 0x5f, 0x31, 0x32, 0x3b, 0x0a, 0x20, 0x20, 0x7d, 0x20, 0x65, 0x6c, // mpvar_12;.  } el
	0x73, 0x65, 0x20, 0x7b, 0x0a, 0x20, 0x20, 0x20, 0x20, 0x74, 0x6d, 0x70, 0x76, 0x61, 0x72, 0x5f, // se {.    tmpvar_
	0x31, 0x34, 0x20, 0x3d, 0x20, 0x28, 0x76, 0x61, 0x6c, 0x75, 0x65, 0x5f, 0x31, 0x33, 0x20, 0x2a, // 14 = (value_13 *
	0x20, 0x69, 0x6e, 0x76, 0x65, 0x72, 0x73, 0x65, 0x73, 0x71, 0x72, 0x74, 0x28, 0x74, 0x6d, 0x70, //  inversesqrt(tmp
	0x76, 0x61, 0x72, 0x5f, 0x31, 0x35, 0x29, 0x29, 0x3b, 0x0a, 0x20, 0x20, 0x7d, 0x3b, 0x0a, 0x20, // var_15));.  };.
	0x20, 0x76, 0x5f, 0x38, 0x20, 0x3d, 0x20, 0x74, 0x6d, 0x70, 0x76, 0x61, 0x72, 0x5f, 0x31, 0x34, //  v_8 = tmpvar_14
	0x3b, 0x0a, 0x20, 0x20, 0x6e, 0x44, 0x6f, 0x74, 0x56, 0x5f, 0x37, 0x20, 0x3d, 0x20, 0x6d, 0x61, // ;.  nDotV_7 = ma
	0x78, 0x20, 0x28, 0x63, 0x6c, 0x61, 0x6d, 0x70, 0x20, 0x28, 0x64, 0x6f, 0x74, 0x20, 0x28, 0x74, // x (clamp (dot (t
	0x6d, 0x70, 0x76, 0x61, 0x72, 0x5f, 0x31, 0x32, 0x2c, 0x20, 0x74, 0x6d, 0x70, 0x76, 0x61, 0x72, // mpvar_12, tmpvar
	0x5f, 0x31, 0x34, 0x29, 0x2c, 0x20, 0x30, 0x2e, 0x30, 0x2c, 0x20, 0x31, 0x2e, 0x30, 0x29, 0x2c, // _14), 0.0, 1.0),
	0x20, 0x31, 0x65, 0x2d, 0x30, 0x36, 0x29, 0x3b, 0x0a, 0x20, 0x20, 0x66, 0x6c, 0x6f, 0x61, 0x74, //  1e-06);.  float
	0x20, 0x74, 0x6d, 0x70, 0x76, 0x61, 0x72, 0x5f, 0x31, 0x36, 0x3b, 0x0a, 0x20, 0x20, 0x74, 0x6d, //  tmpvar_16;.  tm
	0x70, 0x76, 0x61, 0x72, 0x5f, 0x31, 0x36, 0x20, 0x3d, 0x20, 0x63, 0x6c, 0x61, 0x6d, 0x70, 0x20, // pvar_16 = clamp
	0x28, 0x75, 0x5f, 0x6d, 0x65, 0x74, 0x61, 0x6c, 0x6c, 0x69, 0x63, 0x52, 0x6f, 0x75, 0x67, 0x68, // (u_metallicRough
	0x6e, 0x65, 0x73, 0x73, 0x2e, 0x78, 0x2c, 0x20, 0x30, 0x2e, 0x30, 0x2c, 0x20, 0x31, 0x2e, 0x30, // ness.x, 0.0, 1.0
	0x29, 0x3b, 0x0a, 0x20, 0x20, 0x6d, 0x65, 0x74, 0x61, 0x6c, 0x6c, 0x69, 0x63, 0x5f, 0x36, 0x20, // );.  metallic_6
	0x3d, 0x20, 0x74, 0x6d, 0x70, 0x76, 0x61, 0x72, 0x5f, 0x31, 0x36, 0x3b, 0x0a, 0x20, 0x20, 0x66, // = tmpvar_16;.  f
	0x6c, 0x6f, 0x61, 0x74, 0x20, 0x74, 0x6d, 0x70, 0x76, 0x61, 0x72, 0x5f, 0x31, 0x37, 0x3b, 0x0a, // loat tmpvar_17;.
	0x20, 0x20, 0x74, 0x6d, 0x70, 0x76, 0x61, 0x72, 0x5f, 0x31, 0x37, 0x20, 0x3d, 0x20, 0x6d, 0x61, //   tmpvar_17 = ma
	0x78, 0x20, 0x28, 0x75, 0x5f, 0x6d, 0x65, 0x74, 0x61, 0x6c, 0x6c, 0x69, 0x63, 0x52, 0x6f, 0x75, // x (u_metallicRou
	0x67, 0x68, 0x6e, 0x65, 0x73, 0x73, 0x2e, 0x79, 0x2c, 0x20, 0x30, 0x2e, 0x30, 0x34, 0x29, 0x3b, // ghness.y, 0.04);
	0x0a, 0x20, 0x20, 0x72, 0x6f, 0x75, 0x67, 0x68, 0x6e, 0x65, 0x73, 0x73, 0x5f, 0x35, 0x20, 0x3d, // .  roughness_5 =
	0x20, 0x74, 0x6d, 0x70, 0x76, 0x61, 0x72, 0x5f, 0x31, 0x37, 0x3b, 0x0a, 0x20, 0x20, 0x66, 0x6c, //  tmpvar_17;.  fl
	0x6f, 0x61, 0x74, 0x20, 0x74, 0x6d, 0x70, 0x76, 0x61, 0x72, 0x5f, 0x31, 0x38, 0x3b, 0x0a, 0x20, // oat tmpvar_18;.
	0x20, 0x74, 0x6d, 0x70, 0x76, 0x61, 0x72, 0x5f, 0x31, 0x38, 0x20, 0x3d, 0x20, 0x28, 0x28, 0x75, //  tmpvar_18 = ((u
	0x5f, 0x6d, 0x61, 0x74, 0x65, 0x72, 0x69, 0x61, 0x6c, 0x45, 0x78, 0x74, 0x2e, 0x79, 0x20, 0x2d, // _materialExt.y -
	0x20, 0x31, 0x2e, 0x30, 0x29, 0x20, 0x2f, 0x20, 0x28, 0x75, 0x5f, 0x6d, 0x61, 0x74, 0x65, 0x72, //  1.0) / (u_mater
	0x69, 0x61, 0x6c, 0x45, 0x78, 0x74, 0x2e, 0x79, 0x20, 0x2b, 0x20, 0x31, 0x2e, 0x30, 0x29, 0x29, // ialExt.y + 1.0))
	0x3b, 0x0a, 0x20, 0x20, 0x66, 0x6c, 0x6f, 0x61, 0x74, 0x20, 0x74, 0x6d, 0x70, 0x76, 0x61, 0x72, // ;.  float tmpvar
	0x5f, 0x31, 0x39, 0x3b, 0x0a, 0x20, 0x20, 0x74, 0x6d, 0x70, 0x76, 0x61, 0x72, 0x5f, 0x31, 0x39, // _19;.  tmpvar_19
	0x20, 0x3d, 0x20, 0x63, 0x6c, 0x61, 0x6d, 0x70, 0x20, 0x28, 0x75, 0x5f, 0x6d, 0x61, 0x74, 0x65, //  = clamp (u_mate
	0x72, 0x69, 0x61, 0x6c, 0x45, 0x78, 0x74, 0x2e, 0x78, 0x2c, 0x20, 0x30, 0x2e, 0x30, 0x2c, 0x20, // rialExt.x, 0.0,
	0x31, 0x2e, 0x30, 0x29, 0x3b, 0x0a, 0x20, 0x20, 0x76, 0x65, 0x63, 0x33, 0x20, 0x74, 0x6d, 0x70, // 1.0);.  vec3 tmp
	0x76, 0x61, 0x72, 0x5f, 0x32, 0x30, 0x3b, 0x0a, 0x20, 0x20, 0x74, 0x6d, 0x70, 0x76, 0x61, 0x72, // var_20;.  tmpvar
	0x5f, 0x32, 0x30, 0x20, 0x3d, 0x20, 0x28, 0x6d, 0x69, 0x6e, 0x20, 0x28, 0x28, 0x76, 0x65, 0x63, // _20 = (min ((vec
	0x33, 0x28, 0x0a, 0x20, 0x20, 0x20, 0x20, 0x28, 0x74, 0x6d, 0x70, 0x76, 0x61, 0x72, 0x5f, 0x31, // 3(.    (tmpvar_1
	0x38, 0x20, 0x2a, 0x20, 0x74, 0x6d, 0x70, 0x76, 0x61, 0x72, 0x5f, 0x31, 0x38, 0x29, 0x0a, 0x20, // 8 * tmpvar_18).
	0x20, 0x29, 0x20, 0x2a, 0x20, 0x75, 0x5f, 0x73, 0x70, 0x65, 0x63, 0x75, 0x6c, 0x61, 0x72, 0x43, //  ) * u_specularC
	0x6f, 0x6c, 0x6f, 0x72, 0x2e, 0x78, 0x79, 0x7a, 0x29, 0x2c, 0x20, 0x76, 0x65, 0x63, 0x33, 0x28, // olor.xyz), vec3(
	0x31, 0x2e, 0x30, 0x2c, 0x20, 0x31, 0x2e, 0x30, 0x2c, 0x20, 0x31, 0x2e, 0x30, 0x29, 0x29, 0x20, // 1.0, 1.0, 1.0))
	0x2a, 0x20, 0x74, 0x6d, 0x70, 0x76, 0x61, 0x72, 0x5f, 0x31, 0x39, 0x29, 0x3b, 0x0a, 0x20, 0x20, // * tmpvar_19);.
	0x64, 0x69, 0x65, 0x6c, 0x65, 0x63, 0x74, 0x72, 0x69, 0x63, 0x46, 0x30, 0x43, 0x6f, 0x6c, 0x6f, // dielectricF0Colo
	0x72, 0x5f, 0x34, 0x20, 0x3d, 0x20, 0x74, 0x6d, 0x70, 0x76, 0x61, 0x72, 0x5f, 0x32, 0x30, 0x3b, // r_4 = tmpvar_20;
	0x0a, 0x20, 0x20, 0x76, 0x65, 0x63, 0x33, 0x20, 0x74, 0x6d, 0x70, 0x76, 0x61, 0x72, 0x5f, 0x32, // .  vec3 tmpvar_2
	0x31, 0x3b, 0x0a, 0x20, 0x20, 0x74, 0x6d, 0x70, 0x76, 0x61, 0x72, 0x5f, 0x32, 0x31, 0x2e, 0x78, // 1;.  tmpvar_21.x
	0x20, 0x3d, 0x20, 0x74, 0x6d, 0x70, 0x76, 0x61, 0x72, 0x5f, 0x31, 0x39, 0x3b, 0x0a, 0x20, 0x20, //  = tmpvar_19;.
	0x74, 0x6d, 0x70, 0x76, 0x61, 0x72, 0x5f, 0x32, 0x31, 0x2e, 0x79, 0x20, 0x3d, 0x20, 0x74, 0x6d, // tmpvar_21.y = tm
	0x70, 0x76, 0x61, 0x72, 0x5f, 0x31, 0x39, 0x3b, 0x0a, 0x20, 0x20, 0x74, 0x6d, 0x70, 0x76, 0x61, // pvar_19;.  tmpva
	0x72, 0x5f, 0x32, 0x31, 0x2e, 0x7a, 0x20, 0x3d, 0x20, 0x74, 0x6d, 0x70, 0x76, 0x61, 0x72, 0x5f, // r_21.z = tmpvar_
	0x31, 0x39, 0x3b, 0x0a, 0x20, 0x20, 0x64, 0x69, 0x65, 0x6c, 0x65, 0x63, 0x74, 0x72, 0x69, 0x63, // 19;.  dielectric
	0x46, 0x39, 0x30, 0x43, 0x6f, 0x6c, 0x6f, 0x72, 0x5f, 0x33, 0x20, 0x3d, 0x20, 0x74, 0x6d, 0x70, // F90Color_3 = tmp
	0x76, 0x61, 0x72, 0x5f, 0x32, 0x31, 0x3b, 0x0a, 0x20, 0x20, 0x76, 0x65, 0x63, 0x33, 0x20, 0x74, // var_21;.  vec3 t
	0x6d, 0x70, 0x76, 0x61, 0x72, 0x5f, 0x32, 0x32, 0x3b, 0x0a, 0x20, 0x20, 0x74, 0x6d, 0x70, 0x76, // mpvar_22;.  tmpv
	0x61, 0x72, 0x5f, 0x32, 0x32, 0x2e, 0x78, 0x20, 0x3d, 0x20, 0x30, 0x2e, 0x30, 0x3b, 0x0a, 0x20, // ar_22.x = 0.0;.
	0x20, 0x74, 0x6d, 0x70, 0x76, 0x61, 0x72, 0x5f, 0x32, 0x32, 0x2e, 0x79, 0x20, 0x3d, 0x20, 0x30, //  tmpvar_22.y = 0
	0x2e, 0x30, 0x3b, 0x0a, 0x20, 0x20, 0x74, 0x6d, 0x70, 0x76, 0x61, 0x72, 0x5f, 0x32, 0x32, 0x2e, // .0;.  tmpvar_22.
	0x7a, 0x20, 0x3d, 0x20, 0x30, 0x2e, 0x30, 0x3b, 0x0a, 0x20, 0x20, 0x64, 0x69, 0x72, 0x65, 0x63, // z = 0.0;.  direc
	0x74, 0x5f, 0x32, 0x20, 0x3d, 0x20, 0x74, 0x6d, 0x70, 0x76, 0x61, 0x72, 0x5f, 0x32, 0x32, 0x3b, // t_2 = tmpvar_22;
	0x0a, 0x20, 0x20, 0x69, 0x66, 0x20, 0x28, 0x28, 0x75, 0x5f, 0x64, 0x69, 0x72, 0x65, 0x63, 0x74, // .  if ((u_direct
	0x69, 0x6f, 0x6e, 0x61, 0x6c, 0x4c, 0x69, 0x67, 0x68, 0x74, 0x44, 0x69, 0x72, 0x65, 0x63, 0x74, // ionalLightDirect
	0x69, 0x6f, 0x6e, 0x2e, 0x77, 0x20, 0x3e, 0x20, 0x30, 0x2e, 0x35, 0x29, 0x29, 0x20, 0x7b, 0x0a, // ion.w > 0.5)) {.
	0x20, 0x20, 0x20, 0x20, 0x76, 0x65, 0x63, 0x33, 0x20, 0x74, 0x6d, 0x70, 0x76, 0x61, 0x72, 0x5f, //     vec3 tmpvar_
	0x32, 0x33, 0x3b, 0x0a, 0x20, 0x20, 0x20, 0x20, 0x74, 0x6d, 0x70, 0x76, 0x61, 0x72, 0x5f, 0x32, // 23;.    tmpvar_2
	0x33, 0x20, 0x3d, 0x20, 0x6e, 0x6f, 0x72, 0x6d, 0x61, 0x6c, 0x69, 0x7a, 0x65, 0x28, 0x75, 0x5f, // 3 = normalize(u_
	0x64, 0x69, 0x72, 0x65, 0x63, 0x74, 0x69, 0x6f, 0x6e, 0x61, 0x6c, 0x4c, 0x69, 0x67, 0x68, 0x74, // directionalLight
	0x44, 0x69, 0x72, 0x65, 0x63, 0x74, 0x69, 0x6f, 0x6e, 0x2e, 0x78, 0x79, 0x7a, 0x29, 0x3b, 0x0a, // Direction.xyz);.
	0x20, 0x20, 0x20, 0x20, 0x76, 0x65, 0x63, 0x33, 0x20, 0x74, 0x6d, 0x70, 0x76, 0x61, 0x72, 0x5f, //     vec3 tmpvar_
	0x32, 0x34, 0x3b, 0x0a, 0x20, 0x20, 0x20, 0x20, 0x76, 0x65, 0x63, 0x33, 0x20, 0x76, 0x61, 0x6c, // 24;.    vec3 val
	0x75, 0x65, 0x5f, 0x32, 0x35, 0x3b, 0x0a, 0x20, 0x20, 0x20, 0x20, 0x76, 0x61, 0x6c, 0x75, 0x65, // ue_25;.    value
	0x5f, 0x32, 0x35, 0x20, 0x3d, 0x20, 0x28, 0x74, 0x6d, 0x70, 0x76, 0x61, 0x72, 0x5f, 0x31, 0x34, // _25 = (tmpvar_14
	0x20, 0x2b, 0x20, 0x74, 0x6d, 0x70, 0x76, 0x61, 0x72, 0x5f, 0x32, 0x33, 0x29, 0x3b, 0x0a, 0x20, //  + tmpvar_23);.
	0x20, 0x20, 0x20, 0x76, 0x65, 0x63, 0x33, 0x20, 0x74, 0x6d, 0x70, 0x76, 0x61, 0x72, 0x5f, 0x32, //    vec3 tmpvar_2
	0x36, 0x3b, 0x0a, 0x20, 0x20, 0x20, 0x20, 0x66, 0x6c, 0x6f, 0x61, 0x74, 0x20, 0x74, 0x6d, 0x70, // 6;.    float tmp
	0x76, 0x61, 0x72, 0x5f, 0x32, 0x37, 0x3b, 0x0a, 0x20, 0x20, 0x20, 0x20, 0x74, 0x6d, 0x70, 0x76, // var_27;.    tmpv
	0x61, 0x72, 0x5f, 0x32, 0x37, 0x20, 0x3d, 0x20, 0x64, 0x6f, 0x74, 0x20, 0x28, 0x76, 0x61, 0x6c, // ar_27 = dot (val
	0x75, 0x65, 0x5f, 0x32, 0x35, 0x2c, 0x20, 0x76, 0x61, 0x6c, 0x75, 0x65, 0x5f, 0x32, 0x35, 0x29, // ue_25, value_25)
	0x3b, 0x0a, 0x20, 0x20, 0x20, 0x20, 0x69, 0x66, 0x20, 0x28, 0x28, 0x28, 0x74, 0x6d, 0x70, 0x76, // ;.    if (((tmpv
	0x61, 0x72, 0x5f, 0x32, 0x37, 0x20, 0x21, 0x3d, 0x20, 0x74, 0x6d, 0x70, 0x76, 0x61, 0x72, 0x5f, // ar_27 != tmpvar_
	0x32, 0x37, 0x29, 0x20, 0x7c, 0x7c, 0x20, 0x28, 0x74, 0x6d, 0x70, 0x76, 0x61, 0x72, 0x5f, 0x32, // 27) || (tmpvar_2
	0x37, 0x20, 0x3c, 0x3d, 0x20, 0x31, 0x65, 0x2d, 0x30, 0x36, 0x29, 0x29, 0x29, 0x20, 0x7b, 0x0a, // 7 <= 1e-06))) {.
	0x20, 0x20, 0x20, 0x20, 0x20, 0x20, 0x74, 0x6d, 0x70, 0x76, 0x61, 0x72, 0x5f, 0x32, 0x36, 0x20, //       tmpvar_26
	0x3d, 0x20, 0x74, 0x6d, 0x70, 0x76, 0x61, 0x72, 0x5f, 0x31, 0x32, 0x3b, 0x0a, 0x20, 0x20, 0x20, // = tmpvar_12;.
	0x20, 0x7d, 0x20, 0x65, 0x6c, 0x73, 0x65, 0x20, 0x7b, 0x0a, 0x20, 0x20, 0x20, 0x20, 0x20, 0x20, //  } else {.
	0x74, 0x6d, 0x70, 0x76, 0x61, 0x72, 0x5f, 0x32, 0x36, 0x20, 0x3d, 0x20, 0x28, 0x76, 0x61, 0x6c, // tmpvar_26 = (val
	0x75, 0x65, 0x5f, 0x32, 0x35, 0x20, 0x2a, 0x20, 0x69, 0x6e, 0x76, 0x65, 0x72, 0x73, 0x65, 0x73, // ue_25 * inverses
	0x71, 0x72, 0x74, 0x28, 0x74, 0x6d, 0x70, 0x76, 0x61, 0x72, 0x5f, 0x32, 0x37, 0x29, 0x29, 0x3b, // qrt(tmpvar_27));
	0x0a, 0x20, 0x20, 0x20, 0x20, 0x7d, 0x3b, 0x0a, 0x20, 0x20, 0x20, 0x20, 0x66, 0x6c, 0x6f, 0x61, // .    };.    floa
	0x74, 0x20, 0x74, 0x6d, 0x70, 0x76, 0x61, 0x72, 0x5f, 0x32, 0x38, 0x3b, 0x0a, 0x20, 0x20, 0x20, // t tmpvar_28;.
	0x20, 0x74, 0x6d, 0x70, 0x76, 0x61, 0x72, 0x5f, 0x32, 0x38, 0x20, 0x3d, 0x20, 0x63, 0x6c, 0x61, //  tmpvar_28 = cla
	0x6d, 0x70, 0x20, 0x28, 0x64, 0x6f, 0x74, 0x20, 0x28, 0x74, 0x6d, 0x70, 0x76, 0x61, 0x72, 0x5f, // mp (dot (tmpvar_
	0x31, 0x32, 0x2c, 0x20, 0x74, 0x6d, 0x70, 0x76, 0x61, 0x72, 0x5f, 0x32, 0x33, 0x29, 0x2c, 0x20, // 12, tmpvar_23),
	0x30, 0x2e, 0x30, 0x2c, 0x20, 0x31, 0x2e, 0x30, 0x29, 0x3b, 0x0a, 0x20, 0x20, 0x20, 0x20, 0x66, // 0.0, 1.0);.    f
	0x6c, 0x6f, 0x61, 0x74, 0x20, 0x74, 0x6d, 0x70, 0x76, 0x61, 0x72, 0x5f, 0x32, 0x39, 0x3b, 0x0a, // loat tmpvar_29;.
	0x20, 0x20, 0x20, 0x20, 0x74, 0x6d, 0x70, 0x76, 0x61, 0x72, 0x5f, 0x32, 0x39, 0x20, 0x3d, 0x20, //     tmpvar_29 =
	0x6d, 0x61, 0x78, 0x20, 0x28, 0x63, 0x6c, 0x61, 0x6d, 0x70, 0x20, 0x28, 0x64, 0x6f, 0x74, 0x20, // max (clamp (dot
	0x28, 0x74, 0x6d, 0x70, 0x76, 0x61, 0x72, 0x5f, 0x31, 0x32, 0x2c, 0x20, 0x74, 0x6d, 0x70, 0x76, // (tmpvar_12, tmpv
	0x61, 0x72, 0x5f, 0x31, 0x34, 0x29, 0x2c, 0x20, 0x30, 0x2e, 0x30, 0x2c, 0x20, 0x31, 0x2e, 0x30, // ar_14), 0.0, 1.0
	0x29, 0x2c, 0x20, 0x31, 0x65, 0x2d, 0x30, 0x36, 0x29, 0x3b, 0x0a, 0x20, 0x20, 0x20, 0x20, 0x66, // ), 1e-06);.    f
	0x6c, 0x6f, 0x61, 0x74, 0x20, 0x74, 0x6d, 0x70, 0x76, 0x61, 0x72, 0x5f, 0x33, 0x30, 0x3b, 0x0a, // loat tmpvar_30;.
	0x20, 0x20, 0x20, 0x20, 0x74, 0x6d, 0x70, 0x76, 0x61, 0x72, 0x5f, 0x33, 0x30, 0x20, 0x3d, 0x20, //     tmpvar_30 =
	0x63, 0x6c, 0x61, 0x6d, 0x70, 0x20, 0x28, 0x64, 0x6f, 0x74, 0x20, 0x28, 0x74, 0x6d, 0x70, 0x76, // clamp (dot (tmpv
	0x61, 0x72, 0x5f, 0x31, 0x32, 0x2c, 0x20, 0x74, 0x6d, 0x70, 0x76, 0x61, 0x72, 0x5f, 0x32, 0x36, // ar_12, tmpvar_26
	0x29, 0x2c, 0x20, 0x30, 0x2e, 0x30, 0x2c, 0x20, 0x31, 0x2e, 0x30, 0x29, 0x3b, 0x0a, 0x20, 0x20, // ), 0.0, 1.0);.
	0x20, 0x20, 0x66, 0x6c, 0x6f, 0x61, 0x74, 0x20, 0x74, 0x6d, 0x70, 0x76, 0x61, 0x72, 0x5f, 0x33, //   float tmpvar_3
	0x31, 0x3b, 0x0a, 0x20, 0x20, 0x20, 0x20, 0x74, 0x6d, 0x70, 0x76, 0x61, 0x72, 0x5f, 0x33, 0x31, // 1;.    tmpvar_31
	0x20, 0x3d, 0x20, 0x63, 0x6c, 0x61, 0x6d, 0x70, 0x20, 0x28, 0x64, 0x6f, 0x74, 0x20, 0x28, 0x74, //  = clamp (dot (t
	0x6d, 0x70, 0x76, 0x61, 0x72, 0x5f, 0x32, 0x36, 0x2c, 0x20, 0x74, 0x6d, 0x70, 0x76, 0x61, 0x72, // mpvar_26, tmpvar
	0x5f, 0x31, 0x34, 0x29, 0x2c, 0x20, 0x30, 0x2e, 0x30, 0x2c, 0x20, 0x31, 0x2e, 0x30, 0x29, 0x3b, // _14), 0.0, 1.0);
	0x0a, 0x20, 0x20, 0x20, 0x20, 0x76, 0x65, 0x63, 0x33, 0x20, 0x74, 0x6d, 0x70, 0x76, 0x61, 0x72, // .    vec3 tmpvar
	0x5f, 0x33, 0x32, 0x3b, 0x0a, 0x20, 0x20, 0x20, 0x20, 0x74, 0x6d, 0x70, 0x76, 0x61, 0x72, 0x5f, // _32;.    tmpvar_
	0x33, 0x32, 0x20, 0x3d, 0x20, 0x28, 0x74, 0x6d, 0x70, 0x76, 0x61, 0x72, 0x5f, 0x32, 0x30, 0x20, // 32 = (tmpvar_20
	0x2b, 0x20, 0x28, 0x28, 0x76, 0x65, 0x63, 0x33, 0x28, 0x74, 0x6d, 0x70, 0x76, 0x61, 0x72, 0x5f, // + ((vec3(tmpvar_
	0x31, 0x39, 0x29, 0x20, 0x2d, 0x20, 0x74, 0x6d, 0x70, 0x76, 0x61, 0x72, 0x5f, 0x32, 0x30, 0x29, // 19) - tmpvar_20)
	0x20, 0x2a, 0x20, 0x70, 0x6f, 0x77, 0x20, 0x28, 0x0a, 0x20, 0x20, 0x20, 0x20, 0x20, 0x20, 0x28, //  * pow (.      (
	0x31, 0x2e, 0x30, 0x20, 0x2d, 0x20, 0x74, 0x6d, 0x70, 0x76, 0x61, 0x72, 0x5f, 0x33, 0x31, 0x29, // 1.0 - tmpvar_31)
	0x0a, 0x20, 0x20, 0x20, 0x20, 0x2c, 0x20, 0x35, 0x2e, 0x30, 0x29, 0x29, 0x29, 0x3b, 0x0a, 0x20, // .    , 5.0)));.
	0x20, 0x20, 0x20, 0x66, 0x6c, 0x6f, 0x61, 0x74, 0x20, 0x74, 0x6d, 0x70, 0x76, 0x61, 0x72, 0x5f, //    float tmpvar_
	0x33, 0x33, 0x3b, 0x0a, 0x20, 0x20, 0x20, 0x20, 0x74, 0x6d, 0x70, 0x76, 0x61, 0x72, 0x5f, 0x33, // 33;.    tmpvar_3
	0x33, 0x20, 0x3d, 0x20, 0x28, 0x74, 0x6d, 0x70, 0x76, 0x61, 0x72, 0x5f, 0x31, 0x37, 0x20, 0x2a, // 3 = (tmpvar_17 *
	0x20, 0x74, 0x6d, 0x70, 0x76, 0x61, 0x72, 0x5f, 0x31, 0x37, 0x29, 0x3b, 0x0a, 0x20, 0x20, 0x20, //  tmpvar_17);.
	0x20, 0x66, 0x6c, 0x6f, 0x61, 0x74, 0x20, 0x74, 0x6d, 0x70, 0x76, 0x61, 0x72, 0x5f, 0x33, 0x34, //  float tmpvar_34
	0x3b, 0x0a, 0x20, 0x20, 0x20, 0x20, 0x74, 0x6d, 0x70, 0x76, 0x61, 0x72, 0x5f, 0x33, 0x34, 0x20, // ;.    tmpvar_34
	0x3d, 0x20, 0x28, 0x74, 0x6d, 0x70, 0x76, 0x61, 0x72, 0x5f, 0x33, 0x33, 0x20, 0x2a, 0x20, 0x74, // = (tmpvar_33 * t
	0x6d, 0x70, 0x76, 0x61, 0x72, 0x5f, 0x33, 0x33, 0x29, 0x3b, 0x0a, 0x20, 0x20, 0x20, 0x20, 0x66, // mpvar_33);.    f
	0x6c, 0x6f, 0x61, 0x74, 0x20, 0x74, 0x6d, 0x70, 0x76, 0x61, 0x72, 0x5f, 0x33, 0x35, 0x3b, 0x0a, // loat tmpvar_35;.
	0x20, 0x20, 0x20, 0x20, 0x74, 0x6d, 0x70, 0x76, 0x61, 0x72, 0x5f, 0x33, 0x35, 0x20, 0x3d, 0x20, //     tmpvar_35 =
	0x28, 0x28, 0x28, 0x74, 0x6d, 0x70, 0x76, 0x61, 0x72, 0x5f, 0x33, 0x30, 0x20, 0x2a, 0x20, 0x74, // (((tmpvar_30 * t
	0x6d, 0x70, 0x76, 0x61, 0x72, 0x5f, 0x33, 0x30, 0x29, 0x20, 0x2a, 0x20, 0x28, 0x74, 0x6d, 0x70, // mpvar_30) * (tmp
	0x76, 0x61, 0x72, 0x5f, 0x33, 0x34, 0x20, 0x2d, 0x20, 0x31, 0x2e, 0x30, 0x29, 0x29, 0x20, 0x2b, // var_34 - 1.0)) +
	0x20, 0x31, 0x2e, 0x30, 0x29, 0x3b, 0x0a, 0x20, 0x20, 0x20, 0x20, 0x66, 0x6c, 0x6f, 0x61, 0x74, //  1.0);.    float
	0x20, 0x74, 0x6d, 0x70, 0x76, 0x61, 0x72, 0x5f, 0x33, 0x36, 0x3b, 0x0a, 0x20, 0x20, 0x20, 0x20, //  tmpvar_36;.
	0x74, 0x6d, 0x70, 0x76, 0x61, 0x72, 0x5f, 0x33, 0x36, 0x20, 0x3d, 0x20, 0x28, 0x74, 0x6d, 0x70, // tmpvar_36 = (tmp
	0x76, 0x61, 0x72, 0x5f, 0x31, 0x37, 0x20, 0x2b, 0x20, 0x31, 0x2e, 0x30, 0x29, 0x3b, 0x0a, 0x20, // var_17 + 1.0);.
	0x20, 0x20, 0x20, 0x66, 0x6c, 0x6f, 0x61, 0x74, 0x20, 0x74, 0x6d, 0x70, 0x76, 0x61, 0x72, 0x5f, //    float tmpvar_
	0x33, 0x37, 0x3b, 0x0a, 0x20, 0x20, 0x20, 0x20, 0x74, 0x6d, 0x70, 0x76, 0x61, 0x72, 0x5f, 0x33, // 37;.    tmpvar_3
	0x37, 0x20, 0x3d, 0x20, 0x28, 0x28, 0x74, 0x6d, 0x70, 0x76, 0x61, 0x72, 0x5f, 0x33, 0x36, 0x20, // 7 = ((tmpvar_36
	0x2a, 0x20, 0x74, 0x6d, 0x70, 0x76, 0x61, 0x72, 0x5f, 0x33, 0x36, 0x29, 0x20, 0x2f, 0x20, 0x38, // * tmpvar_36) / 8
	0x2e, 0x30, 0x29, 0x3b, 0x0a, 0x20, 0x20, 0x20, 0x20, 0x66, 0x6c, 0x6f, 0x61, 0x74, 0x20, 0x74, // .0);.    float t
	0x6d, 0x70, 0x76, 0x61, 0x72, 0x5f, 0x33, 0x38, 0x3b, 0x0a, 0x20, 0x20, 0x20, 0x20, 0x74, 0x6d, // mpvar_38;.    tm
	0x70, 0x76, 0x61, 0x72, 0x5f, 0x33, 0x38, 0x20, 0x3d, 0x20, 0x28, 0x74, 0x6d, 0x70, 0x76, 0x61, // pvar_38 = (tmpva
	0x72, 0x5f, 0x31, 0x37, 0x20, 0x2b, 0x20, 0x31, 0x2e, 0x30, 0x29, 0x3b, 0x0a, 0x20, 0x20, 0x20, // r_17 + 1.0);.
	0x20, 0x66, 0x6c, 0x6f, 0x61, 0x74, 0x20, 0x74, 0x6d, 0x70, 0x76, 0x61, 0x72, 0x5f, 0x33, 0x39, //  float tmpvar_39
	0x3b, 0x0a, 0x20, 0x20, 0x20, 0x20, 0x74, 0x6d, 0x70, 0x76, 0x61, 0x72, 0x5f, 0x33, 0x39, 0x20, // ;.    tmpvar_39
	0x3d, 0x20, 0x28, 0x28, 0x74, 0x6d, 0x70, 0x76, 0x61, 0x72, 0x5f, 0x33, 0x38, 0x20, 0x2a, 0x20, // = ((tmpvar_38 *
	0x74, 0x6d, 0x70, 0x76, 0x61, 0x72, 0x5f, 0x33, 0x38, 0x29, 0x20, 0x2f, 0x20, 0x38, 0x2e, 0x30, // tmpvar_38) / 8.0
	0x29, 0x3b, 0x0a, 0x20, 0x20, 0x20, 0x20, 0x74, 0x6d, 0x70, 0x76, 0x61, 0x72, 0x5f, 0x32, 0x34, // );.    tmpvar_24
	0x20, 0x3d, 0x20, 0x28, 0x28, 0x28, 0x0a, 0x20, 0x20, 0x20, 0x20, 0x20, 0x20, 0x28, 0x28, 0x28, //  = (((.      (((
	0x76, 0x65, 0x63, 0x33, 0x28, 0x28, 0x31, 0x2e, 0x30, 0x20, 0x2d, 0x20, 0x0a, 0x20, 0x20, 0x20, // vec3((1.0 - .
	0x20, 0x20, 0x20, 0x20, 0x20, 0x6d, 0x61, 0x78, 0x20, 0x28, 0x74, 0x6d, 0x70, 0x76, 0x61, 0x72, //      max (tmpvar
	0x5f, 0x33, 0x32, 0x2e, 0x78, 0x2c, 0x20, 0x6d, 0x61, 0x78, 0x20, 0x28, 0x74, 0x6d, 0x70, 0x76, // _32.x, max (tmpv
	0x61, 0x72, 0x5f, 0x33, 0x32, 0x2e, 0x79, 0x2c, 0x20, 0x74, 0x6d, 0x70, 0x76, 0x61, 0x72, 0x5f, // ar_32.y, tmpvar_
	0x33, 0x32, 0x2e, 0x7a, 0x29, 0x29, 0x0a, 0x20, 0x20, 0x20, 0x20, 0x20, 0x20, 0x29, 0x29, 0x20, // 32.z)).      ))
	0x2a, 0x20, 0x28, 0x31, 0x2e, 0x30, 0x20, 0x2d, 0x20, 0x74, 0x6d, 0x70, 0x76, 0x61, 0x72, 0x5f, // * (1.0 - tmpvar_
	0x31, 0x36, 0x29, 0x29, 0x20, 0x2a, 0x20, 0x74, 0x6d, 0x70, 0x76, 0x61, 0x72, 0x5f, 0x31, 0x31, // 16)) * tmpvar_11
	0x2e, 0x78, 0x79, 0x7a, 0x29, 0x20, 0x2f, 0x20, 0x33, 0x2e, 0x31, 0x34, 0x31, 0x35, 0x39, 0x33, // .xyz) / 3.141593
	0x29, 0x0a, 0x20, 0x20, 0x20, 0x20, 0x20, 0x2b, 0x20, 0x0a, 0x20, 0x20, 0x20, 0x20, 0x20, 0x20, // ).     + .
	0x28, 0x28, 0x28, 0x28, 0x74, 0x6d, 0x70, 0x76, 0x61, 0x72, 0x5f, 0x33, 0x34, 0x20, 0x2f, 0x20, // ((((tmpvar_34 /
	0x0a, 0x20, 0x20, 0x20, 0x20, 0x20, 0x20, 0x20, 0x20, 0x6d, 0x61, 0x78, 0x20, 0x28, 0x28, 0x28, // .        max (((
	0x33, 0x2e, 0x31, 0x34, 0x31, 0x35, 0x39, 0x33, 0x20, 0x2a, 0x20, 0x74, 0x6d, 0x70, 0x76, 0x61, // 3.141593 * tmpva
	0x72, 0x5f, 0x33, 0x35, 0x29, 0x20, 0x2a, 0x20, 0x74, 0x6d, 0x70, 0x76, 0x61, 0x72, 0x5f, 0x33, // r_35) * tmpvar_3
	0x35, 0x29, 0x2c, 0x20, 0x31, 0x65, 0x2d, 0x30, 0x36, 0x29, 0x0a, 0x20, 0x20, 0x20, 0x20, 0x20, // 5), 1e-06).
	0x20, 0x29, 0x20, 0x2a, 0x20, 0x28, 0x0a, 0x20, 0x20, 0x20, 0x20, 0x20, 0x20, 0x20, 0x20, 0x28, //  ) * (.        (
	0x74, 0x6d, 0x70, 0x76, 0x61, 0x72, 0x5f, 0x32, 0x39, 0x20, 0x2f, 0x20, 0x6d, 0x61, 0x78, 0x20, // tmpvar_29 / max
	0x28, 0x28, 0x28, 0x74, 0x6d, 0x70, 0x76, 0x61, 0x72, 0x5f, 0x32, 0x39, 0x20, 0x2a, 0x20, 0x0a, // (((tmpvar_29 * .
	0x20, 0x20, 0x20, 0x20, 0x20, 0x20, 0x20, 0x20, 0x20, 0x20, 0x28, 0x31, 0x2e, 0x30, 0x20, 0x2d, //           (1.0 -
	0x20, 0x74, 0x6d, 0x70, 0x76, 0x61, 0x72, 0x5f, 0x33, 0x37, 0x29, 0x0a, 0x20, 0x20, 0x20, 0x20, //  tmpvar_37).
	0x20, 0x20, 0x20, 0x20, 0x29, 0x20, 0x2b, 0x20, 0x74, 0x6d, 0x70, 0x76, 0x61, 0x72, 0x5f, 0x33, //     ) + tmpvar_3
	0x37, 0x29, 0x2c, 0x20, 0x31, 0x65, 0x2d, 0x30, 0x36, 0x29, 0x29, 0x0a, 0x20, 0x20, 0x20, 0x20, // 7), 1e-06)).
	0x20, 0x20, 0x20, 0x2a, 0x20, 0x0a, 0x20, 0x20, 0x20, 0x20, 0x20, 0x20, 0x20, 0x20, 0x28, 0x74, //    * .        (t
	0x6d, 0x70, 0x76, 0x61, 0x72, 0x5f, 0x32, 0x38, 0x20, 0x2f, 0x20, 0x6d, 0x61, 0x78, 0x20, 0x28, // mpvar_28 / max (
	0x28, 0x28, 0x74, 0x6d, 0x70, 0x76, 0x61, 0x72, 0x5f, 0x32, 0x38, 0x20, 0x2a, 0x20, 0x0a, 0x20, // ((tmpvar_28 * .
	0x20, 0x20, 0x20, 0x20, 0x20, 0x20, 0x20, 0x20, 0x20, 0x28, 0x31, 0x2e, 0x30, 0x20, 0x2d, 0x20, //          (1.0 -
	0x74, 0x6d, 0x70, 0x76, 0x61, 0x72, 0x5f, 0x33, 0x39, 0x29, 0x0a, 0x20, 0x20, 0x20, 0x20, 0x20, // tmpvar_39).
	0x20, 0x20, 0x20, 0x29, 0x20, 0x2b, 0x20, 0x74, 0x6d, 0x70, 0x76, 0x61, 0x72, 0x5f, 0x33, 0x39, //    ) + tmpvar_39
	0x29, 0x2c, 0x20, 0x31, 0x65, 0x2d, 0x30, 0x36, 0x29, 0x29, 0x0a, 0x20, 0x20, 0x20, 0x20, 0x20, // ), 1e-06)).
	0x20, 0x29, 0x29, 0x20, 0x2a, 0x20, 0x6d, 0x69, 0x78, 0x20, 0x28, 0x74, 0x6d, 0x70, 0x76, 0x61, //  )) * mix (tmpva
	0x72, 0x5f, 0x33, 0x32, 0x2c, 0x20, 0x28, 0x74, 0x6d, 0x70, 0x76, 0x61, 0x72, 0x5f, 0x31, 0x31, // r_32, (tmpvar_11
	0x2e, 0x78, 0x79, 0x7a, 0x20, 0x2b, 0x20, 0x0a, 0x20, 0x20, 0x20, 0x20, 0x20, 0x20, 0x20, 0x20, // .xyz + .
	0x28, 0x28, 0x76, 0x65, 0x63, 0x33, 0x28, 0x31, 0x2e, 0x30, 0x2c, 0x20, 0x31, 0x2e, 0x30, 0x2c, // ((vec3(1.0, 1.0,
	0x20, 0x31, 0x2e, 0x30, 0x29, 0x20, 0x2d, 0x20, 0x74, 0x6d, 0x70, 0x76, 0x61, 0x72, 0x5f, 0x31, //  1.0) - tmpvar_1
	0x31, 0x2e, 0x78, 0x79, 0x7a, 0x29, 0x20, 0x2a, 0x20, 0x70, 0x6f, 0x77, 0x20, 0x28, 0x28, 0x31, // 1.xyz) * pow ((1
	0x2e, 0x30, 0x20, 0x2d, 0x20, 0x74, 0x6d, 0x70, 0x76, 0x61, 0x72, 0x5f, 0x33, 0x31, 0x29, 0x2c, // .0 - tmpvar_31),
	0x20, 0x35, 0x2e, 0x30, 0x29, 0x29, 0x0a, 0x20, 0x20, 0x20, 0x20, 0x20, 0x20, 0x29, 0x2c, 0x20, //  5.0)).      ),
	0x74, 0x6d, 0x70, 0x76, 0x61, 0x72, 0x5f, 0x31, 0x36, 0x29, 0x29, 0x20, 0x2f, 0x20, 0x6d, 0x61, // tmpvar_16)) / ma
	0x78, 0x20, 0x28, 0x28, 0x28, 0x34, 0x2e, 0x30, 0x20, 0x2a, 0x20, 0x74, 0x6d, 0x70, 0x76, 0x61, // x (((4.0 * tmpva
	0x72, 0x5f, 0x32, 0x39, 0x29, 0x20, 0x2a, 0x20, 0x74, 0x6d, 0x70, 0x76, 0x61, 0x72, 0x5f, 0x32, // r_29) * tmpvar_2
	0x38, 0x29, 0x2c, 0x20, 0x31, 0x65, 0x2d, 0x30, 0x36, 0x29, 0x29, 0x0a, 0x20, 0x20, 0x20, 0x20, // 8), 1e-06)).
	0x29, 0x20, 0x2a, 0x20, 0x74, 0x6d, 0x70, 0x76, 0x61, 0x72, 0x5f, 0x32, 0x38, 0x29, 0x20, 0x2a, // ) * tmpvar_28) *
	0x20, 0x75, 0x5f, 0x64, 0x69, 0x72, 0x65, 0x63, 0x74, 0x69, 0x6f, 0x6e, 0x61, 0x6c, 0x4c, 0x69, //  u_directionalLi
	0x67, 0x68, 0x74, 0x43, 0x6f, 0x6c, 0x6f, 0x72, 0x2e, 0x78, 0x79, 0x7a, 0x29, 0x3b, 0x0a, 0x20, // ghtColor.xyz);.
	0x20, 0x20, 0x20, 0x66, 0x6c, 0x6f, 0x61, 0x74, 0x20, 0x74, 0x6d, 0x70, 0x76, 0x61, 0x72, 0x5f, //    float tmpvar_
	0x34, 0x30, 0x3b, 0x0a, 0x20, 0x20, 0x20, 0x20, 0x66, 0x6c, 0x6f, 0x61, 0x74, 0x20, 0x76, 0x69, // 40;.    float vi
	0x73, 0x69, 0x62, 0x69, 0x6c, 0x69, 0x74, 0x79, 0x5f, 0x34, 0x31, 0x3b, 0x0a, 0x20, 0x20, 0x20, // sibility_41;.
	0x20, 0x69, 0x66, 0x20, 0x28, 0x28, 0x75, 0x5f, 0x73, 0x68, 0x61, 0x64, 0x6f, 0x77, 0x50, 0x61, //  if ((u_shadowPa
	0x72, 0x61, 0x6d, 0x73, 0x2e, 0x77, 0x20, 0x3c, 0x20, 0x30, 0x2e, 0x35, 0x29, 0x29, 0x20, 0x7b, // rams.w < 0.5)) {
	0x0a, 0x20, 0x20, 0x20, 0x20, 0x20, 0x20, 0x74, 0x6d, 0x70, 0x76, 0x61, 0x72, 0x5f, 0x34, 0x30, // .      tmpvar_40
	0x20, 0x3d, 0x20, 0x31, 0x2e, 0x30, 0x3b, 0x0a, 0x20, 0x20, 0x20, 0x20, 0x7d, 0x20, 0x65, 0x6c, //  = 1.0;.    } el
	0x73, 0x65, 0x20, 0x7b, 0x0a, 0x20, 0x20, 0x20, 0x20, 0x20, 0x20, 0x76, 0x65, 0x63, 0x33, 0x20, // se {.      vec3
	0x74, 0x6d, 0x70, 0x76, 0x61, 0x72, 0x5f, 0x34, 0x32, 0x3b, 0x0a, 0x20, 0x20, 0x20, 0x20, 0x20, // tmpvar_42;.
	0x20, 0x74, 0x6d, 0x70, 0x76, 0x61, 0x72, 0x5f, 0x34, 0x32, 0x20, 0x3d, 0x20, 0x28, 0x76, 0x5f, //  tmpvar_42 = (v_
	0x73, 0x68, 0x61, 0x64, 0x6f, 0x77, 0x43, 0x6f, 0x6f, 0x72, 0x64, 0x2e, 0x78, 0x79, 0x7a, 0x20, // shadowCoord.xyz
	0x2f, 0x20, 0x6d, 0x61, 0x78, 0x20, 0x28, 0x76, 0x5f, 0x73, 0x68, 0x61, 0x64, 0x6f, 0x77, 0x43, // / max (v_shadowC
	0x6f, 0x6f, 0x72, 0x64, 0x2e, 0x77, 0x2c, 0x20, 0x31, 0x65, 0x2d, 0x30, 0x36, 0x29, 0x29, 0x3b, // oord.w, 1e-06));
	0x0a, 0x20, 0x20, 0x20, 0x20, 0x20, 0x20, 0x69, 0x66, 0x20, 0x28, 0x28, 0x28, 0x28, 0x0a, 0x20, // .      if ((((.
	0x20, 0x20, 0x20, 0x20, 0x20, 0x20, 0x20, 0x28, 0x28, 0x28, 0x74, 0x6d, 0x70, 0x76, 0x61, 0x72, //        (((tmpvar
	0x5f, 0x34, 0x32, 0x2e, 0x78, 0x20, 0x3c, 0x3d, 0x20, 0x30, 0x2e, 0x30, 0x29, 0x20, 0x7c, 0x7c, // _42.x <= 0.0) ||
	0x20, 0x28, 0x74, 0x6d, 0x70, 0x76, 0x61, 0x72, 0x5f, 0x34, 0x32, 0x2e, 0x78, 0x20, 0x3e, 0x3d, //  (tmpvar_42.x >=
	0x20, 0x31, 0x2e, 0x30, 0x29, 0x29, 0x20, 0x7c, 0x7c, 0x20, 0x28, 0x74, 0x6d, 0x70, 0x76, 0x61, //  1.0)) || (tmpva
	0x72, 0x5f, 0x34, 0x32, 0x2e, 0x79, 0x20, 0x3c, 0x3d, 0x20, 0x30, 0x2e, 0x30, 0x29, 0x29, 0x0a, // r_42.y <= 0.0)).
	0x20, 0x20, 0x20, 0x20, 0x20, 0x20, 0x20, 0x7c, 0x7c, 0x20, 0x0a, 0x20, 0x20, 0x20, 0x20, 0x20, //        || .
	0x20, 0x20, 0x20, 0x28, 0x74, 0x6d, 0x70, 0x76, 0x61, 0x72, 0x5f, 0x34, 0x32, 0x2e, 0x79, 0x20, //    (tmpvar_42.y
	0x3e, 0x3d, 0x20, 0x31, 0x2e, 0x30, 0x29, 0x0a, 0x20, 0x20, 0x20, 0x20, 0x20, 0x20, 0x29, 0x20, // >= 1.0).      )
	0x7c, 0x7c, 0x20, 0x28, 0x74, 0x6d, 0x70, 0x76, 0x61, 0x72, 0x5f, 0x34, 0x32, 0x2e, 0x7a, 0x20, // || (tmpvar_42.z
	0x3c, 0x3d, 0x20, 0x30, 0x2e, 0x30, 0x29, 0x29, 0x20, 0x7c, 0x7c, 0x20, 0x28, 0x74, 0x6d, 0x70, // <= 0.0)) || (tmp
	0x76, 0x61, 0x72, 0x5f, 0x34, 0x32, 0x2e, 0x7a, 0x20, 0x3e, 0x3d, 0x20, 0x31, 0x2e, 0x30, 0x29, // var_42.z >= 1.0)
	0x29, 0x29, 0x20, 0x7b, 0x0a, 0x20, 0x20, 0x20, 0x20, 0x20, 0x20, 0x20, 0x20, 0x74, 0x6d, 0x70, // )) {.        tmp
	0x76, 0x61, 0x72, 0x5f, 0x34, 0x30, 0x20, 0x3d, 0x20, 0x31, 0x2e, 0x30, 0x3b, 0x0a, 0x20, 0x20, // var_40 = 1.0;.
	0x20, 0x20, 0x20, 0x20, 0x7d, 0x20, 0x65, 0x6c, 0x73, 0x65, 0x20, 0x7b, 0x0a, 0x20, 0x20, 0x20, //     } else {.
	0x20, 0x20, 0x20, 0x20, 0x20, 0x66, 0x6c, 0x6f, 0x61, 0x74, 0x20, 0x74, 0x6d, 0x70, 0x76, 0x61, //      float tmpva
	0x72, 0x5f, 0x34, 0x33, 0x3b, 0x0a, 0x20, 0x20, 0x20, 0x20, 0x20, 0x20, 0x20, 0x20, 0x74, 0x6d, // r_43;.        tm
	0x70, 0x76, 0x61, 0x72, 0x5f, 0x34, 0x33, 0x20, 0x3d, 0x20, 0x28, 0x28, 0x74, 0x6d, 0x70, 0x76, // pvar_43 = ((tmpv
	0x61, 0x72, 0x5f, 0x34, 0x32, 0x2e, 0x7a, 0x20, 0x2d, 0x20, 0x75, 0x5f, 0x73, 0x68, 0x61, 0x64, // ar_42.z - u_shad
	0x6f, 0x77, 0x50, 0x61, 0x72, 0x61, 0x6d, 0x73, 0x2e, 0x78, 0x29, 0x20, 0x2d, 0x20, 0x28, 0x75, // owParams.x) - (u
	0x5f, 0x73, 0x68, 0x61, 0x64, 0x6f, 0x77, 0x50, 0x61, 0x72, 0x61, 0x6d, 0x73, 0x2e, 0x79, 0x20, // _shadowParams.y
	0x2a, 0x20, 0x28, 0x31, 0x2e, 0x30, 0x20, 0x2d, 0x20, 0x0a, 0x20, 0x20, 0x20, 0x20, 0x20, 0x20, // * (1.0 - .
	0x20, 0x20, 0x20, 0x20, 0x63, 0x6c, 0x61, 0x6d, 0x70, 0x20, 0x28, 0x64, 0x6f, 0x74, 0x20, 0x28, //     clamp (dot (
	0x74, 0x6d, 0x70, 0x76, 0x61, 0x72, 0x5f, 0x31, 0x32, 0x2c, 0x20, 0x74, 0x6d, 0x70, 0x76, 0x61, // tmpvar_12, tmpva
	0x72, 0x5f, 0x32, 0x33, 0x29, 0x2c, 0x20, 0x30, 0x2e, 0x30, 0x2c, 0x20, 0x31, 0x2e, 0x30, 0x29, // r_23), 0.0, 1.0)
	0x0a, 0x20, 0x20, 0x20, 0x20, 0x20, 0x20, 0x20, 0x20, 0x29, 0x29, 0x29, 0x3b, 0x0a, 0x20, 0x20, // .        )));.
	0x20, 0x20, 0x20, 0x20, 0x20, 0x20, 0x76, 0x69, 0x73, 0x69, 0x62, 0x69, 0x6c, 0x69, 0x74, 0x79, //       visibility
	0x5f, 0x34, 0x31, 0x20, 0x3d, 0x20, 0x30, 0x2e, 0x30, 0x3b, 0x0a, 0x20, 0x20, 0x20, 0x20, 0x20, // _41 = 0.0;.
	0x20, 0x20, 0x20, 0x66, 0x6c, 0x6f, 0x61, 0x74, 0x20, 0x74, 0x6d, 0x70, 0x76, 0x61, 0x72, 0x5f, //    float tmpvar_
	0x34, 0x34, 0x3b, 0x0a, 0x20, 0x20, 0x20, 0x20, 0x20, 0x20, 0x20, 0x20, 0x74, 0x6d, 0x70, 0x76, // 44;.        tmpv
	0x61, 0x72, 0x5f, 0x34, 0x34, 0x20, 0x3d, 0x20, 0x64, 0x6f, 0x74, 0x20, 0x28, 0x74, 0x65, 0x78, // ar_44 = dot (tex
	0x74, 0x75, 0x72, 0x65, 0x20, 0x28, 0x73, 0x5f, 0x73, 0x68, 0x61, 0x64, 0x6f, 0x77, 0x4d, 0x61, // ture (s_shadowMa
	0x70, 0x2c, 0x20, 0x28, 0x74, 0x6d, 0x70, 0x76, 0x61, 0x72, 0x5f, 0x34, 0x32, 0x2e, 0x78, 0x79, // p, (tmpvar_42.xy
	0x20, 0x2b, 0x20, 0x28, 0x76, 0x65, 0x63, 0x32, 0x28, 0x2d, 0x31, 0x2e, 0x35, 0x2c, 0x20, 0x2d, //  + (vec2(-1.5, -
	0x31, 0x2e, 0x35, 0x29, 0x20, 0x2a, 0x20, 0x75, 0x5f, 0x73, 0x68, 0x61, 0x64, 0x6f, 0x77, 0x50, // 1.5) * u_shadowP
	0x61, 0x72, 0x61, 0x6d, 0x73, 0x2e, 0x7a, 0x7a, 0x29, 0x29, 0x29, 0x2c, 0x20, 0x76, 0x65, 0x63, // arams.zz))), vec
	0x34, 0x28, 0x35, 0x2e, 0x39, 0x36, 0x30, 0x34, 0x36, 0x34, 0x65, 0x2d, 0x30, 0x38, 0x2c, 0x20, // 4(5.960464e-08,
	0x31, 0x2e, 0x35, 0x32, 0x35, 0x38, 0x37, 0x39, 0x65, 0x2d, 0x30, 0x35, 0x2c, 0x20, 0x30, 0x2e, // 1.525879e-05, 0.
	0x30, 0x30, 0x33, 0x39, 0x30, 0x36, 0x32, 0x35, 0x2c, 0x20, 0x31, 0x2e, 0x30, 0x29, 0x29, 0x3b, // 00390625, 1.0));
	0x0a, 0x20, 0x20, 0x20, 0x20, 0x20, 0x20, 0x20, 0x20, 0x66, 0x6c, 0x6f, 0x61, 0x74, 0x20, 0x74, // .        float t
	0x6d, 0x70, 0x76, 0x61, 0x72, 0x5f, 0x34, 0x35, 0x3b, 0x0a, 0x20, 0x20, 0x20, 0x20, 0x20, 0x20, // mpvar_45;.
	0x20, 0x20, 0x69, 0x66, 0x20, 0x28, 0x28, 0x74, 0x6d, 0x70, 0x76, 0x61, 0x72, 0x5f, 0x34, 0x33, //   if ((tmpvar_43
	0x20, 0x3c, 0x3d, 0x20, 0x74, 0x6d, 0x70, 0x76, 0x61, 0x72, 0x5f, 0x34, 0x34, 0x29, 0x29, 0x20, //  <= tmpvar_44))
	0x7b, 0x0a, 0x20, 0x20, 0x20, 0x20, 0x20, 0x20, 0x20, 0x20, 0x20, 0x20, 0x74, 0x6d, 0x70, 0x76, // {.          tmpv
	0x61, 0x72, 0x5f, 0x34, 0x35, 0x20, 0x3d, 0x20, 0x31, 0x2e, 0x30, 0x3b, 0x0a, 0x20, 0x20, 0x20, // ar_45 = 1.0;.
	0x20, 0x20, 0x20, 0x20, 0x20, 0x7d, 0x20, 0x65, 0x6c, 0x73, 0x65, 0x20, 0x7b, 0x0a, 0x20, 0x20, //      } else {.
	0x20, 0x20, 0x20, 0x20, 0x20, 0x20, 0x20, 0x20, 0x74, 0x6d, 0x70, 0x76, 0x61, 0x72, 0x5f, 0x34, //         tmpvar_4
	0x35, 0x20, 0x3d, 0x20, 0x30, 0x2e, 0x30, 0x3b, 0x0a, 0x20, 0x20, 0x20, 0x20, 0x20, 0x20, 0x20, // 5 = 0.0;.
	0x20, 0x7d, 0x3b, 0x0a, 0x20, 0x20, 0x20, 0x20, 0x20, 0x20, 0x20, 0x20, 0x76, 0x69, 0x73, 0x69, //  };.        visi
	0x62, 0x69, 0x6c, 0x69, 0x74, 0x79, 0x5f, 0x34, 0x31, 0x20, 0x3d, 0x20, 0x74, 0x6d, 0x70, 0x76, // bility_41 = tmpv
	0x61, 0x72, 0x5f, 0x34, 0x35, 0x3b, 0x0a, 0x20, 0x20, 0x20, 0x20, 0x20, 0x20, 0x20, 0x20, 0x66, // ar_45;.        f
	0x6c, 0x6f, 0x61, 0x74, 0x20, 0x74, 0x6d, 0x70, 0x76, 0x61, 0x72, 0x5f, 0x34, 0x36, 0x3b, 0x0a, // loat tmpvar_46;.
	0x20, 0x20, 0x20, 0x20, 0x20, 0x20, 0x20, 0x20, 0x74, 0x6d, 0x70, 0x76, 0x61, 0x72, 0x5f, 0x34, //         tmpvar_4
	0x36, 0x20, 0x3d, 0x20, 0x64, 0x6f, 0x74, 0x20, 0x28, 0x74, 0x65, 0x78, 0x74, 0x75, 0x72, 0x65, // 6 = dot (texture
	0x20, 0x28, 0x73, 0x5f, 0x73, 0x68, 0x61, 0x64, 0x6f, 0x77, 0x4d, 0x61, 0x70, 0x2c, 0x20, 0x28, //  (s_shadowMap, (
	0x74, 0x6d, 0x70, 0x76, 0x61, 0x72, 0x5f, 0x34, 0x32, 0x2e, 0x78, 0x79, 0x20, 0x2b, 0x20, 0x28, // tmpvar_42.xy + (
	0x76, 0x65, 0x63, 0x32, 0x28, 0x2d, 0x31, 0x2e, 0x35, 0x2c, 0x20, 0x2d, 0x30, 0x2e, 0x35, 0x29, // vec2(-1.5, -0.5)
	0x20, 0x2a, 0x20, 0x75, 0x5f, 0x73, 0x68, 0x61, 0x64, 0x6f, 0x77, 0x50, 0x61, 0x72, 0x61, 0x6d, //  * u_shadowParam
	0x73, 0x2e, 0x7a, 0x7a, 0x29, 0x29, 0x29, 0x2c, 0x20, 0x76, 0x65, 0x63, 0x34, 0x28, 0x35, 0x2e, // s.zz))), vec4(5.
	0x39, 0x36, 0x30, 0x34, 0x36, 0x34, 0x65, 0x2d, 0x30, 0x38, 0x2c, 0x20, 0x31, 0x2e, 0x35, 0x32, // 960464e-08, 1.52
	0x35, 0x38, 0x37, 0x39, 0x65, 0x2d, 0x30, 0x35, 0x2c, 0x20, 0x30, 0x2e, 0x30, 0x30, 0x33, 0x39, // 5879e-05, 0.0039
	0x30, 0x36, 0x32, 0x35, 0x2c, 0x20, 0x31, 0x2e, 0x30, 0x29, 0x29, 0x3b, 0x0a, 0x20, 0x20, 0x20, // 0625, 1.0));.
	0x20, 0x20, 0x20, 0x20, 0x20, 0x66, 0x6c, 0x6f, 0x61, 0x74, 0x20, 0x74, 0x6d, 0x70, 0x76, 0x61, //      float tmpva
	0x72, 0x5f, 0x34, 0x37, 0x3b, 0x0a, 0x20, 0x20, 0x20, 0x20, 0x20, 0x20, 0x20, 0x20, 0x69, 0x66, // r_47;.        if
	0x20, 0x28, 0x28, 0x74, 0x6d, 0x70, 0x76, 0x61, 0x72, 0x5f, 0x34, 0x33, 0x20, 0x3c, 0x3d, 0x20, //  ((tmpvar_43 <=
	0x74, 0x6d, 0x70, 0x76, 0x61, 0x72, 0x5f, 0x34, 0x36, 0x29, 0x29, 0x20, 0x7b, 0x0a, 0x20, 0x20, // tmpvar_46)) {.
	0x20, 0x20, 0x20, 0x20, 0x20, 0x20, 0x20, 0x20, 0x74, 0x6d, 0x70, 0x76, 0x61, 0x72, 0x5f, 0x34, //         tmpvar_4
	0x37, 0x20, 0x3d, 0x20, 0x31, 0x2e, 0x30, 0x3b, 0x0a, 0x20, 0x20, 0x20, 0x20, 0x20, 0x20, 0x20, // 7 = 1.0;.
	0x20, 0x7d, 0x20, 0x65, 0x6c, 0x73, 0x65, 0x20, 0x7b, 0x0a, 0x20, 0x20, 0x20, 0x20, 0x20, 0x20, //  } else {.
	0x20, 0x20, 0x20, 0x20, 0x74, 0x6d, 0x70, 0x76, 0x61, 0x72, 0x5f, 0x34, 0x37, 0x20, 0x3d, 0x20, //     tmpvar_47 =
	0x30, 0x2e, 0x30, 0x3b, 0x0a, 0x20, 0x20, 0x20, 0x20, 0x20, 0x20, 0x20, 0x20, 0x7d, 0x3b, 0x0a, // 0.0;.        };.
	0x20, 0x20, 0x20, 0x20, 0x20, 0x20, 0x20, 0x20, 0x76, 0x69, 0x73, 0x69, 0x62, 0x69, 0x6c, 0x69, //         visibili
	0x74, 0x79, 0x5f, 0x34, 0x31, 0x20, 0x3d, 0x20, 0x28, 0x74, 0x6d, 0x70, 0x76, 0x61, 0x72, 0x5f, // ty_41 = (tmpvar_
	0x34, 0x35, 0x20, 0x2b, 0x20, 0x28, 0x74, 0x6d, 0x70, 0x76, 0x61, 0x72, 0x5f, 0x34, 0x37, 0x20, // 45 + (tmpvar_47
	0x2a, 0x20, 0x33, 0x2e, 0x30, 0x29, 0x29, 0x3b, 0x0a, 0x20, 0x20, 0x20, 0x20, 0x20, 0x20, 0x20, // * 3.0));.
	0x20, 0x66, 0x6c, 0x6f, 0x61, 0x74, 0x20, 0x74, 0x6d, 0x70, 0x76, 0x61, 0x72, 0x5f, 0x34, 0x38, //  float tmpvar_48
	0x3b, 0x0a, 0x20, 0x20, 0x20, 0x20, 0x20, 0x20, 0x20, 0x20, 0x74, 0x6d, 0x70, 0x76, 0x61, 0x72, // ;.        tmpvar
	0x5f, 0x34, 0x38, 0x20, 0x3d, 0x20, 0x64, 0x6f, 0x74, 0x20, 0x28, 0x74, 0x65, 0x78, 0x74, 0x75, // _48 = dot (textu
	0x72, 0x65, 0x20, 0x28, 0x73, 0x5f, 0x73, 0x68, 0x61, 0x64, 0x6f, 0x77, 0x4d, 0x61, 0x70, 0x2c, // re (s_shadowMap,
	0x20, 0x28, 0x74, 0x6d, 0x70, 0x76, 0x61, 0x72, 0x5f, 0x34, 0x32, 0x2e, 0x78, 0x79, 0x20, 0x2b, //  (tmpvar_42.xy +
	0x20, 0x28, 0x76, 0x65, 0x63, 0x32, 0x28, 0x2d, 0x31, 0x2e, 0x35, 0x2c, 0x20, 0x30, 0x2e, 0x35, //  (vec2(-1.5, 0.5
	0x29, 0x20, 0x2a, 0x20, 0x75, 0x5f, 0x73, 0x68, 0x61, 0x64, 0x6f, 0x77, 0x50, 0x61, 0x72, 0x61, // ) * u_shadowPara
	0x6d, 0x73, 0x2e, 0x7a, 0x7a, 0x29, 0x29, 0x29, 0x2c, 0x20, 0x76, 0x65, 0x63, 0x34, 0x28, 0x35, // ms.zz))), vec4(5
	0x2e, 0x39, 0x36, 0x30, 0x34, 0x36, 0x34, 0x65, 0x2d, 0x30, 0x38, 0x2c, 0x20, 0x31, 0x2e, 0x35, // .960464e-08, 1.5
	0x32, 0x35, 0x38, 0x37, 0x39, 0x65, 0x2d, 0x30, 0x35, 0x2c, 0x20, 0x30, 0x2e, 0x30, 0x30, 0x33, // 25879e-05, 0.003
	0x39, 0x30, 0x36, 0x32, 0x35, 0x2c, 0x20, 0x31, 0x2e, 0x30, 0x29, 0x29, 0x3b, 0x0a, 0x20, 0x20, // 90625, 1.0));.
	0x20, 0x20, 0x20, 0x20, 0x20, 0x20, 0x66, 0x6c, 0x6f, 0x61, 0x74, 0x20, 0x74, 0x6d, 0x70, 0x76, //       float tmpv
	0x61, 0x72, 0x5f, 0x34, 0x39, 0x3b, 0x0a, 0x20, 0x20, 0x20, 0x20, 0x20, 0x20, 0x20, 0x20, 0x69, // ar_49;.        i
	0x66, 0x20, 0x28, 0x28, 0x74, 0x6d, 0x70, 0x76, 0x61, 0x72, 0x5f, 0x34, 0x33, 0x20, 0x3c, 0x3d, // f ((tmpvar_43 <=
	0x20, 0x74, 0x6d, 0x70, 0x76, 0x61, 0x72, 0x5f, 0x34, 0x38, 0x29, 0x29, 0x20, 0x7b, 0x0a, 0x20, //  tmpvar_48)) {.
	0x20, 0x20, 0x20, 0x20, 0x20, 0x20, 0x20, 0x20, 0x20, 0x74, 0x6d, 0x70, 0x76, 0x61, 0x72, 0x5f, //          tmpvar_
	0x34, 0x39, 0x20, 0x3d, 0x20, 0x31, 0x2e, 0x30, 0x3b, 0x0a, 0x20, 0x20, 0x20, 0x20, 0x20, 0x20, // 49 = 1.0;.
	0x20, 0x20, 0x7d, 0x20, 0x65, 0x6c, 0x73, 0x65, 0x20, 0x7b, 0x0a, 0x20, 0x20, 0x20, 0x20, 0x20, //   } else {.
	0x20, 0x20, 0x20, 0x20, 0x20, 0x74, 0x6d, 0x70, 0x76, 0x61, 0x72, 0x5f, 0x34, 0x39, 0x20, 0x3d, //      tmpvar_49 =
	0x20, 0x30, 0x2e, 0x30, 0x3b, 0x0a, 0x20, 0x20, 0x20, 0x20, 0x20, 0x20, 0x20, 0x20, 0x7d, 0x3b, //  0.0;.        };
	0x0a, 0x20, 0x20, 0x20, 0x20, 0x20, 0x20, 0x20, 0x20, 0x76, 0x69, 0x73, 0x69, 0x62, 0x69, 0x6c, // .        visibil
	0x69, 0x74, 0x79, 0x5f, 0x34, 0x31, 0x20, 0x3d, 0x20, 0x28, 0x76, 0x69, 0x73, 0x69, 0x62, 0x69, // ity_41 = (visibi
	0x6c, 0x69, 0x74, 0x79, 0x5f, 0x34, 0x31, 0x20, 0x2b, 0x20, 0x28, 0x74, 0x6d, 0x70, 0x76, 0x61, // lity_41 + (tmpva
	0x72, 0x5f, 0x34, 0x39, 0x20, 0x2a, 0x20, 0x33, 0x2e, 0x30, 0x29, 0x29, 0x3b, 0x0a, 0x20, 0x20, // r_49 * 3.0));.
	0x20, 0x20, 0x20, 0x20, 0x20, 0x20, 0x66, 0x6c, 0x6f, 0x61, 0x74, 0x20, 0x74, 0x6d, 0x70, 0x76, //       float tmpv
	0x61, 0x72, 0x5f, 0x35, 0x30, 0x3b, 0x0a, 0x20, 0x20, 0x20, 0x20, 0x20, 0x20, 0x20, 0x20, 0x74, // ar_50;.        t
	0x6d, 0x70, 0x76, 0x61, 0x72, 0x5f, 0x35, 0x30, 0x20, 0x3d, 0x20, 0x64, 0x6f, 0x74, 0x20, 0x28, // mpvar_50 = dot (
	0x74, 0x65, 0x78, 0x74, 0x75, 0x72, 0x65, 0x20, 0x28, 0x73, 0x5f, 0x73, 0x68, 0x61, 0x64, 0x6f, // texture (s_shado
	0x77, 0x4d, 0x61, 0x70, 0x2c, 0x20, 0x28, 0x74, 0x6d, 0x70, 0x76, 0x61, 0x72, 0x5f, 0x34, 0x32, // wMap, (tmpvar_42
	0x2e, 0x78, 0x79, 0x20, 0x2b, 0x20, 0x28, 0x76, 0x65, 0x63, 0x32, 0x28, 0x2d, 0x31, 0x2e, 0x35, // .xy + (vec2(-1.5
	0x2c, 0x20, 0x31, 0x2e, 0x35, 0x29, 0x20, 0x2a, 0x20, 0x75, 0x5f, 0x73, 0x68, 0x61, 0x64, 0x6f, // , 1.5) * u_shado
	0x77, 0x50, 0x61, 0x72, 0x61, 0x6d, 0x73, 0x2e, 0x7a, 0x7a, 0x29, 0x29, 0x29, 0x2c, 0x20, 0x76, // wParams.zz))), v
	0x65, 0x63, 0x34, 0x28, 0x35, 0x2e, 0x39, 0x36, 0x30, 0x34, 0x36, 0x34, 0x65, 0x2d, 0x30, 0x38, // ec4(5.960464e-08
	0x2c, 0x20, 0x31, 0x2e, 0x35, 0x32, 0x35, 0x38, 0x37, 0x39, 0x65, 0x2d, 0x30, 0x35, 0x2c, 0x20, // , 1.525879e-05,
	0x30, 0x2e, 0x30, 0x30, 0x33, 0x39, 0x30, 0x36, 0x32, 0x35, 0x2c, 0x20, 0x31, 0x2e, 0x30, 0x29, // 0.00390625, 1.0)
	0x29, 0x3b, 0x0a, 0x20, 0x20, 0x20, 0x20, 0x20, 0x20, 0x20, 0x20, 0x66, 0x6c, 0x6f, 0x61, 0x74, // );.        float
	0x20, 0x74, 0x6d, 0x70, 0x76, 0x61, 0x72, 0x5f, 0x35, 0x31, 0x3b, 0x0a, 0x20, 0x20, 0x20, 0x20, //  tmpvar_51;.
	0x20, 0x20, 0x20, 0x20, 0x69, 0x66, 0x20, 0x28, 0x28, 0x74, 0x6d, 0x70, 0x76, 0x61, 0x72, 0x5f, //     if ((tmpvar_
	0x34, 0x33, 0x20, 0x3c, 0x3d, 0x20, 0x74, 0x6d, 0x70, 0x76, 0x61, 0x72, 0x5f, 0x35, 0x30, 0x29, // 43 <= tmpvar_50)
	0x29, 0x20, 0x7b, 0x0a, 0x20, 0x20, 0x20, 0x20, 0x20, 0x20, 0x20, 0x20, 0x20, 0x20, 0x74, 0x6d, // ) {.          tm
	0x70, 0x76, 0x61, 0x72, 0x5f, 0x35, 0x31, 0x20, 0x3d, 0x20, 0x31, 0x2e, 0x30, 0x3b, 0x0a, 0x20, // pvar_51 = 1.0;.
	0x20, 0x20, 0x20, 0x20, 0x20, 0x20, 0x20, 0x7d, 0x20, 0x65, 0x6c, 0x73, 0x65, 0x20, 0x7b, 0x0a, //        } else {.
	0x20, 0x20, 0x20, 0x20, 0x20, 0x20, 0x20, 0x20, 0x20, 0x20, 0x74, 0x6d, 0x70, 0x76, 0x61, 0x72, //           tmpvar
	0x5f, 0x35, 0x31, 0x20, 0x3d, 0x20, 0x30, 0x2e, 0x30, 0x3b, 0x0a, 0x20, 0x20, 0x20, 0x20, 0x20, // _51 = 0.0;.
	0x20, 0x20, 0x20, 0x7d, 0x3b, 0x0a, 0x20, 0x20, 0x20, 0x20, 0x20, 0x20, 0x20, 0x20, 0x76, 0x69, //    };.        vi
	0x73, 0x69, 0x62, 0x69, 0x6c, 0x69, 0x74, 0x79, 0x5f, 0x34, 0x31, 0x20, 0x3d, 0x20, 0x28, 0x76, // sibility_41 = (v
	0x69, 0x73, 0x69, 0x62, 0x69, 0x6c, 0x69, 0x74, 0x79, 0x5f, 0x34, 0x31, 0x20, 0x2b, 0x20, 0x74, // isibility_41 + t
	0x6d, 0x70, 0x76, 0x61, 0x72, 0x5f, 0x35, 0x31, 0x29, 0x3b, 0x0a, 0x20, 0x20, 0x20, 0x20, 0x20, // mpvar_51);.
	0x20, 0x20, 0x20, 0x66, 0x6c, 0x6f, 0x61, 0x74, 0x20, 0x74, 0x6d, 0x70, 0x76, 0x61, 0x72, 0x5f, //    float tmpvar_
	0x35, 0x32, 0x3b, 0x0a, 0x20, 0x20, 0x20, 0x20, 0x20, 0x20, 0x20, 0x20, 0x74, 0x6d, 0x70, 0x76, // 52;.        tmpv
	0x61, 0x72, 0x5f, 0x35, 0x32, 0x20, 0x3d, 0x20, 0x64, 0x6f, 0x74, 0x20, 0x28, 0x74, 0x65, 0x78, // ar_52 = dot (tex
	0x74, 0x75, 0x72, 0x65, 0x20, 0x28, 0x73, 0x5f, 0x73, 0x68, 0x61, 0x64, 0x6f, 0x77, 0x4d, 0x61, // ture (s_shadowMa
	0x70, 0x2c, 0x20, 0x28, 0x74, 0x6d, 0x70, 0x76, 0x61, 0x72, 0x5f, 0x34, 0x32, 0x2e, 0x78, 0x79, // p, (tmpvar_42.xy
	0x20, 0x2b, 0x20, 0x28, 0x76, 0x65, 0x63, 0x32, 0x28, 0x2d, 0x30, 0x2e, 0x35, 0x2c, 0x20, 0x2d, //  + (vec2(-0.5, -
	0x31, 0x2e, 0x35, 0x29, 0x20, 0x2a, 0x20, 0x75, 0x5f, 0x73, 0x68, 0x61, 0x64, 0x6f, 0x77, 0x50, // 1.5) * u_shadowP
	0x61, 0x72, 0x61, 0x6d, 0x73, 0x2e, 0x7a, 0x7a, 0x29, 0x29, 0x29, 0x2c, 0x20, 0x76, 0x65, 0x63, // arams.zz))), vec
	0x34, 0x28, 0x35, 0x2e, 0x39, 0x36, 0x30, 0x34, 0x36, 0x34, 0x65, 0x2d, 0x30, 0x38, 0x2c, 0x20, // 4(5.960464e-08,
	0x31, 0x2e, 0x35, 0x32, 0x35, 0x38, 0x37, 0x39, 0x65, 0x2d, 0x30, 0x35, 0x2c, 0x20, 0x30, 0x2e, // 1.525879e-05, 0.
	0x30, 0x30, 0x33, 0x39, 0x30, 0x36, 0x32, 0x35, 0x2c, 0x20, 0x31, 0x2e, 0x30, 0x29, 0x29, 0x3b, // 00390625, 1.0));
	0x0a, 0x20, 0x20, 0x20, 0x20, 0x20, 0x20, 0x20, 0x20, 0x66, 0x6c, 0x6f, 0x61, 0x74, 0x20, 0x74, // .        float t
	0x6d, 0x70, 0x76, 0x61, 0x72, 0x5f, 0x35, 0x33, 0x3b, 0x0a, 0x20, 0x20, 0x20, 0x20, 0x20, 0x20, // mpvar_53;.
	0x20, 0x20, 0x69, 0x66, 0x20, 0x28, 0x28, 0x74, 0x6d, 0x70, 0x76, 0x61, 0x72, 0x5f, 0x34, 0x33, //   if ((tmpvar_43
	0x20, 0x3c, 0x3d, 0x20, 0x74, 0x6d, 0x70, 0x76, 0x61, 0x72, 0x5f, 0x35, 0x32, 0x29, 0x29, 0x20, //  <= tmpvar_52))
	0x7b, 0x0a, 0x20, 0x20, 0x20, 0x20, 0x20, 0x20, 0x20, 0x20, 0x20, 0x20, 0x74, 0x6d, 0x70, 0x76, // {.          tmpv
	0x61, 0x72, 0x5f, 0x35, 0x33, 0x20, 0x3d, 0x20, 0x31, 0x2e, 0x30, 0x3b, 0x0a, 0x20, 0x20, 0x20, // ar_53 = 1.0;.
	0x20, 0x20, 0x20, 0x20, 0x20, 0x7d, 0x20, 0x65, 0x6c, 0x73, 0x65, 0x20, 0x7b, 0x0a, 0x20, 0x20, //      } else {.
	0x20, 0x20, 0x20, 0x20, 0x20, 0x20, 0x20, 0x20, 0x74, 0x6d, 0x70, 0x76, 0x61, 0x72, 0x5f, 0x35, //         tmpvar_5
	0x33, 0x20, 0x3d, 0x20, 0x30, 0x2e, 0x30, 0x3b, 0x0a, 0x20, 0x20, 0x20, 0x20, 0x20, 0x20, 0x20, // 3 = 0.0;.
	0x20, 0x7d, 0x3b, 0x0a, 0x20, 0x20, 0x20, 0x20, 0x20, 0x20, 0x20, 0x20, 0x76, 0x69, 0x73, 0x69, //  };.        visi
	0x62, 0x69, 0x6c, 0x69, 0x74, 0x79, 0x5f, 0x34, 0x31, 0x20, 0x3d, 0x20, 0x28, 0x76, 0x69, 0x73, // bility_41 = (vis
	0x69, 0x62, 0x69, 0x6c, 0x69, 0x74, 0x79, 0x5f, 0x34, 0x31, 0x20, 0x2b, 0x20, 0x28, 0x74, 0x6d, // ibility_41 + (tm
	0x70, 0x76, 0x61, 0x72, 0x5f, 0x35, 0x33, 0x20, 0x2a, 0x20, 0x33, 0x2e, 0x30, 0x29, 0x29, 0x3b, // pvar_53 * 3.0));
	0x0a, 0x20, 0x20, 0x20, 0x20, 0x20, 0x20, 0x20, 0x20, 0x66, 0x6c, 0x6f, 0x61, 0x74, 0x20, 0x74, // .        float t
	0x6d, 0x70, 0x76, 0x61, 0x72, 0x5f, 0x35, 0x34, 0x3b, 0x0a, 0x20, 0x20, 0x20, 0x20, 0x20, 0x20, // mpvar_54;.
	0x20, 0x20, 0x74, 0x6d, 0x70, 0x76, 0x61, 0x72, 0x5f, 0x35, 0x34, 0x20, 0x3d, 0x20, 0x64, 0x6f, //   tmpvar_54 = do
	0x74, 0x20, 0x28, 0x74, 0x65, 0x78, 0x74, 0x75, 0x72, 0x65, 0x20, 0x28, 0x73, 0x5f, 0x73, 0x68, // t (texture (s_sh
	0x61, 0x64, 0x6f, 0x77, 0x4d, 0x61, 0x70, 0x2c, 0x20, 0x28, 0x74, 0x6d, 0x70, 0x76, 0x61, 0x72, // adowMap, (tmpvar
	0x5f, 0x34, 0x32, 0x2e, 0x78, 0x79, 0x20, 0x2b, 0x20, 0x28, 0x76, 0x65, 0x63, 0x32, 0x28, 0x2d, // _42.xy + (vec2(-
	0x30, 0x2e, 0x35, 0x2c, 0x20, 0x2d, 0x30, 0x2e, 0x35, 0x29, 0x20, 0x2a, 0x20, 0x75, 0x5f, 0x73, // 0.5, -0.5) * u_s
	0x68, 0x61, 0x64, 0x6f, 0x77, 0x50, 0x61, 0x72, 0x61, 0x6d, 0x73, 0x2e, 0x7a, 0x7a, 0x29, 0x29, // hadowParams.zz))
	0x29, 0x2c, 0x20, 0x76, 0x65, 0x63, 0x34, 0x28, 0x35, 0x2e, 0x39, 0x36, 0x30, 0x34, 0x36, 0x34, // ), vec4(5.960464
	0x65, 0x2d, 0x30, 0x38, 0x2c, 0x20, 0x31, 0x2e, 0x35, 0x32, 0x35, 0x38, 0x37, 0x39, 0x65, 0x2d, // e-08, 1.525879e-
	0x30, 0x35, 0x2c, 0x20, 0x30, 0x2e, 0x30, 0x30, 0x33, 0x39, 0x30, 0x36, 0x32, 0x35, 0x2c, 0x20, // 05, 0.00390625,
	0x31, 0x2e, 0x30, 0x29, 0x29, 0x3b, 0x0a, 0x20, 0x20, 0x20, 0x20, 0x20, 0x20, 0x20, 0x20, 0x66, // 1.0));.        f
	0x6c, 0x6f, 0x61, 0x74, 0x20, 0x74, 0x6d, 0x70, 0x76, 0x61, 0x72, 0x5f, 0x35, 0x35, 0x3b, 0x0a, // loat tmpvar_55;.
	0x20, 0x20, 0x20, 0x20, 0x20, 0x20, 0x20, 0x20, 0x69, 0x66, 0x20, 0x28, 0x28, 0x74, 0x6d, 0x70, //         if ((tmp
	0x76, 0x61, 0x72, 0x5f, 0x34, 0x33, 0x20, 0x3c, 0x3d, 0x20, 0x74, 0x6d, 0x70, 0x76, 0x61, 0x72, // var_43 <= tmpvar
	0x5f, 0x35, 0x34, 0x29, 0x29, 0x20, 0x7b, 0x0a, 0x20, 0x20, 0x20, 0x20, 0x20, 0x20, 0x20, 0x20, // _54)) {.
	0x20, 0x20, 0x74, 0x6d, 0x70, 0x76, 0x61, 0x72, 0x5f, 0x35, 0x35, 0x20, 0x3d, 0x20, 0x31, 0x2e, //   tmpvar_55 = 1.
	0x30, 0x3b, 0x0a, 0x20, 0x20, 0x20, 0x20, 0x20, 0x20, 0x20, 0x20, 0x7d, 0x20, 0x65, 0x6c, 0x73, // 0;.        } els
	0x65, 0x20, 0x7b, 0x0a, 0x20, 0x20, 0x20, 0x20, 0x20, 0x20, 0x20, 0x20, 0x20, 0x20, 0x74, 0x6d, // e {.          tm
	0x70, 0x76, 0x61, 0x72, 0x5f, 0x35, 0x35, 0x20, 0x3d, 0x20, 0x30, 0x2e, 0x30, 0x3b, 0x0a, 0x20, // pvar_55 = 0.0;.
	0x20, 0x20, 0x20, 0x20, 0x20, 0x20, 0x20, 0x7d, 0x3b, 0x0a, 0x20, 0x20, 0x20, 0x20, 0x20, 0x20, //        };.
	0x20, 0x20, 0x76, 0x69, 0x73, 0x69, 0x62, 0x69, 0x6c, 0x69, 0x74, 0x79, 0x5f, 0x34, 0x31, 0x20, //   visibility_41
	0x3d, 0x20, 0x28, 0x76, 0x69, 0x73, 0x69, 0x62, 0x69, 0x6c, 0x69, 0x74, 0x79, 0x5f, 0x34, 0x31, // = (visibility_41
	0x20, 0x2b, 0x20, 0x28, 0x74, 0x6d, 0x70, 0x76, 0x61, 0x72, 0x5f, 0x35, 0x35, 0x20, 0x2a, 0x20, //  + (tmpvar_55 *
	0x39, 0x2e, 0x30, 0x29, 0x29, 0x3b, 0x0a, 0x20, 0x20, 0x20, 0x20, 0x20, 0x20, 0x20, 0x20, 0x66, // 9.0));.        f
	0x6c, 0x6f, 0x61, 0x74, 0x20, 0x74, 0x6d, 0x70, 0x76, 0x61, 0x72, 0x5f, 0x35, 0x36, 0x3b, 0x0a, // loat tmpvar_56;.
	0x20, 0x20, 0x20, 0x20, 0x20, 0x20, 0x20, 0x20, 0x74, 0x6d, 0x70, 0x76, 0x61, 0x72, 0x5f, 0x35, //         tmpvar_5
	0x36, 0x20, 0x3d, 0x20, 0x64, 0x6f, 0x74, 0x20, 0x28, 0x74, 0x65, 0x78, 0x74, 0x75, 0x72, 0x65, // 6 = dot (texture
	0x20, 0x28, 0x73, 0x5f, 0x73, 0x68, 0x61, 0x64, 0x6f, 0x77, 0x4d, 0x61, 0x70, 0x2c, 0x20, 0x28, //  (s_shadowMap, (
	0x74, 0x6d, 0x70, 0x76, 0x61, 0x72, 0x5f, 0x34, 0x32, 0x2e, 0x78, 0x79, 0x20, 0x2b, 0x20, 0x28, // tmpvar_42.xy + (
	0x76, 0x65, 0x63, 0x32, 0x28, 0x2d, 0x30, 0x2e, 0x35, 0x2c, 0x20, 0x30, 0x2e, 0x35, 0x29, 0x20, // vec2(-0.5, 0.5)
	0x2a, 0x20, 0x75, 0x5f, 0x73, 0x68, 0x61, 0x64, 0x6f, 0x77, 0x50, 0x61, 0x72, 0x61, 0x6d, 0x73, // * u_shadowParams
	0x2e, 0x7a, 0x7a, 0x29, 0x29, 0x29, 0x2c, 0x20, 0x76, 0x65, 0x63, 0x34, 0x28, 0x35, 0x2e, 0x39, // .zz))), vec4(5.9
	0x36, 0x30, 0x34, 0x36, 0x34, 0x65, 0x2d, 0x30, 0x38, 0x2c, 0x20, 0x31, 0x2e, 0x35, 0x32, 0x35, // 60464e-08, 1.525
	0x38, 0x37, 0x39, 0x65, 0x2d, 0x30, 0x35, 0x2c, 0x20, 0x30, 0x2e, 0x30, 0x30, 0x33, 0x39, 0x30, // 879e-05, 0.00390
	0x36, 0x32, 0x35, 0x2c, 0x20, 0x31, 0x2e, 0x30, 0x29, 0x29, 0x3b, 0x0a, 0x20, 0x20, 0x20, 0x20, // 625, 1.0));.
	0x20, 0x20, 0x20, 0x20, 0x66, 0x6c, 0x6f, 0x61, 0x74, 0x20, 0x74, 0x6d, 0x70, 0x76, 0x61, 0x72, //     float tmpvar
	0x5f, 0x35, 0x37, 0x3b, 0x0a, 0x20, 0x20, 0x20, 0x20, 0x20, 0x20, 0x20, 0x20, 0x69, 0x66, 0x20, // _57;.        if
	0x28, 0x28, 0x74, 0x6d, 0x70, 0x76, 0x61, 0x72, 0x5f, 0x34, 0x33, 0x20, 0x3c, 0x3d, 0x20, 0x74, // ((tmpvar_43 <= t
	0x6d, 0x70, 0x76, 0x61, 0x72, 0x5f, 0x35, 0x36, 0x29, 0x29, 0x20, 0x7b, 0x0a, 0x20, 0x20, 0x20, // mpvar_56)) {.
	0x20, 0x20, 0x20, 0x20, 0x20, 0x20, 0x20, 0x74, 0x6d, 0x70, 0x76, 0x61, 0x72, 0x5f, 0x35, 0x37, //        tmpvar_57
	0x20, 0x3d, 0x20, 0x31, 0x2e, 0x30, 0x3b, 0x0a, 0x20, 0x20, 0x20, 0x20, 0x20, 0x20, 0x20, 0x20, //  = 1.0;.
	0x7d, 0x20, 0x65, 0x6c, 0x73, 0x65, 0x20, 0x7b, 0x0a, 0x20, 0x20, 0x20, 0x20, 0x20, 0x20, 0x20, // } else {.
	0x20, 0x20, 0x20, 0x74, 0x6d, 0x70, 0x76, 0x61, 0x72, 0x5f, 0x35, 0x37, 0x20, 0x3d, 0x20, 0x30, //    tmpvar_57 = 0
	0x2e, 0x30, 0x3b, 0x0a, 0x20, 0x20, 0x20, 0x20, 0x20, 0x20, 0x20, 0x20, 0x7d, 0x3b, 0x0a, 0x20, // .0;.        };.
	0x20, 0x20, 0x20, 0x20, 0x20, 0x20, 0x20, 0x76, 0x69, 0x73, 0x69, 0x62, 0x69, 0x6c, 0x69, 0x74, //        visibilit
	0x79, 0x5f, 0x34, 0x31, 0x20, 0x3d, 0x20, 0x28, 0x76, 0x69, 0x73, 0x69, 0x62, 0x69, 0x6c, 0x69, // y_41 = (visibili
	0x74, 0x79, 0x5f, 0x34, 0x31, 0x20, 0x2b, 0x20, 0x28, 0x74, 0x6d, 0x70, 0x76, 0x61, 0x72, 0x5f, // ty_41 + (tmpvar_
	0x35, 0x37, 0x20, 0x2a, 0x20, 0x39, 0x2e, 0x30, 0x29, 0x29, 0x3b, 0x0a, 0x20, 0x20, 0x20, 0x20, // 57 * 9.0));.
	0x20, 0x20, 0x20, 0x20, 0x66, 0x6c, 0x6f, 0x61, 0x74, 0x20, 0x74, 0x6d, 0x70, 0x76, 0x61, 0x72, //     float tmpvar
	0x5f, 0x35, 0x38, 0x3b, 0x0a, 0x20, 0x20, 0x20, 0x20, 0x20, 0x20, 0x20, 0x20, 0x74, 0x6d, 0x70, // _58;.        tmp
	0x76, 0x61, 0x72, 0x5f, 0x35, 0x38, 0x20, 0x3d, 0x20, 0x64, 0x6f, 0x74, 0x20, 0x28, 0x74, 0x65, // var_58 = dot (te
	0x78, 0x74, 0x75, 0x72, 0x65, 0x20, 0x28, 0x73, 0x5f, 0x73, 0x68, 0x61, 0x64, 0x6f, 0x77, 0x4d, // xture (s_shadowM
	0x61, 0x70, 0x2c, 0x20, 0x28, 0x74, 0x6d, 0x70, 0x76, 0x61, 0x72, 0x5f, 0x34, 0x32, 0x2e, 0x78, // ap, (tmpvar_42.x
	0x79, 0x20, 0x2b, 0x20, 0x28, 0x76, 0x65, 0x63, 0x32, 0x28, 0x2d, 0x30, 0x2e, 0x35, 0x2c, 0x20, // y + (vec2(-0.5,
	0x31, 0x2e, 0x35, 0x29, 0x20, 0x2a, 0x20, 0x75, 0x5f, 0x73, 0x68, 0x61, 0x64, 0x6f, 0x77, 0x50, // 1.5) * u_shadowP
	0x61, 0x72, 0x61, 0x6d, 0x73, 0x2e, 0x7a, 0x7a, 0x29, 0x29, 0x29, 0x2c, 0x20, 0x76, 0x65, 0x63, // arams.zz))), vec
	0x34, 0x28, 0x35, 0x2e, 0x39, 0x36, 0x30, 0x34, 0x36, 0x34, 0x65, 0x2d, 0x30, 0x38, 0x2c, 0x20, // 4(5.960464e-08,
	0x31, 0x2e, 0x35, 0x32, 0x35, 0x38, 0x37, 0x39, 0x65, 0x2d, 0x30, 0x35, 0x2c, 0x20, 0x30, 0x2e, // 1.525879e-05, 0.
	0x30, 0x30, 0x33, 0x39, 0x30, 0x36, 0x32, 0x35, 0x2c, 0x20, 0x31, 0x2e, 0x30, 0x29, 0x29, 0x3b, // 00390625, 1.0));
	0x0a, 0x20, 0x20, 0x20, 0x20, 0x20, 0x20, 0x20, 0x20, 0x66, 0x6c, 0x6f, 0x61, 0x74, 0x20, 0x74, // .        float t
	0x6d, 0x70, 0x76, 0x61, 0x72, 0x5f, 0x35, 0x39, 0x3b, 0x0a, 0x20, 0x20, 0x20, 0x20, 0x20, 0x20, // mpvar_59;.
	0x20, 0x20, 0x69, 0x66, 0x20, 0x28, 0x28, 0x74, 0x6d, 0x70, 0x76, 0x61, 0x72, 0x5f, 0x34, 0x33, //   if ((tmpvar_43
	0x20, 0x3c, 0x3d, 0x20, 0x74, 0x6d, 0x70, 0x76, 0x61, 0x72, 0x5f, 0x35, 0x38, 0x29, 0x29, 0x20, //  <= tmpvar_58))
	0x7b, 0x0a, 0x20, 0x20, 0x20, 0x20, 0x20, 0x20, 0x20, 0x20, 0x20, 0x20, 0x74, 0x6d, 0x70, 0x76, // {.          tmpv
	0x61, 0x72, 0x5f, 0x35, 0x39, 0x20, 0x3d, 0x20, 0x31, 0x2e, 0x30, 0x3b, 0x0a, 0x20, 0x20, 0x20, // ar_59 = 1.0;.
	0x20, 0x20, 0x20, 0x20, 0x20, 0x7d, 0x20, 0x65, 0x6c, 0x73, 0x65, 0x20, 0x7b, 0x0a, 0x20, 0x20, //      } else {.
	0x20, 0x20, 0x20, 0x20, 0x20, 0x20, 0x20, 0x20, 0x74, 0x6d, 0x70, 0x76, 0x61, 0x72, 0x5f, 0x35, //         tmpvar_5
	0x39, 0x20, 0x3d, 0x20, 0x30, 0x2e, 0x30, 0x3b, 0x0a, 0x20, 0x20, 0x20, 0x20, 0x20, 0x20, 0x20, // 9 = 0.0;.
	0x20, 0x7d, 0x3b, 0x0a, 0x20, 0x20, 0x20, 0x20, 0x20, 0x20, 0x20, 0x20, 0x76, 0x69, 0x73, 0x69, //  };.        visi
	0x62, 0x69, 0x6c, 0x69, 0x74, 0x79, 0x5f, 0x34, 0x31, 0x20, 0x3d, 0x20, 0x28, 0x76, 0x69, 0x73, // bility_41 = (vis
	0x69, 0x62, 0x69, 0x6c, 0x69, 0x74, 0x79, 0x5f, 0x34, 0x31, 0x20, 0x2b, 0x20, 0x28, 0x74, 0x6d, // ibility_41 + (tm
	0x70, 0x76, 0x61, 0x72, 0x5f, 0x35, 0x39, 0x20, 0x2a, 0x20, 0x33, 0x2e, 0x30, 0x29, 0x29, 0x3b, // pvar_59 * 3.0));
	0x0a, 0x20, 0x20, 0x20, 0x20, 0x20, 0x20, 0x20, 0x20, 0x66, 0x6c, 0x6f, 0x61, 0x74, 0x20, 0x74, // .        float t
	0x6d, 0x70, 0x76, 0x61, 0x72, 0x5f, 0x36, 0x30, 0x3b, 0x0a, 0x20, 0x20, 0x20, 0x20, 0x20, 0x20, // mpvar_60;.
	0x20, 0x20, 0x74, 0x6d, 0x70, 0x76, 0x61, 0x72, 0x5f, 0x36, 0x30, 0x20, 0x3d, 0x20, 0x64, 0x6f, //   tmpvar_60 = do
	0x74, 0x20, 0x28, 0x74, 0x65, 0x78, 0x74, 0x75, 0x72, 0x65, 0x20, 0x28, 0x73, 0x5f, 0x73, 0x68, // t (texture (s_sh
	0x61, 0x64, 0x6f, 0x77, 0x4d, 0x61, 0x70, 0x2c, 0x20, 0x28, 0x74, 0x6d, 0x70, 0x76, 0x61, 0x72, // adowMap, (tmpvar
	0x5f, 0x34, 0x32, 0x2e, 0x78, 0x79, 0x20, 0x2b, 0x20, 0x28, 0x76, 0x65, 0x63, 0x32, 0x28, 0x30, // _42.xy + (vec2(0
	0x2e, 0x35, 0x2c, 0x20, 0x2d, 0x31, 0x2e, 0x35, 0x29, 0x20, 0x2a, 0x20, 0x75, 0x5f, 0x73, 0x68, // .5, -1.5) * u_sh
	0x61, 0x64, 0x6f, 0x77, 0x50, 0x61, 0x72, 0x61, 0x6d, 0x73, 0x2e, 0x7a, 0x7a, 0x29, 0x29, 0x29, // adowParams.zz)))
	0x2c, 0x20, 0x76, 0x65, 0x63, 0x34, 0x28, 0x35, 0x2e, 0x39, 0x36, 0x30, 0x34, 0x36, 0x34, 0x65, // , vec4(5.960464e
	0x2d, 0x30, 0x38, 0x2c, 0x20, 0x31, 0x2e, 0x35, 0x32, 0x35, 0x38, 0x37, 0x39, 0x65, 0x2d, 0x30, // -08, 1.525879e-0
	0x35, 0x2c, 0x20, 0x30, 0x2e, 0x30, 0x30, 0x33, 0x39, 0x30, 0x36, 0x32, 0x35, 0x2c, 0x20, 0x31, // 5, 0.00390625, 1
	0x2e, 0x30, 0x29, 0x29, 0x3b, 0x0a, 0x20, 0x20, 0x20, 0x20, 0x20, 0x20, 0x20, 0x20, 0x66, 0x6c, // .0));.        fl
	0x6f, 0x61, 0x74, 0x20, 0x74, 0x6d, 0x70, 0x76, 0x61, 0x72, 0x5f, 0x36, 0x31, 0x3b, 0x0a, 0x20, // oat tmpvar_61;.
	0x20, 0x20, 0x20, 0x20, 0x20, 0x20, 0x20, 0x69, 0x66, 0x20, 0x28, 0x28, 0x74, 0x6d, 0x70, 0x76, //        if ((tmpv
	0x61, 0x72, 0x5f, 0x34, 0x33, 0x20, 0x3c, 0x3d, 0x20, 0x74, 0x6d, 0x70, 0x76, 0x61, 0x72, 0x5f, // ar_43 <= tmpvar_
	0x36, 0x30, 0x29, 0x29, 0x20, 0x7b, 0x0a, 0x20, 0x20, 0x20, 0x20, 0x20, 0x20, 0x20, 0x20, 0x20, // 60)) {.
	0x20, 0x74, 0x6d, 0x70, 0x76, 0x61, 0x72, 0x5f, 0x36, 0x31, 0x20, 0x3d, 0x20, 0x31, 0x2e, 0x30, //  tmpvar_61 = 1.0
	0x3b, 0x0a, 0x20, 0x20, 0x20, 0x20, 0x20, 0x20, 0x20, 0x20, 0x7d, 0x20, 0x65, 0x6c, 0x73, 0x65, // ;.        } else
	0x20, 0x7b, 0x0a, 0x20, 0x20, 0x20, 0x20, 0x20, 0x20, 0x20, 0x20, 0x20, 0x20, 0x74, 0x6d, 0x70, //  {.          tmp
	0x76, 0x61, 0x72, 0x5f, 0x36, 0x31, 0x20, 0x3d, 0x20, 0x30, 0x2e, 0x30, 0x3b, 0x0a, 0x20, 0x20, // var_61 = 0.0;.
	0x20, 0x20, 0x20, 0x20, 0x20, 0x20, 0x7d, 0x3b, 0x0a, 0x20, 0x20, 0x20, 0x20, 0x20, 0x20, 0x20, //       };.
	0x20, 0x76, 0x69, 0x73, 0x69, 0x62, 0x69, 0x6c, 0x69, 0x74, 0x79, 0x5f, 0x34, 0x31, 0x20, 0x3d, //  visibility_41 =
	0x20, 0x28, 0x76, 0x69, 0x73, 0x69, 0x62, 0x69, 0x6c, 0x69, 0x74, 0x79, 0x5f, 0x34, 0x31, 0x20, //  (visibility_41
	0x2b, 0x20, 0x28, 0x74, 0x6d, 0x70, 0x76, 0x61, 0x72, 0x5f, 0x36, 0x31, 0x20, 0x2a, 0x20, 0x33, // + (tmpvar_61 * 3
	0x2e, 0x30, 0x29, 0x29, 0x3b, 0x0a, 0x20, 0x20, 0x20, 0x20, 0x20, 0x20, 0x20, 0x20, 0x66, 0x6c, // .0));.        fl
	0x6f, 0x61, 0x74, 0x20, 0x74, 0x6d, 0x70, 0x76, 0x61, 0x72, 0x5f, 0x36, 0x32, 0x3b, 0x0a, 0x20, // oat tmpvar_62;.
	0x20, 0x20, 0x20, 0x20, 0x20, 0x20, 0x20, 0x74, 0x6d, 0x70, 0x76, 0x61, 0x72, 0x5f, 0x36, 0x32, //        tmpvar_62
	0x20, 0x3d, 0x20, 0x64, 0x6f, 0x74, 0x20, 0x28, 0x74, 0x65, 0x78, 0x74, 0x75, 0x72, 0x65, 0x20, //  = dot (texture
	0x28, 0x73, 0x5f, 0x73, 0x68, 0x61, 0x64, 0x6f, 0x77, 0x4d, 0x61, 0x70, 0x2c, 0x20, 0x28, 0x74, // (s_shadowMap, (t
	0x6d, 0x70, 0x76, 0x61, 0x72, 0x5f, 0x34, 0x32, 0x2e, 0x78, 0x79, 0x20, 0x2b, 0x20, 0x28, 0x76, // mpvar_42.xy + (v
	0x65, 0x63, 0x32, 0x28, 0x30, 0x2e, 0x35, 0x2c, 0x20, 0x2d, 0x30, 0x2e, 0x35, 0x29, 0x20, 0x2a, // ec2(0.5, -0.5) *
	0x20, 0x75, 0x5f, 0x73, 0x68, 0x61, 0x64, 0x6f, 0x77, 0x50, 0x61, 0x72, 0x61, 0x6d, 0x73, 0x2e, //  u_shadowParams.
	0x7a, 0x7a, 0x29, 0x29, 0x29, 0x2c, 0x20, 0x76, 0x65, 0x63, 0x34, 0x28, 0x35, 0x2e, 0x39, 0x36, // zz))), vec4(5.96
	0x30, 0x34, 0x36, 0x34, 0x65, 0x2d, 0x30, 0x38, 0x2c, 0x20, 0x31, 0x2e, 0x35, 0x32, 0x35, 0x38, // 0464e-08, 1.5258
	0x37, 0x39, 0x65, 0x2d, 0x30, 0x35, 0x2c, 0x20, 0x30, 0x2e, 0x30, 0x30, 0x33, 0x39, 0x30, 0x36, // 79e-05, 0.003906
	0x32, 0x35, 0x2c, 0x20, 0x31, 0x2e, 0x30, 0x29, 0x29, 0x3b, 0x0a, 0x20, 0x20, 0x20, 0x20, 0x20, // 25, 1.0));.
	0x20, 0x20, 0x20, 0x66, 0x6c, 0x6f, 0x61, 0x74, 0x20, 0x74, 0x6d, 0x70, 0x76, 0x61, 0x72, 0x5f, //    float tmpvar_
	0x36, 0x33, 0x3b, 0x0a, 0x20, 0x20, 0x20, 0x20, 0x20, 0x20, 0x20, 0x20, 0x69, 0x66, 0x20, 0x28, // 63;.        if (
	0x28, 0x74, 0x6d, 0x70, 0x76, 0x61, 0x72, 0x5f, 0x34, 0x33, 0x20, 0x3c, 0x3d, 0x20, 0x74, 0x6d, // (tmpvar_43 <= tm
	0x70, 0x76, 0x61, 0x72, 0x5f, 0x36, 0x32, 0x29, 0x29, 0x20, 0x7b, 0x0a, 0x20, 0x20, 0x20, 0x20, // pvar_62)) {.
	0x20, 0x20, 0x20, 0x20, 0x20, 0x20, 0x74, 0x6d, 0x70, 0x76, 0x61, 0x72, 0x5f, 0x36, 0x33, 0x20, //       tmpvar_63
	0x3d, 0x20, 0x31, 0x2e, 0x30, 0x3b, 0x0a, 0x20, 0x20, 0x20, 0x20, 0x20, 0x20, 0x20, 0x20, 0x7d, // = 1.0;.        }
	0x20, 0x65, 0x6c, 0x73, 0x65, 0x20, 0x7b, 0x0a, 0x20, 0x20, 0x20, 0x20, 0x20, 0x20, 0x20, 0x20, //  else {.
	0x20, 0x20, 0x74, 0x6d, 0x70, 0x76, 0x61, 0x72, 0x5f, 0x36, 0x33, 0x20, 0x3d, 0x20, 0x30, 0x2e, //   tmpvar_63 = 0.
	0x30, 0x3b, 0x0a, 0x20, 0x20, 0x20, 0x20, 0x20, 0x20, 0x20, 0x20, 0x7d, 0x3b, 0x0a, 0x20, 0x20, // 0;.        };.
	0x20, 0x20, 0x20, 0x20, 0x20, 0x20, 0x76, 0x69, 0x73, 0x69, 0x62, 0x69, 0x6c, 0x69, 0x74, 0x79, //       visibility
	0x5f, 0x34, 0x31, 0x20, 0x3d, 0x20, 0x28, 0x76, 0x69, 0x73, 0x69, 0x62, 0x69, 0x6c, 0x69, 0x74, // _41 = (visibilit
	0x79, 0x5f, 0x34, 0x31, 0x20, 0x2b, 0x20, 0x28, 0x74, 0x6d, 0x70, 0x76, 0x61, 0x72, 0x5f, 0x36, // y_41 + (tmpvar_6
	0x33, 0x20, 0x2a, 0x20, 0x39, 0x2e, 0x30, 0x29, 0x29, 0x3b, 0x0a, 0x20, 0x20, 0x20, 0x20, 0x20, // 3 * 9.0));.
	0x20, 0x20, 0x20, 0x66, 0x6c, 0x6f, 0x61, 0x74, 0x20, 0x74, 0x6d, 0x70, 0x76, 0x61, 0x72, 0x5f, //    float tmpvar_
	0x36, 0x34, 0x3b, 0x0a, 0x20, 0x20, 0x20, 0x20, 0x20, 0x20, 0x20, 0x20, 0x74, 0x6d, 0x70, 0x76, // 64;.        tmpv
	0x61, 0x72, 0x5f, 0x36, 0x34, 0x20, 0x3d, 0x20, 0x64, 0x6f, 0x74, 0x20, 0x28, 0x74, 0x65, 0x78, // ar_64 = dot (tex
	0x74, 0x75, 0x72, 0x65, 0x20, 0x28, 0x73, 0x5f, 0x73, 0x68, 0x61, 0x64, 0x6f, 0x77, 0x4d, 0x61, // ture (s_shadowMa
	0x70, 0x2c, 0x20, 0x28, 0x74, 0x6d, 0x70, 0x76, 0x61, 0x72, 0x5f, 0x34, 0x32, 0x2e, 0x78, 0x79, // p, (tmpvar_42.xy
	0x20, 0x2b, 0x20, 0x28, 0x76, 0x65, 0x63, 0x32, 0x28, 0x30, 0x2e, 0x35, 0x2c, 0x20, 0x30, 0x2e, //  + (vec2(0.5, 0.
	0x35, 0x29, 0x20, 0x2a, 0x20, 0x75, 0x5f, 0x73, 0x68, 0x61, 0x64, 0x6f, 0x77, 0x50, 0x61, 0x72, // 5) * u_shadowPar
	0x61, 0x6d, 0x73, 0x2e, 0x7a, 0x7a, 0x29, 0x29, 0x29, 0x2c, 0x20, 0x76, 0x65, 0x63, 0x34, 0x28, // ams.zz))), vec4(
	0x35, 0x2e, 0x39, 0x36, 0x30, 0x34, 0x36, 0x34, 0x65, 0x2d, 0x30, 0x38, 0x2c, 0x20, 0x31, 0x2e, // 5.960464e-08, 1.
	0x35, 0x32, 0x35, 0x38, 0x37, 0x39, 0x65, 0x2d, 0x30, 0x35, 0x2c, 0x20, 0x30, 0x2e, 0x30, 0x30, // 525879e-05, 0.00
	0x33, 0x39, 0x30, 0x36, 0x32, 0x35, 0x2c, 0x20, 0x31, 0x2e, 0x30, 0x29, 0x29, 0x3b, 0x0a, 0x20, // 390625, 1.0));.
	0x20, 0x20, 0x20, 0x20, 0x20, 0x20, 0x20, 0x66, 0x6c, 0x6f, 0x61, 0x74, 0x20, 0x74, 0x6d, 0x70, //        float tmp
	0x76, 0x61, 0x72, 0x5f, 0x36, 0x35, 0x3b, 0x0a, 0x20, 0x20, 0x20, 0x20, 0x20, 0x20, 0x20, 0x20, // var_65;.
	0x69, 0x66, 0x20, 0x28, 0x28, 0x74, 0x6d, 0x70, 0x76, 0x61, 0x72, 0x5f, 0x34, 0x33, 0x20, 0x3c, // if ((tmpvar_43 <
	0x3d, 0x20, 0x74, 0x6d, 0x70, 0x76, 0x61, 0x72, 0x5f, 0x36, 0x34, 0x29, 0x29, 0x20, 0x7b, 0x0a, // = tmpvar_64)) {.
	0x20, 0x20, 0x20, 0x20, 0x20, 0x20, 0x20, 0x20, 0x20, 0x20, 0x74, 0x6d, 0x70, 0x76, 0x61, 0x72, //           tmpvar
	0x5f, 0x36, 0x35, 0x20, 0x3d, 0x20, 0x31, 0x2e, 0x30, 0x3b, 0x0a, 0x20, 0x20, 0x20, 0x20, 0x20, // _65 = 1.0;.
	0x20, 0x20, 0x20, 0x7d, 0x20, 0x65, 0x6c, 0x73, 0x65, 0x20, 0x7b, 0x0a, 0x20, 0x20, 0x20, 0x20, //    } else {.
	0x20, 0x20, 0x20, 0x20, 0x20, 0x20, 0x74, 0x6d, 0x70, 0x76, 0x61, 0x72, 0x5f, 0x36, 0x35, 0x20, //       tmpvar_65
	0x3d, 0x20, 0x30, 0x2e, 0x30, 0x3b, 0x0a, 0x20, 0x20, 0x20, 0x20, 0x20, 0x20, 0x20, 0x20, 0x7d, // = 0.0;.        }
	0x3b, 0x0a, 0x20, 0x20, 0x20, 0x20, 0x20, 0x20, 0x20, 0x20, 0x76, 0x69, 0x73, 0x69, 0x62, 0x69, // ;.        visibi
	0x6c, 0x69, 0x74, 0x79, 0x5f, 0x34, 0x31, 0x20, 0x3d, 0x20, 0x28, 0x76, 0x69, 0x73, 0x69, 0x62, // lity_41 = (visib
	0x69, 0x6c, 0x69, 0x74, 0x79, 0x5f, 0x34, 0x31, 0x20, 0x2b, 0x20, 0x28, 0x74, 0x6d, 0x70, 0x76, // ility_41 + (tmpv
	0x61, 0x72, 0x5f, 0x36, 0x35, 0x20, 0x2a, 0x20, 0x39, 0x2e, 0x30, 0x29, 0x29, 0x3b, 0x0a, 0x20, // ar_65 * 9.0));.
	0x20, 0x20, 0x20, 0x20, 0x20, 0x20, 0x20, 0x66, 0x6c, 0x6f, 0x61, 0x74, 0x20, 0x74, 0x6d, 0x70, //        float tmp
	0x76, 0x61, 0x72, 0x5f, 0x36, 0x36, 0x3b, 0x0a, 0x20, 0x20, 0x20, 0x20, 0x20, 0x20, 0x20, 0x20, // var_66;.
	0x74, 0x6d, 0x70, 0x76, 0x61, 0x72, 0x5f, 0x36, 0x36, 0x20, 0x3d, 0x20, 0x64, 0x6f, 0x74, 0x20, // tmpvar_66 = dot
	0x28, 0x74, 0x65, 0x78, 0x74, 0x75, 0x72, 0x65, 0x20, 0x28, 0x73, 0x5f, 0x73, 0x68, 0x61, 0x64, // (texture (s_shad
	0x6f, 0x77, 0x4d, 0x61, 0x70, 0x2c, 0x20, 0x28, 0x74, 0x6d, 0x70, 0x76, 0x61, 0x72, 0x5f, 0x34, // owMap, (tmpvar_4
	0x32, 0x2e, 0x78, 0x79, 0x20, 0x2b, 0x20, 0x28, 0x76, 0x65, 0x63, 0x32, 0x28, 0x30, 0x2e, 0x35, // 2.xy + (vec2(0.5
	0x2c, 0x20, 0x31, 0x2e, 0x35, 0x29, 0x20, 0x2a, 0x20, 0x75, 0x5f, 0x73, 0x68, 0x61, 0x64, 0x6f, // , 1.5) * u_shado
	0x77, 0x50, 0x61, 0x72, 0x61, 0x6d, 0x73, 0x2e, 0x7a, 0x7a, 0x29, 0x29, 0x29, 0x2c, 0x20, 0x76, // wParams.zz))), v
	0x65, 0x63, 0x34, 0x28, 0x35, 0x2e, 0x39, 0x36, 0x30, 0x34, 0x36, 0x34, 0x65, 0x2d, 0x30, 0x38, // ec4(5.960464e-08
	0x2c, 0x20, 0x31, 0x2e, 0x35, 0x32, 0x35, 0x38, 0x37, 0x39, 0x65, 0x2d, 0x30, 0x35, 0x2c, 0x20, // , 1.525879e-05,
	0x30, 0x2e, 0x30, 0x30, 0x33, 0x39, 0x30, 0x36, 0x32, 0x35, 0x2c, 0x20, 0x31, 0x2e, 0x30, 0x29, // 0.00390625, 1.0)
	0x29, 0x3b, 0x0a, 0x20, 0x20, 0x20, 0x20, 0x20, 0x20, 0x20, 0x20, 0x66, 0x6c, 0x6f, 0x61, 0x74, // );.        float
	0x20, 0x74, 0x6d, 0x70, 0x76, 0x61, 0x72, 0x5f, 0x36, 0x37, 0x3b, 0x0a, 0x20, 0x20, 0x20, 0x20, //  tmpvar_67;.
	0x20, 0x20, 0x20, 0x20, 0x69, 0x66, 0x20, 0x28, 0x28, 0x74, 0x6d, 0x70, 0x76, 0x61, 0x72, 0x5f, //     if ((tmpvar_
	0x34, 0x33, 0x20, 0x3c, 0x3d, 0x20, 0x74, 0x6d, 0x70, 0x76, 0x61, 0x72, 0x5f, 0x36, 0x36, 0x29, // 43 <= tmpvar_66)
	0x29, 0x20, 0x7b, 0x0a, 0x20, 0x20, 0x20, 0x20, 0x20, 0x20, 0x20, 0x20, 0x20, 0x20, 0x74, 0x6d, // ) {.          tm
	0x70, 0x76, 0x61, 0x72, 0x5f, 0x36, 0x37, 0x20, 0x3d, 0x20, 0x31, 0x2e, 0x30, 0x3b, 0x0a, 0x20, // pvar_67 = 1.0;.
	0x20, 0x20, 0x20, 0x20, 0x20, 0x20, 0x20, 0x7d, 0x20, 0x65, 0x6c, 0x73, 0x65, 0x20, 0x7b, 0x0a, //        } else {.
	0x20, 0x20, 0x20, 0x20, 0x20, 0x20, 0x20, 0x20, 0x20, 0x20, 0x74, 0x6d, 0x70, 0x76, 0x61, 0x72, //           tmpvar
	0x5f, 0x36, 0x37, 0x20, 0x3d, 0x20, 0x30, 0x2e, 0x30, 0x3b, 0x0a, 0x20, 0x20, 0x20, 0x20, 0x20, // _67 = 0.0;.
	0x20, 0x20, 0x20, 0x7d, 0x3b, 0x0a, 0x20, 0x20, 0x20, 0x20, 0x20, 0x20, 0x20, 0x20, 0x76, 0x69, //    };.        vi
	0x73, 0x69, 0x62, 0x69, 0x6c, 0x69, 0x74, 0x79, 0x5f, 0x34, 0x31, 0x20, 0x3d, 0x20, 0x28, 0x76, // sibility_41 = (v
	0x69, 0x73, 0x69, 0x62, 0x69, 0x6c, 0x69, 0x74, 0x79, 0x5f, 0x34, 0x31, 0x20, 0x2b, 0x20, 0x28, // isibility_41 + (
	0x74, 0x6d, 0x70, 0x76, 0x61, 0x72, 0x5f, 0x36, 0x37, 0x20, 0x2a, 0x20, 0x33, 0x2e, 0x30, 0x29, // tmpvar_67 * 3.0)
	0x29, 0x3b, 0x0a, 0x20, 0x20, 0x20, 0x20, 0x20, 0x20, 0x20, 0x20, 0x66, 0x6c, 0x6f, 0x61, 0x74, // );.        float
	0x20, 0x74, 0x6d, 0x70, 0x76, 0x61, 0x72, 0x5f, 0x36, 0x38, 0x3b, 0x0a, 0x20, 0x20, 0x20, 0x20, //  tmpvar_68;.
	0x20, 0x20, 0x20, 0x20, 0x74, 0x6d, 0x70, 0x76, 0x61, 0x72, 0x5f, 0x36, 0x38, 0x20, 0x3d, 0x20, //     tmpvar_68 =
	0x64, 0x6f, 0x74, 0x20, 0x28, 0x74, 0x65, 0x78, 0x74, 0x75, 0x72, 0x65, 0x20, 0x28, 0x73, 0x5f, // dot (texture (s_
	0x73, 0x68, 0x61, 0x64, 0x6f, 0x77, 0x4d, 0x61, 0x70, 0x2c, 0x20, 0x28, 0x74, 0x6d, 0x70, 0x76, // shadowMap, (tmpv
	0x61, 0x72, 0x5f, 0x34, 0x32, 0x2e, 0x78, 0x79, 0x20, 0x2b, 0x20, 0x28, 0x76, 0x65, 0x63, 0x32, // ar_42.xy + (vec2
	0x28, 0x31, 0x2e, 0x35, 0x2c, 0x20, 0x2d, 0x31, 0x2e, 0x35, 0x29, 0x20, 0x2a, 0x20, 0x75, 0x5f, // (1.5, -1.5) * u_
	0x73, 0x68, 0x61, 0x64, 0x6f, 0x77, 0x50, 0x61, 0x72, 0x61, 0x6d, 0x73, 0x2e, 0x7a, 0x7a, 0x29, // shadowParams.zz)
	0x29, 0x29, 0x2c, 0x20, 0x76, 0x65, 0x63, 0x34, 0x28, 0x35, 0x2e, 0x39, 0x36, 0x30, 0x34, 0x36, // )), vec4(5.96046
	0x34, 0x65, 0x2d, 0x30, 0x38, 0x2c, 0x20, 0x31, 0x2e, 0x35, 0x32, 0x35, 0x38, 0x37, 0x39, 0x65, // 4e-08, 1.525879e
	0x2d, 0x30, 0x35, 0x2c, 0x20, 0x30, 0x2e, 0x30, 0x30, 0x33, 0x39, 0x30, 0x36, 0x32, 0x35, 0x2c, // -05, 0.00390625,
	0x20, 0x31, 0x2e, 0x30, 0x29, 0x29, 0x3b, 0x0a, 0x20, 0x20, 0x20, 0x20, 0x20, 0x20, 0x20, 0x20, //  1.0));.
	0x66, 0x6c, 0x6f, 0x61, 0x74, 0x20, 0x74, 0x6d, 0x70, 0x76, 0x61, 0x72, 0x5f, 0x36, 0x39, 0x3b, // float tmpvar_69;
	0x0a, 0x20, 0x20, 0x20, 0x20, 0x20, 0x20, 0x20, 0x20, 0x69, 0x66, 0x20, 0x28, 0x28, 0x74, 0x6d, // .        if ((tm
	0x70, 0x76, 0x61, 0x72, 0x5f, 0x34, 0x33, 0x20, 0x3c, 0x3d, 0x20, 0x74, 0x6d, 0x70, 0x76, 0x61, // pvar_43 <= tmpva
	0x72, 0x5f, 0x36, 0x38, 0x29, 0x29, 0x20, 0x7b, 0x0a, 0x20, 0x20, 0x20, 0x20, 0x20, 0x20, 0x20, // r_68)) {.
	0x20, 0x20, 0x20, 0x74, 0x6d, 0x70, 0x76, 0x61, 0x72, 0x5f, 0x36, 0x39, 0x20, 0x3d, 0x20, 0x31, //    tmpvar_69 = 1
	0x2e, 0x30, 0x3b, 0x0a, 0x20, 0x20, 0x20, 0x20, 0x20, 0x20, 0x20, 0x20, 0x7d, 0x20, 0x65, 0x6c, // .0;.        } el
	0x73, 0x65, 0x20, 0x7b, 0x0a, 0x20, 0x20, 0x20, 0x20, 0x20, 0x20, 0x20, 0x20, 0x20, 0x20, 0x74, // se {.          t
	0x6d, 0x70, 0x76, 0x61, 0x72, 0x5f, 0x36, 0x39, 0x20, 0x3d, 0x20, 0x30, 0x2e, 0x30, 0x3b, 0x0a, // mpvar_69 = 0.0;.
	0x20, 0x20, 0x20, 0x20, 0x20, 0x20, 0x20, 0x20, 0x7d, 0x3b, 0x0a, 0x20, 0x20, 0x20, 0x20, 0x20, //         };.
	0x20, 0x20, 0x20, 0x76, 0x69, 0x73, 0x69, 0x62, 0x69, 0x6c, 0x69, 0x74, 0x79, 0x5f, 0x34, 0x31, //    visibility_41
	0x20, 0x3d, 0x20, 0x28, 0x76, 0x69, 0x73, 0x69, 0x62, 0x69, 0x6c, 0x69, 0x74, 0x79, 0x5f, 0x34, //  = (visibility_4
	0x31, 0x20, 0x2b, 0x20, 0x74, 0x6d, 0x70, 0x76, 0x61, 0x72, 0x5f, 0x36, 0x39, 0x29, 0x3b, 0x0a, // 1 + tmpvar_69);.
	0x20, 0x20, 0x20, 0x20, 0x20, 0x20, 0x20, 0x20, 0x66, 0x6c, 0x6f, 0x61, 0x74, 0x20, 0x74, 0x6d, //         float tm
	0x70, 0x76, 0x61, 0x72, 0x5f, 0x37, 0x30, 0x3b, 0x0a, 0x20, 0x20, 0x20, 0x20, 0x20, 0x20, 0x20, // pvar_70;.
	0x20, 0x74, 0x6d, 0x70, 0x76, 0x61, 0x72, 0x5f, 0x37, 0x30, 0x20, 0x3d, 0x20, 0x64, 0x6f, 0x74, //  tmpvar_70 = dot
	0x20, 0x28, 0x74, 0x65, 0x78, 0x74, 0x75, 0x72, 0x65, 0x20, 0x28, 0x73, 0x5f, 0x73, 0x68, 0x61, //  (texture (s_sha
	0x64, 0x6f, 0x77, 0x4d, 0x61, 0x70, 0x2c, 0x20, 0x28, 0x74, 0x6d, 0x70, 0x76, 0x61, 0x72, 0x5f, // dowMap, (tmpvar_
	0x34, 0x32, 0x2e, 0x78, 0x79, 0x20, 0x2b, 0x20, 0x28, 0x76, 0x65, 0x63, 0x32, 0x28, 0x31, 0x2e, // 42.xy + (vec2(1.
	0x35, 0x2c, 0x20, 0x2d, 0x30, 0x2e, 0x35, 0x29, 0x20, 0x2a, 0x20, 0x75, 0x5f, 0x73, 0x68, 0x61, // 5, -0.5) * u_sha
	0x64, 0x6f, 0x77, 0x50, 0x61, 0x72, 0x61, 0x6d, 0x73, 0x2e, 0x7a, 0x7a, 0x29, 0x29, 0x29, 0x2c, // dowParams.zz))),
	0x20, 0x76, 0x65, 0x63, 0x34, 0x28, 0x35, 0x2e, 0x39, 0x36, 0x30, 0x34, 0x36, 0x34, 0x65, 0x2d, //  vec4(5.960464e-
	0x30, 0x38, 0x2c, 0x20, 0x31, 0x2e, 0x35, 0x32, 0x35, 0x38, 0x37, 0x39, 0x65, 0x2d, 0x30, 0x35, // 08, 1.525879e-05
	0x2c, 0x20, 0x30, 0x2e, 0x30, 0x30, 0x33, 0x39, 0x30, 0x36, 0x32, 0x35, 0x2c, 0x20, 0x31, 0x2e, // , 0.00390625, 1.
	0x30, 0x29, 0x29, 0x3b, 0x0a, 0x20, 0x20, 0x20, 0x20, 0x20, 0x20, 0x20, 0x20, 0x66, 0x6c, 0x6f, // 0));.        flo
	0x61, 0x74, 0x20, 0x74, 0x6d, 0x70, 0x76, 0x61, 0x72, 0x5f, 0x37, 0x31, 0x3b, 0x0a, 0x20, 0x20, // at tmpvar_71;.
	0x20, 0x20, 0x20, 0x20, 0x20, 0x20, 0x69, 0x66, 0x20, 0x28, 0x28, 0x74, 0x6d, 0x70, 0x76, 0x61, //       if ((tmpva
	0x72, 0x5f, 0x34, 0x33, 0x20, 0x3c, 0x3d, 0x20, 0x74, 0x6d, 0x70, 0x76, 0x61, 0x72, 0x5f, 0x37, // r_43 <= tmpvar_7
	0x30, 0x29, 0x29, 0x20, 0x7b, 0x0a, 0x20, 0x20, 0x20, 0x20, 0x20, 0x20, 0x20, 0x20, 0x20, 0x20, // 0)) {.
	0x74, 0x6d, 0x70, 0x76, 0x61, 0x72, 0x5f, 0x37, 0x31, 0x20, 0x3d, 0x20, 0x31, 0x2e, 0x30, 0x3b, // tmpvar_71 = 1.0;
	0x0a, 0x20, 0x20, 0x20, 0x20, 0x20, 0x20, 0x20, 0x20, 0x7d, 0x20, 0x65, 0x6c, 0x73, 0x65, 0x20, // .        } else
	0x7b, 0x0a, 0x20, 0x20, 0x20, 0x20, 0x20, 0x20, 0x20, 0x20, 0x20, 0x20, 0x74, 0x6d, 0x70, 0x76, // {.          tmpv
	0x61, 0x72, 0x5f, 0x37, 0x31, 0x20, 0x3d, 0x20, 0x30, 0x2e, 0x30, 0x3b, 0x0a, 0x20, 0x20, 0x20, // ar_71 = 0.0;.
	0x20, 0x20, 0x20, 0x20, 0x20, 0x7d, 0x3b, 0x0a, 0x20, 0x20, 0x20, 0x20, 0x20, 0x20, 0x20, 0x20, //      };.
	0x76, 0x69, 0x73, 0x69, 0x62, 0x69, 0x6c, 0x69, 0x74, 0x79, 0x5f, 0x34, 0x31, 0x20, 0x3d, 0x20, // visibility_41 =
	0x28, 0x76, 0x69, 0x73, 0x69, 0x62, 0x69, 0x6c, 0x69, 0x74, 0x79, 0x5f, 0x34, 0x31, 0x20, 0x2b, // (visibility_41 +
	0x20, 0x28, 0x74, 0x6d, 0x70, 0x76, 0x61, 0x72, 0x5f, 0x37, 0x31, 0x20, 0x2a, 0x20, 0x33, 0x2e, //  (tmpvar_71 * 3.
	0x30, 0x29, 0x29, 0x3b, 0x0a, 0x20, 0x20, 0x20, 0x20, 0x20, 0x20, 0x20, 0x20, 0x66, 0x6c, 0x6f, // 0));.        flo
	0x61, 0x74, 0x20, 0x74, 0x6d, 0x70, 0x76, 0x61, 0x72, 0x5f, 0x37, 0x32, 0x3b, 0x0a, 0x20, 0x20, // at tmpvar_72;.
	0x20, 0x20, 0x20, 0x20, 0x20, 0x20, 0x74, 0x6d, 0x70, 0x76, 0x61, 0x72, 0x5f, 0x37, 0x32, 0x20, //       tmpvar_72
	0x3d, 0x20, 0x64, 0x6f, 0x74, 0x20, 0x28, 0x74, 0x65, 0x78, 0x74, 0x75, 0x72, 0x65, 0x20, 0x28, // = dot (texture (
	0x73, 0x5f, 0x73, 0x68, 0x61, 0x64, 0x6f, 0x77, 0x4d, 0x61, 0x70, 0x2c, 0x20, 0x28, 0x74, 0x6d, // s_shadowMap, (tm
	0x70, 0x76, 0x61, 0x72, 0x5f, 0x34, 0x32, 0x2e, 0x78, 0x79, 0x20, 0x2b, 0x20, 0x28, 0x76, 0x65, // pvar_42.xy + (ve
	0x63, 0x32, 0x28, 0x31, 0x2e, 0x35, 0x2c, 0x20, 0x30, 0x2e, 0x35, 0x29, 0x20, 0x2a, 0x20, 0x75, // c2(1.5, 0.5) * u
	0x5f, 0x73, 0x68, 0x61, 0x64, 0x6f, 0x77, 0x50, 0x61, 0x72, 0x61, 0x6d, 0x73, 0x2e, 0x7a, 0x7a, // _shadowParams.zz
	0x29, 0x29, 0x29, 0x2c, 0x20, 0x76, 0x65, 0x63, 0x34, 0x28, 0x35, 0x2e, 0x39, 0x36, 0x30, 0x34, // ))), vec4(5.9604
	0x36, 0x34, 0x65, 0x2d, 0x30, 0x38, 0x2c, 0x20, 0x31, 0x2e, 0x35, 0x32, 0x35, 0x38, 0x37, 0x39, // 64e-08, 1.525879
	0x65, 0x2d, 0x30, 0x35, 0x2c, 0x20, 0x30, 0x2e, 0x30, 0x30, 0x33, 0x39, 0x30, 0x36, 0x32, 0x35, // e-05, 0.00390625
	0x2c, 0x20, 0x31, 0x2e, 0x30, 0x29, 0x29, 0x3b, 0x0a, 0x20, 0x20, 0x20, 0x20, 0x20, 0x20, 0x20, // , 1.0));.
	0x20, 0x66, 0x6c, 0x6f, 0x61, 0x74, 0x20, 0x74, 0x6d, 0x70, 0x76, 0x61, 0x72, 0x5f, 0x37, 0x33, //  float tmpvar_73
	0x3b, 0x0a, 0x20, 0x20, 0x20, 0x20, 0x20, 0x20, 0x20, 0x20, 0x69, 0x66, 0x20, 0x28, 0x28, 0x74, // ;.        if ((t
	0x6d, 0x70, 0x76, 0x61, 0x72, 0x5f, 0x34, 0x33, 0x20, 0x3c, 0x3d, 0x20, 0x74, 0x6d, 0x70, 0x76, // mpvar_43 <= tmpv
	0x61, 0x72, 0x5f, 0x37, 0x32, 0x29, 0x29, 0x20, 0x7b, 0x0a, 0x20, 0x20, 0x20, 0x20, 0x20, 0x20, // ar_72)) {.
	0x20, 0x20, 0x20, 0x20, 0x74, 0x6d, 0x70, 0x76, 0x61, 0x72, 0x5f, 0x37, 0x33, 0x20, 0x3d, 0x20, //     tmpvar_73 =
	0x31, 0x2e, 0x30, 0x3b, 0x0a, 0x20, 0x20, 0x20, 0x20, 0x20, 0x20, 0x20, 0x20, 0x7d, 0x20, 0x65, // 1.0;.        } e
	0x6c, 0x73, 0x65, 0x20, 0x7b, 0x0a, 0x20, 0x20, 0x20, 0x20, 0x20, 0x20, 0x20, 0x20, 0x20, 0x20, // lse {.
	0x74, 0x6d, 0x70, 0x76, 0x61, 0x72, 0x5f, 0x37, 0x33, 0x20, 0x3d, 0x20, 0x30, 0x2e, 0x30, 0x3b, // tmpvar_73 = 0.0;
	0x0a, 0x20, 0x20, 0x20, 0x20, 0x20, 0x20, 0x20, 0x20, 0x7d, 0x3b, 0x0a, 0x20, 0x20, 0x20, 0x20, // .        };.
	0x20, 0x20, 0x20, 0x20, 0x76, 0x69, 0x73, 0x69, 0x62, 0x69, 0x6c, 0x69, 0x74, 0x79, 0x5f, 0x34, //     visibility_4
	0x31, 0x20, 0x3d, 0x20, 0x28, 0x76, 0x69, 0x73, 0x69, 0x62, 0x69, 0x6c, 0x69, 0x74, 0x79, 0x5f, // 1 = (visibility_
	0x34, 0x31, 0x20, 0x2b, 0x20, 0x28, 0x74, 0x6d, 0x70, 0x76, 0x61, 0x72, 0x5f, 0x37, 0x33, 0x20, // 41 + (tmpvar_73
	0x2a, 0x20, 0x33, 0x2e, 0x30, 0x29, 0x29, 0x3b, 0x0a, 0x20, 0x20, 0x20, 0x20, 0x20, 0x20, 0x20, // * 3.0));.
	0x20, 0x66, 0x6c, 0x6f, 0x61, 0x74, 0x20, 0x74, 0x6d, 0x70, 0x76, 0x61, 0x72, 0x5f, 0x37, 0x34, //  float tmpvar_74
	0x3b, 0x0a, 0x20, 0x20, 0x20, 0x20, 0x20, 0x20, 0x20, 0x20, 0x74, 0x6d, 0x70, 0x76, 0x61, 0x72, // ;.        tmpvar
	0x5f, 0x37, 0x34, 0x20, 0x3d, 0x20, 0x64, 0x6f, 0x74, 0x20, 0x28, 0x74, 0x65, 0x78, 0x74, 0x75, // _74 = dot (textu
	0x72, 0x65, 0x20, 0x28, 0x73, 0x5f, 0x73, 0x68, 0x61, 0x64, 0x6f, 0x77, 0x4d, 0x61, 0x70, 0x2c, // re (s_shadowMap,
	0x20, 0x28, 0x74, 0x6d, 0x70, 0x76, 0x61, 0x72, 0x5f, 0x34, 0x32, 0x2e, 0x78, 0x79, 0x20, 0x2b, //  (tmpvar_42.xy +
	0x20, 0x28, 0x76, 0x65, 0x63, 0x32, 0x28, 0x31, 0x2e, 0x35, 0x2c, 0x20, 0x31, 0x2e, 0x35, 0x29, //  (vec2(1.5, 1.5)
	0x20, 0x2a, 0x20, 0x75, 0x5f, 0x73, 0x68, 0x61, 0x64, 0x6f, 0x77, 0x50, 0x61, 0x72, 0x61, 0x6d, //  * u_shadowParam
	0x73, 0x2e, 0x7a, 0x7a, 0x29, 0x29, 0x29, 0x2c, 0x20, 0x76, 0x65, 0x63, 0x34, 0x28, 0x35, 0x2e, // s.zz))), vec4(5.
	0x39, 0x36, 0x30, 0x34, 0x36, 0x34, 0x65, 0x2d, 0x30, 0x38, 0x2c, 0x20, 0x31, 0x2e, 0x35, 0x32, // 960464e-08, 1.52
	0x35, 0x38, 0x37, 0x39, 0x65, 0x2d, 0x30, 0x35, 0x2c, 0x20, 0x30, 0x2e, 0x30, 0x30, 0x33, 0x39, // 5879e-05, 0.0039
	0x30, 0x36, 0x32, 0x35, 0x2c, 0x20, 0x31, 0x2e, 0x30, 0x29, 0x29, 0x3b, 0x0a, 0x20, 0x20, 0x20, // 0625, 1.0));.
	0x20, 0x20, 0x20, 0x20, 0x20, 0x66, 0x6c, 0x6f, 0x61, 0x74, 0x20, 0x74, 0x6d, 0x70, 0x76, 0x61, //      float tmpva
	0x72, 0x5f, 0x37, 0x35, 0x3b, 0x0a, 0x20, 0x20, 0x20, 0x20, 0x20, 0x20, 0x20, 0x20, 0x69, 0x66, // r_75;.        if
	0x20, 0x28, 0x28, 0x74, 0x6d, 0x70, 0x76, 0x61, 0x72, 0x5f, 0x34, 0x33, 0x20, 0x3c, 0x3d, 0x20, //  ((tmpvar_43 <=
	0x74, 0x6d, 0x70, 0x76, 0x61, 0x72, 0x5f, 0x37, 0x34, 0x29, 0x29, 0x20, 0x7b, 0x0a, 0x20, 0x20, // tmpvar_74)) {.
	0x20, 0x20, 0x20, 0x20, 0x20, 0x20, 0x20, 0x20, 0x74, 0x6d, 0x70, 0x76, 0x61, 0x72, 0x5f, 0x37, //         tmpvar_7
	0x35, 0x20, 0x3d, 0x20, 0x31, 0x2e, 0x30, 0x3b, 0x0a, 0x20, 0x20, 0x20, 0x20, 0x20, 0x20, 0x20, // 5 = 1.0;.
	0x20, 0x7d, 0x20, 0x65, 0x6c, 0x73, 0x65, 0x20, 0x7b, 0x0a, 0x20, 0x20, 0x20, 0x20, 0x20, 0x20, //  } else {.
	0x20, 0x20, 0x20, 0x20, 0x74, 0x6d, 0x70, 0x76, 0x61, 0x72, 0x5f, 0x37, 0x35, 0x20, 0x3d, 0x20, //     tmpvar_75 =
	0x30, 0x2e, 0x30, 0x3b, 0x0a, 0x20, 0x20, 0x20, 0x20, 0x20, 0x20, 0x20, 0x20, 0x7d, 0x3b, 0x0a, // 0.0;.        };.
	0x20, 0x20, 0x20, 0x20, 0x20, 0x20, 0x20, 0x20, 0x76, 0x69, 0x73, 0x69, 0x62, 0x69, 0x6c, 0x69, //         visibili
	0x74, 0x79, 0x5f, 0x34, 0x31, 0x20, 0x3d, 0x20, 0x28, 0x76, 0x69, 0x73, 0x69, 0x62, 0x69, 0x6c, // ty_41 = (visibil
	0x69, 0x74, 0x79, 0x5f, 0x34, 0x31, 0x20, 0x2b, 0x20, 0x74, 0x6d, 0x70, 0x76, 0x61, 0x72, 0x5f, // ity_41 + tmpvar_
	0x37, 0x35, 0x29, 0x3b, 0x0a, 0x20, 0x20, 0x20, 0x20, 0x20, 0x20, 0x20, 0x20, 0x74, 0x6d, 0x70, // 75);.        tmp
	0x76, 0x61, 0x72, 0x5f, 0x34, 0x30, 0x20, 0x3d, 0x20, 0x28, 0x76, 0x69, 0x73, 0x69, 0x62, 0x69, // var_40 = (visibi
	0x6c, 0x69, 0x74, 0x79, 0x5f, 0x34, 0x31, 0x20, 0x2f, 0x20, 0x36, 0x34, 0x2e, 0x30, 0x29, 0x3b, // lity_41 / 64.0);
	0x0a, 0x20, 0x20, 0x20, 0x20, 0x20, 0x20, 0x7d, 0x3b, 0x0a, 0x20, 0x20, 0x20, 0x20, 0x7d, 0x3b, // .      };.    };
	0x0a, 0x20, 0x20, 0x20, 0x20, 0x64, 0x69, 0x72, 0x65, 0x63, 0x74, 0x5f, 0x32, 0x20, 0x3d, 0x20, // .    direct_2 =
	0x28, 0x74, 0x6d, 0x70, 0x76, 0x61, 0x72, 0x5f, 0x32, 0x34, 0x20, 0x2a, 0x20, 0x74, 0x6d, 0x70, // (tmpvar_24 * tmp
	0x76, 0x61, 0x72, 0x5f, 0x34, 0x30, 0x29, 0x3b, 0x0a, 0x20, 0x20, 0x7d, 0x3b, 0x0a, 0x20, 0x20, // var_40);.  };.
	0x66, 0x6f, 0x72, 0x20, 0x28, 0x69, 0x6e, 0x74, 0x20, 0x6c, 0x69, 0x67, 0x68, 0x74, 0x49, 0x6e, // for (int lightIn
	0x64, 0x65, 0x78, 0x5f, 0x31, 0x20, 0x3d, 0x20, 0x30, 0x3b, 0x20, 0x6c, 0x69, 0x67, 0x68, 0x74, // dex_1 = 0; light
	0x49, 0x6e, 0x64, 0x65, 0x78, 0x5f, 0x31, 0x20, 0x3c, 0x20, 0x34, 0x3b, 0x20, 0x6c, 0x69, 0x67, // Index_1 < 4; lig
	0x68, 0x74, 0x49, 0x6e, 0x64, 0x65, 0x78, 0x5f, 0x31, 0x2b, 0x2b, 0x29, 0x20, 0x7b, 0x0a, 0x20, // htIndex_1++) {.
	0x20, 0x20, 0x20, 0x66, 0x6c, 0x6f, 0x61, 0x74, 0x20, 0x74, 0x6d, 0x70, 0x76, 0x61, 0x72, 0x5f, //    float tmpvar_
	0x37, 0x36, 0x3b, 0x0a, 0x20, 0x20, 0x20, 0x20, 0x74, 0x6d, 0x70, 0x76, 0x61, 0x72, 0x5f, 0x37, // 76;.    tmpvar_7
	0x36, 0x20, 0x3d, 0x20, 0x75, 0x5f, 0x70, 0x6f, 0x69, 0x6e, 0x74, 0x4c, 0x69, 0x67, 0x68, 0x74, // 6 = u_pointLight
	0x50, 0x6f, 0x73, 0x69, 0x74, 0x69, 0x6f, 0x6e, 0x52, 0x61, 0x6e, 0x67, 0x65, 0x5b, 0x6c, 0x69, // PositionRange[li
	0x67, 0x68, 0x74, 0x49, 0x6e, 0x64, 0x65, 0x78, 0x5f, 0x31, 0x5d, 0x2e, 0x77, 0x3b, 0x0a, 0x20, // ghtIndex_1].w;.
	0x20, 0x20, 0x20, 0x76, 0x65, 0x63, 0x33, 0x20, 0x74, 0x6d, 0x70, 0x76, 0x61, 0x72, 0x5f, 0x37, //    vec3 tmpvar_7
	0x37, 0x3b, 0x0a, 0x20, 0x20, 0x20, 0x20, 0x74, 0x6d, 0x70, 0x76, 0x61, 0x72, 0x5f, 0x37, 0x37, // 7;.    tmpvar_77
	0x20, 0x3d, 0x20, 0x28, 0x75, 0x5f, 0x70, 0x6f, 0x69, 0x6e, 0x74, 0x4c, 0x69, 0x67, 0x68, 0x74, //  = (u_pointLight
	0x50, 0x6f, 0x73, 0x69, 0x74, 0x69, 0x6f, 0x6e, 0x52, 0x61, 0x6e, 0x67, 0x65, 0x5b, 0x6c, 0x69, // PositionRange[li
	0x67, 0x68, 0x74, 0x49, 0x6e, 0x64, 0x65, 0x78, 0x5f, 0x31, 0x5d, 0x2e, 0x78, 0x79, 0x7a, 0x20, // ghtIndex_1].xyz
	0x2d, 0x20, 0x76, 0x5f, 0x77, 0x6f, 0x72, 0x6c, 0x64, 0x50, 0x6f, 0x73, 0x2e, 0x78, 0x79, 0x7a, // - v_worldPos.xyz
	0x29, 0x3b, 0x0a, 0x20, 0x20, 0x20, 0x20, 0x66, 0x6c, 0x6f, 0x61, 0x74, 0x20, 0x74, 0x6d, 0x70, // );.    float tmp
	0x76, 0x61, 0x72, 0x5f, 0x37, 0x38, 0x3b, 0x0a, 0x20, 0x20, 0x20, 0x20, 0x74, 0x6d, 0x70, 0x76, // var_78;.    tmpv
	0x61, 0x72, 0x5f, 0x37, 0x38, 0x20, 0x3d, 0x20, 0x73, 0x71, 0x72, 0x74, 0x28, 0x64, 0x6f, 0x74, // ar_78 = sqrt(dot
	0x20, 0x28, 0x74, 0x6d, 0x70, 0x76, 0x61, 0x72, 0x5f, 0x37, 0x37, 0x2c, 0x20, 0x74, 0x6d, 0x70, //  (tmpvar_77, tmp
	0x76, 0x61, 0x72, 0x5f, 0x37, 0x37, 0x29, 0x29, 0x3b, 0x0a, 0x20, 0x20, 0x20, 0x20, 0x69, 0x66, // var_77));.    if
	0x20, 0x28, 0x28, 0x28, 0x74, 0x6d, 0x70, 0x76, 0x61, 0x72, 0x5f, 0x37, 0x36, 0x20, 0x3e, 0x20, //  (((tmpvar_76 >
	0x30, 0x2e, 0x30, 0x29, 0x20, 0x26, 0x26, 0x20, 0x28, 0x74, 0x6d, 0x70, 0x76, 0x61, 0x72, 0x5f, // 0.0) && (tmpvar_
	0x37, 0x38, 0x20, 0x3c, 0x20, 0x74, 0x6d, 0x70, 0x76, 0x61, 0x72, 0x5f, 0x37, 0x36, 0x29, 0x29, // 78 < tmpvar_76))
	0x29, 0x20, 0x7b, 0x0a, 0x20, 0x20, 0x20, 0x20, 0x20, 0x20, 0x66, 0x6c, 0x6f, 0x61, 0x74, 0x20, // ) {.      float
	0x74, 0x6d, 0x70, 0x76, 0x61, 0x72, 0x5f, 0x37, 0x39, 0x3b, 0x0a, 0x20, 0x20, 0x20, 0x20, 0x20, // tmpvar_79;.
	0x20, 0x74, 0x6d, 0x70, 0x76, 0x61, 0x72, 0x5f, 0x37, 0x39, 0x20, 0x3d, 0x20, 0x63, 0x6c, 0x61, //  tmpvar_79 = cla
	0x6d, 0x70, 0x20, 0x28, 0x28, 0x31, 0x2e, 0x30, 0x20, 0x2d, 0x20, 0x70, 0x6f, 0x77, 0x20, 0x28, // mp ((1.0 - pow (
	0x0a, 0x20, 0x20, 0x20, 0x20, 0x20, 0x20, 0x20, 0x20, 0x28, 0x74, 0x6d, 0x70, 0x76, 0x61, 0x72, // .        (tmpvar
	0x5f, 0x37, 0x38, 0x20, 0x2f, 0x20, 0x74, 0x6d, 0x70, 0x76, 0x61, 0x72, 0x5f, 0x37, 0x36, 0x29, // _78 / tmpvar_76)
	0x0a, 0x20, 0x20, 0x20, 0x20, 0x20, 0x20, 0x2c, 0x20, 0x34, 0x2e, 0x30, 0x29, 0x29, 0x2c, 0x20, // .      , 4.0)),
	0x30, 0x2e, 0x30, 0x2c, 0x20, 0x31, 0x2e, 0x30, 0x29, 0x3b, 0x0a, 0x20, 0x20, 0x20, 0x20, 0x20, // 0.0, 1.0);.
	0x20, 0x76, 0x65, 0x63, 0x33, 0x20, 0x74, 0x6d, 0x70, 0x76, 0x61, 0x72, 0x5f, 0x38, 0x30, 0x3b, //  vec3 tmpvar_80;
	0x0a, 0x20, 0x20, 0x20, 0x20, 0x20, 0x20, 0x74, 0x6d, 0x70, 0x76, 0x61, 0x72, 0x5f, 0x38, 0x30, // .      tmpvar_80
	0x20, 0x3d, 0x20, 0x6e, 0x6f, 0x72, 0x6d, 0x61, 0x6c, 0x69, 0x7a, 0x65, 0x28, 0x74, 0x6d, 0x70, //  = normalize(tmp
	0x76, 0x61, 0x72, 0x5f, 0x37, 0x37, 0x29, 0x3b, 0x0a, 0x20, 0x20, 0x20, 0x20, 0x20, 0x20, 0x76, // var_77);.      v
	0x65, 0x63, 0x33, 0x20, 0x6c, 0x69, 0x67, 0x68, 0x74, 0x43, 0x6f, 0x6c, 0x6f, 0x72, 0x5f, 0x38, // ec3 lightColor_8
	0x31, 0x3b, 0x0a, 0x20, 0x20, 0x20, 0x20, 0x20, 0x20, 0x6c, 0x69, 0x67, 0x68, 0x74, 0x43, 0x6f, // 1;.      lightCo
	0x6c, 0x6f, 0x72, 0x5f, 0x38, 0x31, 0x20, 0x3d, 0x20, 0x28, 0x28, 0x75, 0x5f, 0x70, 0x6f, 0x69, // lor_81 = ((u_poi
	0x6e, 0x74, 0x4c, 0x69, 0x67, 0x68, 0x74, 0x43, 0x6f, 0x6c, 0x6f, 0x72, 0x49, 0x6e, 0x74, 0x65, // ntLightColorInte
	0x6e, 0x73, 0x69, 0x74, 0x79, 0x5b, 0x6c, 0x69, 0x67, 0x68, 0x74, 0x49, 0x6e, 0x64, 0x65, 0x78, // nsity[lightIndex
	0x5f, 0x31, 0x5d, 0x2e, 0x78, 0x79, 0x7a, 0x20, 0x2a, 0x20, 0x75, 0x5f, 0x70, 0x6f, 0x69, 0x6e, // _1].xyz * u_poin
	0x74, 0x4c, 0x69, 0x67, 0x68, 0x74, 0x43, 0x6f, 0x6c, 0x6f, 0x72, 0x49, 0x6e, 0x74, 0x65, 0x6e, // tLightColorInten
	0x73, 0x69, 0x74, 0x79, 0x5b, 0x6c, 0x69, 0x67, 0x68, 0x74, 0x49, 0x6e, 0x64, 0x65, 0x78, 0x5f, // sity[lightIndex_
	0x31, 0x5d, 0x2e, 0x77, 0x29, 0x20, 0x2a, 0x20, 0x28, 0x28, 0x74, 0x6d, 0x70, 0x76, 0x61, 0x72, // 1].w) * ((tmpvar
	0x5f, 0x37, 0x39, 0x20, 0x2a, 0x20, 0x74, 0x6d, 0x70, 0x76, 0x61, 0x72, 0x5f, 0x37, 0x39, 0x29, // _79 * tmpvar_79)
	0x20, 0x2f, 0x20, 0x6d, 0x61, 0x78, 0x20, 0x28, 0x0a, 0x20, 0x20, 0x20, 0x20, 0x20, 0x20, 0x20, //  / max (.
	0x20, 0x28, 0x74, 0x6d, 0x70, 0x76, 0x61, 0x72, 0x5f, 0x37, 0x38, 0x20, 0x2a, 0x20, 0x74, 0x6d, //  (tmpvar_78 * tm
	0x70, 0x76, 0x61, 0x72, 0x5f, 0x37, 0x38, 0x29, 0x0a, 0x20, 0x20, 0x20, 0x20, 0x20, 0x20, 0x2c, // pvar_78).      ,
	0x20, 0x30, 0x2e, 0x30, 0x31, 0x29, 0x29, 0x29, 0x3b, 0x0a, 0x20, 0x20, 0x20, 0x20, 0x20, 0x20, //  0.01)));.
	0x76, 0x65, 0x63, 0x33, 0x20, 0x76, 0x61, 0x6c, 0x75, 0x65, 0x5f, 0x38, 0x32, 0x3b, 0x0a, 0x20, // vec3 value_82;.
	0x20, 0x20, 0x20, 0x20, 0x20, 0x76, 0x61, 0x6c, 0x75, 0x65, 0x5f, 0x38, 0x32, 0x20, 0x3d, 0x20, //      value_82 =
	0x28, 0x76, 0x5f, 0x38, 0x20, 0x2b, 0x20, 0x74, 0x6d, 0x70, 0x76, 0x61, 0x72, 0x5f, 0x38, 0x30, // (v_8 + tmpvar_80
	0x29, 0x3b, 0x0a, 0x20, 0x20, 0x20, 0x20, 0x20, 0x20, 0x76, 0x65, 0x63, 0x33, 0x20, 0x74, 0x6d, // );.      vec3 tm
	0x70, 0x76, 0x61, 0x72, 0x5f, 0x38, 0x33, 0x3b, 0x0a, 0x20, 0x20, 0x20, 0x20, 0x20, 0x20, 0x66, // pvar_83;.      f
	0x6c, 0x6f, 0x61, 0x74, 0x20, 0x74, 0x6d, 0x70, 0x76, 0x61, 0x72, 0x5f, 0x38, 0x34, 0x3b, 0x0a, // loat tmpvar_84;.
	0x20, 0x20, 0x20, 0x20, 0x20, 0x20, 0x74, 0x6d, 0x70, 0x76, 0x61, 0x72, 0x5f, 0x38, 0x34, 0x20, //       tmpvar_84
	0x3d, 0x20, 0x64, 0x6f, 0x74, 0x20, 0x28, 0x76, 0x61, 0x6c, 0x75, 0x65, 0x5f, 0x38, 0x32, 0x2c, // = dot (value_82,
	0x20, 0x76, 0x61, 0x6c, 0x75, 0x65, 0x5f, 0x38, 0x32, 0x29, 0x3b, 0x0a, 0x20, 0x20, 0x20, 0x20, //  value_82);.
	0x20, 0x20, 0x69, 0x66, 0x20, 0x28, 0x28, 0x28, 0x74, 0x6d, 0x70, 0x76, 0x61, 0x72, 0x5f, 0x38, //   if (((tmpvar_8
	0x34, 0x20, 0x21, 0x3d, 0x20, 0x74, 0x6d, 0x70, 0x76, 0x61, 0x72, 0x5f, 0x38, 0x34, 0x29, 0x20, // 4 != tmpvar_84)
	0x7c, 0x7c, 0x20, 0x28, 0x74, 0x6d, 0x70, 0x76, 0x61, 0x72, 0x5f, 0x38, 0x34, 0x20, 0x3c, 0x3d, // || (tmpvar_84 <=
	0x20, 0x31, 0x65, 0x2d, 0x30, 0x36, 0x29, 0x29, 0x29, 0x20, 0x7b, 0x0a, 0x20, 0x20, 0x20, 0x20, //  1e-06))) {.
	0x20, 0x20, 0x20, 0x20, 0x74, 0x6d, 0x70, 0x76, 0x61, 0x72, 0x5f, 0x38, 0x33, 0x20, 0x3d, 0x20, //     tmpvar_83 =
	0x6e, 0x5f, 0x39, 0x3b, 0x0a, 0x20, 0x20, 0x20, 0x20, 0x20, 0x20, 0x7d, 0x20, 0x65, 0x6c, 0x73, // n_9;.      } els
	0x65, 0x20, 0x7b, 0x0a, 0x20, 0x20, 0x20, 0x20, 0x20, 0x20, 0x20, 0x20, 0x74, 0x6d, 0x70, 0x76, // e {.        tmpv
	0x61, 0x72, 0x5f, 0x38, 0x33, 0x20, 0x3d, 0x20, 0x28, 0x76, 0x61, 0x6c, 0x75, 0x65, 0x5f, 0x38, // ar_83 = (value_8
	0x32, 0x20, 0x2a, 0x20, 0x69, 0x6e, 0x76, 0x65, 0x72, 0x73, 0x65, 0x73, 0x71, 0x72, 0x74, 0x28, // 2 * inversesqrt(
	0x74, 0x6d, 0x70, 0x76, 0x61, 0x72, 0x5f, 0x38, 0x34, 0x29, 0x29, 0x3b, 0x0a, 0x20, 0x20, 0x20, // tmpvar_84));.
	0x20, 0x20, 0x20, 0x7d, 0x3b, 0x0a, 0x20, 0x20, 0x20, 0x20, 0x20, 0x20, 0x66, 0x6c, 0x6f, 0x61, //    };.      floa
	0x74, 0x20, 0x74, 0x6d, 0x70, 0x76, 0x61, 0x72, 0x5f, 0x38, 0x35, 0x3b, 0x0a, 0x20, 0x20, 0x20, // t tmpvar_85;.
	0x20, 0x20, 0x20, 0x74, 0x6d, 0x70, 0x76, 0x61, 0x72, 0x5f, 0x38, 0x35, 0x20, 0x3d, 0x20, 0x63, //    tmpvar_85 = c
	0x6c, 0x61, 0x6d, 0x70, 0x20, 0x28, 0x64, 0x6f, 0x74, 0x20, 0x28, 0x6e, 0x5f, 0x39, 0x2c, 0x20, // lamp (dot (n_9,
	0x74, 0x6d, 0x70, 0x76, 0x61, 0x72, 0x5f, 0x38, 0x30, 0x29, 0x2c, 0x20, 0x30, 0x2e, 0x30, 0x2c, // tmpvar_80), 0.0,
	0x20, 0x31, 0x2e, 0x30, 0x29, 0x3b, 0x0a, 0x20, 0x20, 0x20, 0x20, 0x20, 0x20, 0x66, 0x6c, 0x6f, //  1.0);.      flo
	0x61, 0x74, 0x20, 0x74, 0x6d, 0x70, 0x76, 0x61, 0x72, 0x5f, 0x38, 0x36, 0x3b, 0x0a, 0x20, 0x20, // at tmpvar_86;.
	0x20, 0x20, 0x20, 0x20, 0x74, 0x6d, 0x70, 0x76, 0x61, 0x72, 0x5f, 0x38, 0x36, 0x20, 0x3d, 0x20, //     tmpvar_86 =
	0x6d, 0x61, 0x78, 0x20, 0x28, 0x63, 0x6c, 0x61, 0x6d, 0x70, 0x20, 0x28, 0x64, 0x6f, 0x74, 0x20, // max (clamp (dot
	0x28, 0x6e, 0x5f, 0x39, 0x2c, 0x20, 0x76, 0x5f, 0x38, 0x29, 0x2c, 0x20, 0x30, 0x2e, 0x30, 0x2c, // (n_9, v_8), 0.0,
	0x20, 0x31, 0x2e, 0x30, 0x29, 0x2c, 0x20, 0x31, 0x65, 0x2d, 0x30, 0x36, 0x29, 0x3b, 0x0a, 0x20, //  1.0), 1e-06);.
	0x20, 0x20, 0x20, 0x20, 0x20, 0x66, 0x6c, 0x6f, 0x61, 0x74, 0x20, 0x74, 0x6d, 0x70, 0x76, 0x61, //      float tmpva
	0x72, 0x5f, 0x38, 0x37, 0x3b, 0x0a, 0x20, 0x20, 0x20, 0x20, 0x20, 0x20, 0x74, 0x6d, 0x70, 0x76, // r_87;.      tmpv
	0x61, 0x72, 0x5f, 0x38, 0x37, 0x20, 0x3d, 0x20, 0x63, 0x6c, 0x61, 0x6d, 0x70, 0x20, 0x28, 0x64, // ar_87 = clamp (d
	0x6f, 0x74, 0x20, 0x28, 0x6e, 0x5f, 0x39, 0x2c, 0x20, 0x74, 0x6d, 0x70, 0x76, 0x61, 0x72, 0x5f, // ot (n_9, tmpvar_
	0x38, 0x33, 0x29, 0x2c, 0x20, 0x30, 0x2e, 0x30, 0x2c, 0x20, 0x31, 0x2e, 0x30, 0x29, 0x3b, 0x0a, // 83), 0.0, 1.0);.
	0x20, 0x20, 0x20, 0x20, 0x20, 0x20, 0x66, 0x6c, 0x6f, 0x61, 0x74, 0x20, 0x74, 0x6d, 0x70, 0x76, //       float tmpv
	0x61, 0x72, 0x5f, 0x38, 0x38, 0x3b, 0x0a, 0x20, 0x20, 0x20, 0x20, 0x20, 0x20, 0x74, 0x6d, 0x70, // ar_88;.      tmp
	0x76, 0x61, 0x72, 0x5f, 0x38, 0x38, 0x20, 0x3d, 0x20, 0x63, 0x6c, 0x61, 0x6d, 0x70, 0x20, 0x28, // var_88 = clamp (
	0x64, 0x6f, 0x74, 0x20, 0x28, 0x74, 0x6d, 0x70, 0x76, 0x61, 0x72, 0x5f, 0x38, 0x33, 0x2c, 0x20, // dot (tmpvar_83,
	0x76, 0x5f, 0x38, 0x29, 0x2c, 0x20, 0x30, 0x2e, 0x30, 0x2c, 0x20, 0x31, 0x2e, 0x30, 0x29, 0x3b, // v_8), 0.0, 1.0);
	0x0a, 0x20, 0x20, 0x20, 0x20, 0x20, 0x20, 0x76, 0x65, 0x63, 0x33, 0x20, 0x74, 0x6d, 0x70, 0x76, // .      vec3 tmpv
	0x61, 0x72, 0x5f, 0x38, 0x39, 0x3b, 0x0a, 0x20, 0x20, 0x20, 0x20, 0x20, 0x20, 0x74, 0x6d, 0x70, // ar_89;.      tmp
	0x76, 0x61, 0x72, 0x5f, 0x38, 0x39, 0x20, 0x3d, 0x20, 0x28, 0x64, 0x69, 0x65, 0x6c, 0x65, 0x63, // var_89 = (dielec
	0x74, 0x72, 0x69, 0x63, 0x46, 0x30, 0x43, 0x6f, 0x6c, 0x6f, 0x72, 0x5f, 0x34, 0x20, 0x2b, 0x20, // tricF0Color_4 +
	0x28, 0x28, 0x64, 0x69, 0x65, 0x6c, 0x65, 0x63, 0x74, 0x72, 0x69, 0x63, 0x46, 0x39, 0x30, 0x43, // ((dielectricF90C
	0x6f, 0x6c, 0x6f, 0x72, 0x5f, 0x33, 0x20, 0x2d, 0x20, 0x64, 0x69, 0x65, 0x6c, 0x65, 0x63, 0x74, // olor_3 - dielect
	0x72, 0x69, 0x63, 0x46, 0x30, 0x43, 0x6f, 0x6c, 0x6f, 0x72, 0x5f, 0x34, 0x29, 0x20, 0x2a, 0x20, // ricF0Color_4) *
	0x70, 0x6f, 0x77, 0x20, 0x28, 0x0a, 0x20, 0x20, 0x20, 0x20, 0x20, 0x20, 0x20, 0x20, 0x28, 0x31, // pow (.        (1
	0x2e, 0x30, 0x20, 0x2d, 0x20, 0x74, 0x6d, 0x70, 0x76, 0x61, 0x72, 0x5f, 0x38, 0x38, 0x29, 0x0a, // .0 - tmpvar_88).
	0x20, 0x20, 0x20, 0x20, 0x20, 0x20, 0x2c, 0x20, 0x35, 0x2e, 0x30, 0x29, 0x29, 0x29, 0x3b, 0x0a, //       , 5.0)));.
	0x20, 0x20, 0x20, 0x20, 0x20, 0x20, 0x66, 0x6c, 0x6f, 0x61, 0x74, 0x20, 0x74, 0x6d, 0x70, 0x76, //       float tmpv
	0x61, 0x72, 0x5f, 0x39, 0x30, 0x3b, 0x0a, 0x20, 0x20, 0x20, 0x20, 0x20, 0x20, 0x74, 0x6d, 0x70, // ar_90;.      tmp
	0x76, 0x61, 0x72, 0x5f, 0x39, 0x30, 0x20, 0x3d, 0x20, 0x28, 0x72, 0x6f, 0x75, 0x67, 0x68, 0x6e, // var_90 = (roughn
	0x65, 0x73, 0x73, 0x5f, 0x35, 0x20, 0x2a, 0x20, 0x72, 0x6f, 0x75, 0x67, 0x68, 0x6e, 0x65, 0x73, // ess_5 * roughnes
	0x73, 0x5f, 0x35, 0x29, 0x3b, 0x0a, 0x20, 0x20, 0x20, 0x20, 0x20, 0x20, 0x66, 0x6c, 0x6f, 0x61, // s_5);.      floa
	0x74, 0x20, 0x74, 0x6d, 0x70, 0x76, 0x61, 0x72, 0x5f, 0x39, 0x31, 0x3b, 0x0a, 0x20, 0x20, 0x20, // t tmpvar_91;.
	0x20, 0x20, 0x20, 0x74, 0x6d, 0x70, 0x76, 0x61, 0x72, 0x5f, 0x39, 0x31, 0x20, 0x3d, 0x20, 0x28, //    tmpvar_91 = (
	0x74, 0x6d, 0x70, 0x76, 0x61, 0x72, 0x5f, 0x39, 0x30, 0x20, 0x2a, 0x20, 0x74, 0x6d, 0x70, 0x76, // tmpvar_90 * tmpv
	0x61, 0x72, 0x5f, 0x39, 0x30, 0x29, 0x3b, 0x0a, 0x20, 0x20, 0x20, 0x20, 0x20, 0x20, 0x66, 0x6c, // ar_90);.      fl
	0x6f, 0x61, 0x74, 0x20, 0x74, 0x6d, 0x70, 0x76, 0x61, 0x72, 0x5f, 0x39, 0x32, 0x3b, 0x0a, 0x20, // oat tmpvar_92;.
	0x20, 0x20, 0x20, 0x20, 0x20, 0x74, 0x6d, 0x70, 0x76, 0x61, 0x72, 0x5f, 0x39, 0x32, 0x20, 0x3d, //      tmpvar_92 =
	0x20, 0x28, 0x28, 0x28, 0x74, 0x6d, 0x70, 0x76, 0x61, 0x72, 0x5f, 0x38, 0x37, 0x20, 0x2a, 0x20, //  (((tmpvar_87 *
	0x74, 0x6d, 0x70, 0x76, 0x61, 0x72, 0x5f, 0x38, 0x37, 0x29, 0x20, 0x2a, 0x20, 0x28, 0x74, 0x6d, // tmpvar_87) * (tm
	0x70, 0x76, 0x61, 0x72, 0x5f, 0x39, 0x31, 0x20, 0x2d, 0x20, 0x31, 0x2e, 0x30, 0x29, 0x29, 0x20, // pvar_91 - 1.0))
	0x2b, 0x20, 0x31, 0x2e, 0x30, 0x29, 0x3b, 0x0a, 0x20, 0x20, 0x20, 0x20, 0x20, 0x20, 0x66, 0x6c, // + 1.0);.      fl
	0x6f, 0x61, 0x74, 0x20, 0x74, 0x6d, 0x70, 0x76, 0x61, 0x72, 0x5f, 0x39, 0x33, 0x3b, 0x0a, 0x20, // oat tmpvar_93;.
	0x20, 0x20, 0x20, 0x20, 0x20, 0x74, 0x6d, 0x70, 0x76, 0x61, 0x72, 0x5f, 0x39, 0x33, 0x20, 0x3d, //      tmpvar_93 =
	0x20, 0x28, 0x72, 0x6f, 0x75, 0x67, 0x68, 0x6e, 0x65, 0x73, 0x73, 0x5f, 0x35, 0x20, 0x2b, 0x20, //  (roughness_5 +
	0x31, 0x2e, 0x30, 0x29, 0x3b, 0x0a, 0x20, 0x20, 0x20, 0x20, 0x20, 0x20, 0x66, 0x6c, 0x6f, 0x61, // 1.0);.      floa
	0x74, 0x20, 0x74, 0x6d, 0x70, 0x76, 0x61, 0x72, 0x5f, 0x39, 0x34, 0x3b, 0x0a, 0x20, 0x20, 0x20, // t tmpvar_94;.
	0x20, 0x20, 0x20, 0x74, 0x6d, 0x70, 0x76, 0x61, 0x72, 0x5f, 0x39, 0x34, 0x20, 0x3d, 0x20, 0x28, //    tmpvar_94 = (
	0x28, 0x74, 0x6d, 0x70, 0x76, 0x61, 0x72, 0x5f, 0x39, 0x33, 0x20, 0x2a, 0x20, 0x74, 0x6d, 0x70, // (tmpvar_93 * tmp
	0x76, 0x61, 0x72, 0x5f, 0x39, 0x33, 0x29, 0x20, 0x2f, 0x20, 0x38, 0x2e, 0x30, 0x29, 0x3b, 0x0a, // var_93) / 8.0);.
	0x20, 0x20, 0x20, 0x20, 0x20, 0x20, 0x66, 0x6c, 0x6f, 0x61, 0x74, 0x20, 0x74, 0x6d, 0x70, 0x76, //       float tmpv
	0x61, 0x72, 0x5f, 0x39, 0x35, 0x3b, 0x0a, 0x20, 0x20, 0x20, 0x20, 0x20, 0x20, 0x74, 0x6d, 0x70, // ar_95;.      tmp
	0x76, 0x61, 0x72, 0x5f, 0x39, 0x35, 0x20, 0x3d, 0x20, 0x28, 0x72, 0x6f, 0x75, 0x67, 0x68, 0x6e, // var_95 = (roughn
	0x65, 0x73, 0x73, 0x5f, 0x35, 0x20, 0x2b, 0x20, 0x31, 0x2e, 0x30, 0x29, 0x3b, 0x0a, 0x20, 0x20, // ess_5 + 1.0);.
	0x20, 0x20, 0x20, 0x20, 0x66, 0x6c, 0x6f, 0x61, 0x74, 0x20, 0x74, 0x6d, 0x70, 0x76, 0x61, 0x72, //     float tmpvar
	0x5f, 0x39, 0x36, 0x3b, 0x0a, 0x20, 0x20, 0x20, 0x20, 0x20, 0x20, 0x74, 0x6d, 0x70, 0x76, 0x61, // _96;.      tmpva
	0x72, 0x5f, 0x39, 0x36, 0x20, 0x3d, 0x20, 0x28, 0x28, 0x74, 0x6d, 0x70, 0x76, 0x61, 0x72, 0x5f, // r_96 = ((tmpvar_
	0x39, 0x35, 0x20, 0x2a, 0x20, 0x74, 0x6d, 0x70, 0x76, 0x61, 0x72, 0x5f, 0x39, 0x35, 0x29, 0x20, // 95 * tmpvar_95)
	0x2f, 0x20, 0x38, 0x2e, 0x30, 0x29, 0x3b, 0x0a, 0x20, 0x20, 0x20, 0x20, 0x20, 0x20, 0x64, 0x69, // / 8.0);.      di
	0x72, 0x65, 0x63, 0x74, 0x5f, 0x32, 0x20, 0x3d, 0x20, 0x28, 0x64, 0x69, 0x72, 0x65, 0x63, 0x74, // rect_2 = (direct
	0x5f, 0x32, 0x20, 0x2b, 0x20, 0x28, 0x28, 0x0a, 0x20, 0x20, 0x20, 0x20, 0x20, 0x20, 0x20, 0x20, // _2 + ((.
	0x28, 0x28, 0x28, 0x28, 0x76, 0x65, 0x63, 0x33, 0x28, 0x0a, 0x20, 0x20, 0x20, 0x20, 0x20, 0x20, // ((((vec3(.
	0x20, 0x20, 0x20, 0x20, 0x28, 0x31, 0x2e, 0x30, 0x20, 0x2d, 0x20, 0x6d, 0x61, 0x78, 0x20, 0x28, //     (1.0 - max (
	0x74, 0x6d, 0x70, 0x76, 0x61, 0x72, 0x5f, 0x38, 0x39, 0x2e, 0x78, 0x2c, 0x20, 0x6d, 0x61, 0x78, // tmpvar_89.x, max
	0x20, 0x28, 0x74, 0x6d, 0x70, 0x76, 0x61, 0x72, 0x5f, 0x38, 0x39, 0x2e, 0x79, 0x2c, 0x20, 0x74, //  (tmpvar_89.y, t
	0x6d, 0x70, 0x76, 0x61, 0x72, 0x5f, 0x38, 0x39, 0x2e, 0x7a, 0x29, 0x29, 0x29, 0x0a, 0x20, 0x20, // mpvar_89.z))).
	0x20, 0x20, 0x20, 0x20, 0x20, 0x20, 0x29, 0x20, 0x2a, 0x20, 0x0a, 0x20, 0x20, 0x20, 0x20, 0x20, //       ) * .
	0x20, 0x20, 0x20, 0x20, 0x20, 0x28, 0x31, 0x2e, 0x30, 0x20, 0x2d, 0x20, 0x6d, 0x65, 0x74, 0x61, //      (1.0 - meta
	0x6c, 0x6c, 0x69, 0x63, 0x5f, 0x36, 0x29, 0x0a, 0x20, 0x20, 0x20, 0x20, 0x20, 0x20, 0x20, 0x20, // llic_6).
	0x29, 0x20, 0x2a, 0x20, 0x62, 0x61, 0x73, 0x65, 0x43, 0x6f, 0x6c, 0x6f, 0x72, 0x5f, 0x31, 0x30, // ) * baseColor_10
	0x2e, 0x78, 0x79, 0x7a, 0x29, 0x20, 0x2f, 0x20, 0x33, 0x2e, 0x31, 0x34, 0x31, 0x35, 0x39, 0x33, // .xyz) / 3.141593
	0x29, 0x20, 0x2b, 0x20, 0x28, 0x28, 0x28, 0x0a, 0x20, 0x20, 0x20, 0x20, 0x20, 0x20, 0x20, 0x20, // ) + (((.
	0x20, 0x20, 0x28, 0x74, 0x6d, 0x70, 0x76, 0x61, 0x72, 0x5f, 0x39, 0x31, 0x20, 0x2f, 0x20, 0x6d, //   (tmpvar_91 / m
	0x61, 0x78, 0x20, 0x28, 0x28, 0x28, 0x33, 0x2e, 0x31, 0x34, 0x31, 0x35, 0x39, 0x33, 0x20, 0x2a, // ax (((3.141593 *
	0x20, 0x74, 0x6d, 0x70, 0x76, 0x61, 0x72, 0x5f, 0x39, 0x32, 0x29, 0x20, 0x2a, 0x20, 0x74, 0x6d, //  tmpvar_92) * tm
	0x70, 0x76, 0x61, 0x72, 0x5f, 0x39, 0x32, 0x29, 0x2c, 0x20, 0x31, 0x65, 0x2d, 0x30, 0x36, 0x29, // pvar_92), 1e-06)
	0x29, 0x0a, 0x20, 0x20, 0x20, 0x20, 0x20, 0x20, 0x20, 0x20, 0x20, 0x2a, 0x20, 0x0a, 0x20, 0x20, // ).         * .
	0x20, 0x20, 0x20, 0x20, 0x20, 0x20, 0x20, 0x20, 0x28, 0x28, 0x74, 0x6d, 0x70, 0x76, 0x61, 0x72, //         ((tmpvar
	0x5f, 0x38, 0x36, 0x20, 0x2f, 0x20, 0x6d, 0x61, 0x78, 0x20, 0x28, 0x28, 0x0a, 0x20, 0x20, 0x20, // _86 / max ((.
	0x20, 0x20, 0x20, 0x20, 0x20, 0x20, 0x20, 0x20, 0x20, 0x28, 0x74, 0x6d, 0x70, 0x76, 0x61, 0x72, //          (tmpvar
	0x5f, 0x38, 0x36, 0x20, 0x2a, 0x20, 0x28, 0x31, 0x2e, 0x30, 0x20, 0x2d, 0x20, 0x74, 0x6d, 0x70, // _86 * (1.0 - tmp
	0x76, 0x61, 0x72, 0x5f, 0x39, 0x34, 0x29, 0x29, 0x0a, 0x20, 0x20, 0x20, 0x20, 0x20, 0x20, 0x20, // var_94)).
	0x20, 0x20, 0x20, 0x20, 0x2b, 0x20, 0x74, 0x6d, 0x70, 0x76, 0x61, 0x72, 0x5f, 0x39, 0x34, 0x29, //     + tmpvar_94)
	0x2c, 0x20, 0x31, 0x65, 0x2d, 0x30, 0x36, 0x29, 0x29, 0x20, 0x2a, 0x20, 0x28, 0x74, 0x6d, 0x70, // , 1e-06)) * (tmp
	0x76, 0x61, 0x72, 0x5f, 0x38, 0x35, 0x20, 0x2f, 0x20, 0x6d, 0x61, 0x78, 0x20, 0x28, 0x28, 0x0a, // var_85 / max ((.
	0x20, 0x20, 0x20, 0x20, 0x20, 0x20, 0x20, 0x20, 0x20, 0x20, 0x20, 0x20, 0x28, 0x74, 0x6d, 0x70, //             (tmp
	0x76, 0x61, 0x72, 0x5f, 0x38, 0x35, 0x20, 0x2a, 0x20, 0x28, 0x31, 0x2e, 0x30, 0x20, 0x2d, 0x20, // var_85 * (1.0 -
	0x74, 0x6d, 0x70, 0x76, 0x61, 0x72, 0x5f, 0x39, 0x36, 0x29, 0x29, 0x0a, 0x20, 0x20, 0x20, 0x20, // tmpvar_96)).
	0x20, 0x20, 0x20, 0x20, 0x20, 0x20, 0x20, 0x2b, 0x20, 0x74, 0x6d, 0x70, 0x76, 0x61, 0x72, 0x5f, //        + tmpvar_
	0x39, 0x36, 0x29, 0x2c, 0x20, 0x31, 0x65, 0x2d, 0x30, 0x36, 0x29, 0x29, 0x29, 0x0a, 0x20, 0x20, // 96), 1e-06))).
	0x20, 0x20, 0x20, 0x20, 0x20, 0x20, 0x29, 0x20, 0x2a, 0x20, 0x6d, 0x69, 0x78, 0x20, 0x28, 0x74, //       ) * mix (t
	0x6d, 0x70, 0x76, 0x61, 0x72, 0x5f, 0x38, 0x39, 0x2c, 0x20, 0x0a, 0x20, 0x20, 0x20, 0x20, 0x20, // mpvar_89, .
	0x20, 0x20, 0x20, 0x20, 0x20, 0x28, 0x62, 0x61, 0x73, 0x65, 0x43, 0x6f, 0x6c, 0x6f, 0x72, 0x5f, //      (baseColor_
	0x31, 0x30, 0x2e, 0x78, 0x79, 0x7a, 0x20, 0x2b, 0x20, 0x28, 0x28, 0x76, 0x65, 0x63, 0x33, 0x28, // 10.xyz + ((vec3(
	0x31, 0x2e, 0x30, 0x2c, 0x20, 0x31, 0x2e, 0x30, 0x2c, 0x20, 0x31, 0x2e, 0x30, 0x29, 0x20, 0x2d, // 1.0, 1.0, 1.0) -
	0x20, 0x62, 0x61, 0x73, 0x65, 0x43, 0x6f, 0x6c, 0x6f, 0x72, 0x5f, 0x31, 0x30, 0x2e, 0x78, 0x79, //  baseColor_10.xy
	0x7a, 0x29, 0x20, 0x2a, 0x20, 0x70, 0x6f, 0x77, 0x20, 0x28, 0x28, 0x31, 0x2e, 0x30, 0x20, 0x2d, // z) * pow ((1.0 -
	0x20, 0x74, 0x6d, 0x70, 0x76, 0x61, 0x72, 0x5f, 0x38, 0x38, 0x29, 0x2c, 0x20, 0x35, 0x2e, 0x30, //  tmpvar_88), 5.0
	0x29, 0x29, 0x29, 0x0a, 0x20, 0x20, 0x20, 0x20, 0x20, 0x20, 0x20, 0x20, 0x2c, 0x20, 0x6d, 0x65, // ))).        , me
	0x74, 0x61, 0x6c, 0x6c, 0x69, 0x63, 0x5f, 0x36, 0x29, 0x29, 0x20, 0x2f, 0x20, 0x6d, 0x61, 0x78, // tallic_6)) / max
	0x20, 0x28, 0x28, 0x0a, 0x20, 0x20, 0x20, 0x20, 0x20, 0x20, 0x20, 0x20, 0x20, 0x20, 0x28, 0x34, //  ((.          (4
	0x2e, 0x30, 0x20, 0x2a, 0x20, 0x74, 0x6d, 0x70, 0x76, 0x61, 0x72, 0x5f, 0x38, 0x36, 0x29, 0x0a, // .0 * tmpvar_86).
	0x20, 0x20, 0x20, 0x20, 0x20, 0x20, 0x20, 0x20, 0x20, 0x2a, 0x20, 0x74, 0x6d, 0x70, 0x76, 0x61, //          * tmpva
	0x72, 0x5f, 0x38, 0x35, 0x29, 0x2c, 0x20, 0x31, 0x65, 0x2d, 0x30, 0x36, 0x29, 0x29, 0x29, 0x0a, // r_85), 1e-06))).
	0x20, 0x20, 0x20, 0x20, 0x20, 0x20, 0x20, 0x2a, 0x20, 0x74, 0x6d, 0x70, 0x76, 0x61, 0x72, 0x5f, //        * tmpvar_
	0x38, 0x35, 0x29, 0x20, 0x2a, 0x20, 0x6c, 0x69, 0x67, 0x68, 0x74, 0x43, 0x6f, 0x6c, 0x6f, 0x72, // 85) * lightColor
	0x5f, 0x38, 0x31, 0x29, 0x29, 0x3b, 0x0a, 0x20, 0x20, 0x20, 0x20, 0x7d, 0x3b, 0x0a, 0x20, 0x20, // _81));.    };.
	0x7d, 0x3b, 0x0a, 0x20, 0x20, 0x76, 0x65, 0x63, 0x33, 0x20, 0x74, 0x6d, 0x70, 0x76, 0x61, 0x72, // };.  vec3 tmpvar
	0x5f, 0x39, 0x37, 0x3b, 0x0a, 0x20, 0x20, 0x74, 0x6d, 0x70, 0x76, 0x61, 0x72, 0x5f, 0x39, 0x37, // _97;.  tmpvar_97
	0x20, 0x3d, 0x20, 0x28, 0x74, 0x6d, 0x70, 0x76, 0x61, 0x72, 0x5f, 0x32, 0x30, 0x20, 0x2b, 0x20, //  = (tmpvar_20 +
	0x28, 0x28, 0x0a, 0x20, 0x20, 0x20, 0x20, 0x6d, 0x61, 0x78, 0x20, 0x28, 0x28, 0x76, 0x65, 0x63, // ((.    max ((vec
	0x33, 0x28, 0x74, 0x6d, 0x70, 0x76, 0x61, 0x72, 0x5f, 0x31, 0x39, 0x29, 0x20, 0x2a, 0x20, 0x28, // 3(tmpvar_19) * (
	0x31, 0x2e, 0x30, 0x20, 0x2d, 0x20, 0x74, 0x6d, 0x70, 0x76, 0x61, 0x72, 0x5f, 0x31, 0x37, 0x29, // 1.0 - tmpvar_17)
	0x29, 0x2c, 0x20, 0x74, 0x6d, 0x70, 0x76, 0x61, 0x72, 0x5f, 0x32, 0x30, 0x29, 0x0a, 0x20, 0x20, // ), tmpvar_20).
	0x20, 0x2d, 0x20, 0x74, 0x6d, 0x70, 0x76, 0x61, 0x72, 0x5f, 0x32, 0x30, 0x29, 0x20, 0x2a, 0x20, //  - tmpvar_20) *
	0x70, 0x6f, 0x77, 0x20, 0x28, 0x0a, 0x20, 0x20, 0x20, 0x20, 0x28, 0x31, 0x2e, 0x30, 0x20, 0x2d, // pow (.    (1.0 -
	0x20, 0x6e, 0x44, 0x6f, 0x74, 0x56, 0x5f, 0x37, 0x29, 0x0a, 0x20, 0x20, 0x2c, 0x20, 0x35, 0x2e, //  nDotV_7).  , 5.
	0x30, 0x29, 0x29, 0x29, 0x3b, 0x0a, 0x20, 0x20, 0x76, 0x65, 0x63, 0x33, 0x20, 0x74, 0x6d, 0x70, // 0)));.  vec3 tmp
	0x76, 0x61, 0x72, 0x5f, 0x39, 0x38, 0x3b, 0x0a, 0x20, 0x20, 0x74, 0x6d, 0x70, 0x76, 0x61, 0x72, // var_98;.  tmpvar
	0x5f, 0x39, 0x38, 0x20, 0x3d, 0x20, 0x28, 0x76, 0x65, 0x63, 0x33, 0x28, 0x28, 0x31, 0x2e, 0x30, // _98 = (vec3((1.0
	0x20, 0x2d, 0x20, 0x6d, 0x61, 0x78, 0x20, 0x28, 0x74, 0x6d, 0x70, 0x76, 0x61, 0x72, 0x5f, 0x39, //  - max (tmpvar_9
	0x37, 0x2e, 0x78, 0x2c, 0x20, 0x0a, 0x20, 0x20, 0x20, 0x20, 0x6d, 0x61, 0x78, 0x20, 0x28, 0x74, // 7.x, .    max (t
	0x6d, 0x70, 0x76, 0x61, 0x72, 0x5f, 0x39, 0x37, 0x2e, 0x79, 0x2c, 0x20, 0x74, 0x6d, 0x70, 0x76, // mpvar_97.y, tmpv
	0x61, 0x72, 0x5f, 0x39, 0x37, 0x2e, 0x7a, 0x29, 0x0a, 0x20, 0x20, 0x29, 0x29, 0x29, 0x20, 0x2a, // ar_97.z).  ))) *
	0x20, 0x28, 0x31, 0x2e, 0x30, 0x20, 0x2d, 0x20, 0x74, 0x6d, 0x70, 0x76, 0x61, 0x72, 0x5f, 0x31, //  (1.0 - tmpvar_1
	0x36, 0x29, 0x29, 0x3b, 0x0a, 0x20, 0x20, 0x64, 0x69, 0x72, 0x65, 0x63, 0x74, 0x5f, 0x32, 0x20, // 6));.  direct_2
	0x3d, 0x20, 0x28, 0x64, 0x69, 0x72, 0x65, 0x63, 0x74, 0x5f, 0x32, 0x20, 0x2b, 0x20, 0x28, 0x28, // = (direct_2 + ((
	0x0a, 0x20, 0x20, 0x20, 0x20, 0x28, 0x74, 0x6d, 0x70, 0x76, 0x61, 0x72, 0x5f, 0x39, 0x38, 0x20, // .    (tmpvar_98
	0x2a, 0x20, 0x74, 0x6d, 0x70, 0x76, 0x61, 0x72, 0x5f, 0x31, 0x31, 0x2e, 0x78, 0x79, 0x7a, 0x29, // * tmpvar_11.xyz)
	0x0a, 0x20, 0x20, 0x20, 0x2a, 0x20, 0x0a, 0x20, 0x20, 0x20, 0x20, 0x6d, 0x61, 0x78, 0x20, 0x28, // .   * .    max (
	0x28, 0x28, 0x28, 0x75, 0x5f, 0x6f, 0x76, 0x65, 0x72, 0x66, 0x6c, 0x6f, 0x77, 0x4c, 0x69, 0x67, // (((u_overflowLig
	0x68, 0x74, 0x53, 0x48, 0x5b, 0x30, 0x5d, 0x2e, 0x78, 0x79, 0x7a, 0x20, 0x2b, 0x20, 0x0a, 0x20, // htSH[0].xyz + .
	0x20, 0x20, 0x20, 0x20, 0x20, 0x28, 0x75, 0x5f, 0x6f, 0x76, 0x65, 0x72, 0x66, 0x6c, 0x6f, 0x77, //      (u_overflow
	0x4c, 0x69, 0x67, 0x68, 0x74, 0x53, 0x48, 0x5b, 0x31, 0x5d, 0x2e, 0x78, 0x79, 0x7a, 0x20, 0x2a, // LightSH[1].xyz *
	0x20, 0x74, 0x6d, 0x70, 0x76, 0x61, 0x72, 0x5f, 0x31, 0x32, 0x2e, 0x78, 0x29, 0x0a, 0x20, 0x20, //  tmpvar_12.x).
	0x20, 0x20, 0x29, 0x20, 0x2b, 0x20, 0x28, 0x75, 0x5f, 0x6f, 0x76, 0x65, 0x72, 0x66, 0x6c, 0x6f, //   ) + (u_overflo
	0x77, 0x4c, 0x69, 0x67, 0x68, 0x74, 0x53, 0x48, 0x5b, 0x32, 0x5d, 0x2e, 0x78, 0x79, 0x7a, 0x20, // wLightSH[2].xyz
	0x2a, 0x20, 0x74, 0x6d, 0x70, 0x76, 0x61, 0x72, 0x5f, 0x31, 0x32, 0x2e, 0x79, 0x29, 0x29, 0x20, // * tmpvar_12.y))
	0x2b, 0x20, 0x28, 0x75, 0x5f, 0x6f, 0x76, 0x65, 0x72, 0x66, 0x6c, 0x6f, 0x77, 0x4c, 0x69, 0x67, // + (u_overflowLig
	0x68, 0x74, 0x53, 0x48, 0x5b, 0x33, 0x5d, 0x2e, 0x78, 0x79, 0x7a, 0x20, 0x2a, 0x20, 0x74, 0x6d, // htSH[3].xyz * tm
	0x70, 0x76, 0x61, 0x72, 0x5f, 0x31, 0x32, 0x2e, 0x7a, 0x29, 0x29, 0x2c, 0x20, 0x76, 0x65, 0x63, // pvar_12.z)), vec
	0x33, 0x28, 0x30, 0x2e, 0x30, 0x2c, 0x20, 0x30, 0x2e, 0x30, 0x2c, 0x20, 0x30, 0x2e, 0x30, 0x29, // 3(0.0, 0.0, 0.0)
	0x29, 0x0a, 0x20, 0x20, 0x29, 0x20, 0x2f, 0x20, 0x33, 0x2e, 0x31, 0x34, 0x31, 0x35, 0x39, 0x33, // ).  ) / 3.141593
	0x29, 0x29, 0x3b, 0x0a, 0x20, 0x20, 0x76, 0x65, 0x63, 0x33, 0x20, 0x49, 0x5f, 0x39, 0x39, 0x3b, // ));.  vec3 I_99;
	0x0a, 0x20, 0x20, 0x49, 0x5f, 0x39, 0x39, 0x20, 0x3d, 0x20, 0x2d, 0x28, 0x74, 0x6d, 0x70, 0x76, // .  I_99 = -(tmpv
	0x61, 0x72, 0x5f, 0x31, 0x34, 0x29, 0x3b, 0x0a, 0x20, 0x20, 0x76, 0x65, 0x63, 0x33, 0x20, 0x74, // ar_14);.  vec3 t
	0x6d, 0x70, 0x76, 0x61, 0x72, 0x5f, 0x31, 0x30, 0x30, 0x3b, 0x0a, 0x20, 0x20, 0x74, 0x6d, 0x70, // mpvar_100;.  tmp
	0x76, 0x61, 0x72, 0x5f, 0x31, 0x30, 0x30, 0x20, 0x3d, 0x20, 0x28, 0x74, 0x65, 0x78, 0x74, 0x75, // var_100 = (textu
	0x72, 0x65, 0x4c, 0x6f, 0x64, 0x20, 0x28, 0x73, 0x5f, 0x70, 0x72, 0x65, 0x66, 0x69, 0x6c, 0x74, // reLod (s_prefilt
	0x65, 0x72, 0x2c, 0x20, 0x28, 0x49, 0x5f, 0x39, 0x39, 0x20, 0x2d, 0x20, 0x28, 0x32, 0x2e, 0x30, // er, (I_99 - (2.0
	0x20, 0x2a, 0x20, 0x0a, 0x20, 0x20, 0x20, 0x20, 0x28, 0x64, 0x6f, 0x74, 0x20, 0x28, 0x74, 0x6d, //  * .    (dot (tm
	0x70, 0x76, 0x61, 0x72, 0x5f, 0x31, 0x32, 0x2c, 0x20, 0x49, 0x5f, 0x39, 0x39, 0x29, 0x20, 0x2a, // pvar_12, I_99) *
	0x20, 0x74, 0x6d, 0x70, 0x76, 0x61, 0x72, 0x5f, 0x31, 0x32, 0x29, 0x0a, 0x20, 0x20, 0x29, 0x29, //  tmpvar_12).  ))
	0x2c, 0x20, 0x28, 0x74, 0x6d, 0x70, 0x76, 0x61, 0x72, 0x5f, 0x31, 0x37, 0x20, 0x2a, 0x20, 0x75, // , (tmpvar_17 * u
	0x5f, 0x65, 0x6e, 0x76, 0x53, 0x70, 0x65, 0x63, 0x75, 0x6c, 0x61, 0x72, 0x2e, 0x79, 0x29, 0x29, // _envSpecular.y))
	0x2e, 0x78, 0x79, 0x7a, 0x20, 0x2a, 0x20, 0x75, 0x5f, 0x65, 0x6e, 0x76, 0x53, 0x70, 0x65, 0x63, // .xyz * u_envSpec
	0x75, 0x6c, 0x61, 0x72, 0x2e, 0x77, 0x29, 0x3b, 0x0a, 0x20, 0x20, 0x76, 0x65, 0x63, 0x32, 0x20, // ular.w);.  vec2
	0x74, 0x6d, 0x70, 0x76, 0x61, 0x72, 0x5f, 0x31, 0x30, 0x31, 0x3b, 0x0a, 0x20, 0x20, 0x76, 0x65, // tmpvar_101;.  ve
	0x63, 0x34, 0x20, 0x74, 0x6d, 0x70, 0x76, 0x61, 0x72, 0x5f, 0x31, 0x30, 0x32, 0x3b, 0x0a, 0x20, // c4 tmpvar_102;.
	0x20, 0x74, 0x6d, 0x70, 0x76, 0x61, 0x72, 0x5f, 0x31, 0x30, 0x32, 0x20, 0x3d, 0x20, 0x28, 0x28, //  tmpvar_102 = ((
	0x74, 0x6d, 0x70, 0x76, 0x61, 0x72, 0x5f, 0x31, 0x37, 0x20, 0x2a, 0x20, 0x76, 0x65, 0x63, 0x34, // tmpvar_17 * vec4
	0x28, 0x2d, 0x31, 0x2e, 0x30, 0x2c, 0x20, 0x2d, 0x30, 0x2e, 0x30, 0x32, 0x37, 0x35, 0x2c, 0x20, // (-1.0, -0.0275,
	0x2d, 0x30, 0x2e, 0x35, 0x37, 0x32, 0x2c, 0x20, 0x30, 0x2e, 0x30, 0x32, 0x32, 0x29, 0x29, 0x20, // -0.572, 0.022))
	0x2b, 0x20, 0x76, 0x65, 0x63, 0x34, 0x28, 0x31, 0x2e, 0x30, 0x2c, 0x20, 0x30, 0x2e, 0x30, 0x34, // + vec4(1.0, 0.04
	0x32, 0x35, 0x2c, 0x20, 0x31, 0x2e, 0x30, 0x34, 0x2c, 0x20, 0x2d, 0x30, 0x2e, 0x30, 0x34, 0x29, // 25, 1.04, -0.04)
	0x29, 0x3b, 0x0a, 0x20, 0x20, 0x74, 0x6d, 0x70, 0x76, 0x61, 0x72, 0x5f, 0x31, 0x30, 0x31, 0x20, // );.  tmpvar_101
	0x3d, 0x20, 0x28, 0x28, 0x76, 0x65, 0x63, 0x32, 0x28, 0x2d, 0x31, 0x2e, 0x30, 0x34, 0x2c, 0x20, // = ((vec2(-1.04,
	0x31, 0x2e, 0x30, 0x34, 0x29, 0x20, 0x2a, 0x20, 0x28, 0x0a, 0x20, 0x20, 0x20, 0x20, 0x28, 0x6d, // 1.04) * (.    (m
	0x69, 0x6e, 0x20, 0x28, 0x28, 0x74, 0x6d, 0x70, 0x76, 0x61, 0x72, 0x5f, 0x31, 0x30, 0x32, 0x2e, // in ((tmpvar_102.
	0x78, 0x20, 0x2a, 0x20, 0x74, 0x6d, 0x70, 0x76, 0x61, 0x72, 0x5f, 0x31, 0x30, 0x32, 0x2e, 0x78, // x * tmpvar_102.x
	0x29, 0x2c, 0x20, 0x65, 0x78, 0x70, 0x32, 0x28, 0x28, 0x2d, 0x39, 0x2e, 0x32, 0x38, 0x20, 0x2a, // ), exp2((-9.28 *
	0x20, 0x6e, 0x44, 0x6f, 0x74, 0x56, 0x5f, 0x37, 0x29, 0x29, 0x29, 0x20, 0x2a, 0x20, 0x74, 0x6d, //  nDotV_7))) * tm
	0x70, 0x76, 0x61, 0x72, 0x5f, 0x31, 0x30, 0x32, 0x2e, 0x78, 0x29, 0x0a, 0x20, 0x20, 0x20, 0x2b, // pvar_102.x).   +
	0x20, 0x74, 0x6d, 0x70, 0x76, 0x61, 0x72, 0x5f, 0x31, 0x30, 0x32, 0x2e, 0x79, 0x29, 0x29, 0x20, //  tmpvar_102.y))
	0x2b, 0x20, 0x74, 0x6d, 0x70, 0x76, 0x61, 0x72, 0x5f, 0x31, 0x30, 0x32, 0x2e, 0x7a, 0x77, 0x29, // + tmpvar_102.zw)
	0x3b, 0x0a, 0x20, 0x20, 0x76, 0x65, 0x63, 0x33, 0x20, 0x63, 0x6f, 0x6c, 0x6f, 0x72, 0x5f, 0x31, // ;.  vec3 color_1
	0x30, 0x33, 0x3b, 0x0a, 0x20, 0x20, 0x63, 0x6f, 0x6c, 0x6f, 0x72, 0x5f, 0x31, 0x30, 0x33, 0x20, // 03;.  color_103
	0x3d, 0x20, 0x28, 0x28, 0x28, 0x0a, 0x20, 0x20, 0x20, 0x20, 0x28, 0x28, 0x28, 0x28, 0x74, 0x6d, // = (((.    ((((tm
	0x70, 0x76, 0x61, 0x72, 0x5f, 0x39, 0x38, 0x20, 0x2a, 0x20, 0x74, 0x6d, 0x70, 0x76, 0x61, 0x72, // pvar_98 * tmpvar
	0x5f, 0x31, 0x31, 0x2e, 0x78, 0x79, 0x7a, 0x29, 0x20, 0x2a, 0x20, 0x28, 0x74, 0x65, 0x78, 0x74, // _11.xyz) * (text
	0x75, 0x72, 0x65, 0x20, 0x28, 0x73, 0x5f, 0x69, 0x72, 0x72, 0x61, 0x64, 0x69, 0x61, 0x6e, 0x63, // ure (s_irradianc
	0x65, 0x2c, 0x20, 0x74, 0x6d, 0x70, 0x76, 0x61, 0x72, 0x5f, 0x31, 0x32, 0x29, 0x2e, 0x78, 0x79, // e, tmpvar_12).xy
	0x7a, 0x20, 0x2a, 0x20, 0x75, 0x5f, 0x65, 0x6e, 0x76, 0x44, 0x69, 0x66, 0x66, 0x75, 0x73, 0x65, // z * u_envDiffuse
	0x2e, 0x77, 0x29, 0x29, 0x20, 0x2f, 0x20, 0x33, 0x2e, 0x31, 0x34, 0x31, 0x35, 0x39, 0x33, 0x29, // .w)) / 3.141593)
	0x20, 0x2b, 0x20, 0x6d, 0x69, 0x78, 0x20, 0x28, 0x28, 0x74, 0x6d, 0x70, 0x76, 0x61, 0x72, 0x5f, //  + mix ((tmpvar_
	0x31, 0x30, 0x30, 0x20, 0x2a, 0x20, 0x28, 0x0a, 0x20, 0x20, 0x20, 0x20, 0x20, 0x20, 0x28, 0x74, // 100 * (.      (t
	0x6d, 0x70, 0x76, 0x61, 0x72, 0x5f, 0x32, 0x30, 0x20, 0x2a, 0x20, 0x74, 0x6d, 0x70, 0x76, 0x61, // mpvar_20 * tmpva
	0x72, 0x5f, 0x31, 0x30, 0x31, 0x2e, 0x78, 0x29, 0x0a, 0x20, 0x20, 0x20, 0x20, 0x20, 0x2b, 0x20, // r_101.x).     +
	0x0a, 0x20, 0x20, 0x20, 0x20, 0x20, 0x20, 0x28, 0x76, 0x65, 0x63, 0x33, 0x28, 0x74, 0x6d, 0x70, // .      (vec3(tmp
	0x76, 0x61, 0x72, 0x5f, 0x31, 0x39, 0x29, 0x20, 0x2a, 0x20, 0x74, 0x6d, 0x70, 0x76, 0x61, 0x72, // var_19) * tmpvar
	0x5f, 0x31, 0x30, 0x31, 0x2e, 0x79, 0x29, 0x0a, 0x20, 0x20, 0x20, 0x20, 0x29, 0x29, 0x2c, 0x20, // _101.y).    )),
	0x28, 0x74, 0x6d, 0x70, 0x76, 0x61, 0x72, 0x5f, 0x31, 0x30, 0x30, 0x20, 0x2a, 0x20, 0x28, 0x0a, // (tmpvar_100 * (.
	0x20, 0x20, 0x20, 0x20, 0x20, 0x20, 0x28, 0x74, 0x6d, 0x70, 0x76, 0x61, 0x72, 0x5f, 0x31, 0x31, //       (tmpvar_11
	0x2e, 0x78, 0x79, 0x7a, 0x20, 0x2a, 0x20, 0x74, 0x6d, 0x70, 0x76, 0x61, 0x72, 0x5f, 0x31, 0x30, // .xyz * tmpvar_10
	0x31, 0x2e, 0x78, 0x29, 0x0a, 0x20, 0x20, 0x20, 0x20, 0x20, 0x2b, 0x20, 0x74, 0x6d, 0x70, 0x76, // 1.x).     + tmpv
	0x61, 0x72, 0x5f, 0x31, 0x30, 0x31, 0x2e, 0x79, 0x79, 0x79, 0x29, 0x29, 0x2c, 0x20, 0x74, 0x6d, // ar_101.yyy)), tm
	0x70, 0x76, 0x61, 0x72, 0x5f, 0x31, 0x36, 0x29, 0x29, 0x0a, 0x20, 0x20, 0x20, 0x2b, 0x20, 0x64, // pvar_16)).   + d
	0x69, 0x72, 0x65, 0x63, 0x74, 0x5f, 0x32, 0x29, 0x20, 0x2b, 0x20, 0x75, 0x5f, 0x65, 0x6d, 0x69, // irect_2) + u_emi
	0x73, 0x73, 0x69, 0x76, 0x65, 0x46, 0x61, 0x63, 0x74, 0x6f, 0x72, 0x2e, 0x78, 0x79, 0x7a, 0x29, // ssiveFactor.xyz)
	0x20, 0x2a, 0x20, 0x75, 0x5f, 0x70, 0x62, 0x72, 0x50, 0x61, 0x72, 0x61, 0x6d, 0x73, 0x2e, 0x78, //  * u_pbrParams.x
	0x29, 0x3b, 0x0a, 0x20, 0x20, 0x76, 0x65, 0x63, 0x33, 0x20, 0x74, 0x6d, 0x70, 0x76, 0x61, 0x72, // );.  vec3 tmpvar
	0x5f, 0x31, 0x30, 0x34, 0x3b, 0x0a, 0x20, 0x20, 0x66, 0x6c, 0x6f, 0x61, 0x74, 0x20, 0x74, 0x6d, // _104;.  float tm
	0x70, 0x76, 0x61, 0x72, 0x5f, 0x31, 0x30, 0x35, 0x3b, 0x0a, 0x20, 0x20, 0x74, 0x6d, 0x70, 0x76, // pvar_105;.  tmpv
	0x61, 0x72, 0x5f, 0x31, 0x30, 0x35, 0x20, 0x3d, 0x20, 0x6d, 0x69, 0x6e, 0x20, 0x28, 0x63, 0x6f, // ar_105 = min (co
	0x6c, 0x6f, 0x72, 0x5f, 0x31, 0x30, 0x33, 0x2e, 0x78, 0x2c, 0x20, 0x6d, 0x69, 0x6e, 0x20, 0x28, // lor_103.x, min (
	0x63, 0x6f, 0x6c, 0x6f, 0x72, 0x5f, 0x31, 0x30, 0x33, 0x2e, 0x79, 0x2c, 0x20, 0x63, 0x6f, 0x6c, // color_103.y, col
	0x6f, 0x72, 0x5f, 0x31, 0x30, 0x33, 0x2e, 0x7a, 0x29, 0x29, 0x3b, 0x0a, 0x20, 0x20, 0x66, 0x6c, // or_103.z));.  fl
	0x6f, 0x61, 0x74, 0x20, 0x74, 0x6d, 0x70, 0x76, 0x61, 0x72, 0x5f, 0x31, 0x30, 0x36, 0x3b, 0x0a, // oat tmpvar_106;.
	0x20, 0x20, 0x69, 0x66, 0x20, 0x28, 0x28, 0x74, 0x6d, 0x70, 0x76, 0x61, 0x72, 0x5f, 0x31, 0x30, //   if ((tmpvar_10
	0x35, 0x20, 0x3c, 0x20, 0x30, 0x2e, 0x30, 0x38, 0x29, 0x29, 0x20, 0x7b, 0x0a, 0x20, 0x20, 0x20, // 5 < 0.08)) {.
	0x20, 0x74, 0x6d, 0x70, 0x76, 0x61, 0x72, 0x5f, 0x31, 0x30, 0x36, 0x20, 0x3d, 0x20, 0x28, 0x74, //  tmpvar_106 = (t
	0x6d, 0x70, 0x76, 0x61, 0x72, 0x5f, 0x31, 0x30, 0x35, 0x20, 0x2d, 0x20, 0x28, 0x28, 0x36, 0x2e, // mpvar_105 - ((6.
	0x32, 0x35, 0x20, 0x2a, 0x20, 0x74, 0x6d, 0x70, 0x76, 0x61, 0x72, 0x5f, 0x31, 0x30, 0x35, 0x29, // 25 * tmpvar_105)
	0x20, 0x2a, 0x20, 0x74, 0x6d, 0x70, 0x76, 0x61, 0x72, 0x5f, 0x31, 0x30, 0x35, 0x29, 0x29, 0x3b, //  * tmpvar_105));
	0x0a, 0x20, 0x20, 0x7d, 0x20, 0x65, 0x6c, 0x73, 0x65, 0x20, 0x7b, 0x0a, 0x20, 0x20, 0x20, 0x20, // .  } else {.
	0x74, 0x6d, 0x70, 0x76, 0x61, 0x72, 0x5f, 0x31, 0x30, 0x36, 0x20, 0x3d, 0x20, 0x30, 0x2e, 0x30, // tmpvar_106 = 0.0
	0x34, 0x3b, 0x0a, 0x20, 0x20, 0x7d, 0x3b, 0x0a, 0x20, 0x20, 0x63, 0x6f, 0x6c, 0x6f, 0x72, 0x5f, // 4;.  };.  color_
	0x31, 0x30, 0x33, 0x20, 0x3d, 0x20, 0x28, 0x63, 0x6f, 0x6c, 0x6f, 0x72, 0x5f, 0x31, 0x30, 0x33, // 103 = (color_103
	0x20, 0x2d, 0x20, 0x74, 0x6d, 0x70, 0x76, 0x61, 0x72, 0x5f, 0x31, 0x30, 0x36, 0x29, 0x3b, 0x0a, //  - tmpvar_106);.
	0x20, 0x20, 0x66, 0x6c, 0x6f, 0x61, 0x74, 0x20, 0x74, 0x6d, 0x70, 0x76, 0x61, 0x72, 0x5f, 0x31, //   float tmpvar_1
	0x30, 0x37, 0x3b, 0x0a, 0x20, 0x20, 0x74, 0x6d, 0x70, 0x76, 0x61, 0x72, 0x5f, 0x31, 0x30, 0x37, // 07;.  tmpvar_107
	0x20, 0x3d, 0x20, 0x6d, 0x61, 0x78, 0x20, 0x28, 0x63, 0x6f, 0x6c, 0x6f, 0x72, 0x5f, 0x31, 0x30, //  = max (color_10
	0x33, 0x2e, 0x78, 0x2c, 0x20, 0x6d, 0x61, 0x78, 0x20, 0x28, 0x63, 0x6f, 0x6c, 0x6f, 0x72, 0x5f, // 3.x, max (color_
	0x31, 0x30, 0x33, 0x2e, 0x79, 0x2c, 0x20, 0x63, 0x6f, 0x6c, 0x6f, 0x72, 0x5f, 0x31, 0x30, 0x33, // 103.y, color_103
	0x2e, 0x7a, 0x29, 0x29, 0x3b, 0x0a, 0x20, 0x20, 0x69, 0x66, 0x20, 0x28, 0x28, 0x74, 0x6d, 0x70, // .z));.  if ((tmp
	0x76, 0x61, 0x72, 0x5f, 0x31, 0x30, 0x37, 0x20, 0x3c, 0x20, 0x30, 0x2e, 0x37, 0x36, 0x29, 0x29, // var_107 < 0.76))
	0x20, 0x7b, 0x0a, 0x20, 0x20, 0x20, 0x20, 0x74, 0x6d, 0x70, 0x76, 0x61, 0x72, 0x5f, 0x31, 0x30, //  {.    tmpvar_10
	0x34, 0x20, 0x3d, 0x20, 0x63, 0x6f, 0x6c, 0x6f, 0x72, 0x5f, 0x31, 0x30, 0x33, 0x3b, 0x0a, 0x20, // 4 = color_103;.
	0x20, 0x7d, 0x20, 0x65, 0x6c, 0x73, 0x65, 0x20, 0x7b, 0x0a, 0x20, 0x20, 0x20, 0x20, 0x66, 0x6c, //  } else {.    fl
	0x6f, 0x61, 0x74, 0x20, 0x74, 0x6d, 0x70, 0x76, 0x61, 0x72, 0x5f, 0x31, 0x30, 0x38, 0x3b, 0x0a, // oat tmpvar_108;.
	0x20, 0x20, 0x20, 0x20, 0x74, 0x6d, 0x70, 0x76, 0x61, 0x72, 0x5f, 0x31, 0x30, 0x38, 0x20, 0x3d, //     tmpvar_108 =
	0x20, 0x28, 0x31, 0x2e, 0x30, 0x20, 0x2d, 0x20, 0x28, 0x30, 0x2e, 0x30, 0x35, 0x37, 0x36, 0x20, //  (1.0 - (0.0576
	0x2f, 0x20, 0x28, 0x0a, 0x20, 0x20, 0x20, 0x20, 0x20, 0x20, 0x28, 0x74, 0x6d, 0x70, 0x76, 0x61, // / (.      (tmpva
	0x72, 0x5f, 0x31, 0x30, 0x37, 0x20, 0x2b, 0x20, 0x30, 0x2e, 0x32, 0x34, 0x29, 0x0a, 0x20, 0x20, // r_107 + 0.24).
	0x20, 0x20, 0x20, 0x2d, 0x20, 0x30, 0x2e, 0x37, 0x36, 0x29, 0x29, 0x29, 0x3b, 0x0a, 0x20, 0x20, //    - 0.76)));.
	0x20, 0x20, 0x63, 0x6f, 0x6c, 0x6f, 0x72, 0x5f, 0x31, 0x30, 0x33, 0x20, 0x3d, 0x20, 0x28, 0x63, //   color_103 = (c
	0x6f, 0x6c, 0x6f, 0x72, 0x5f, 0x31, 0x30, 0x33, 0x20, 0x2a, 0x20, 0x28, 0x74, 0x6d, 0x70, 0x76, // olor_103 * (tmpv
	0x61, 0x72, 0x5f, 0x31, 0x30, 0x38, 0x20, 0x2f, 0x20, 0x74, 0x6d, 0x70, 0x76, 0x61, 0x72, 0x5f, // ar_108 / tmpvar_
	0x31, 0x30, 0x37, 0x29, 0x29, 0x3b, 0x0a, 0x20, 0x20, 0x20, 0x20, 0x74, 0x6d, 0x70, 0x76, 0x61, // 107));.    tmpva
	0x72, 0x5f, 0x31, 0x30, 0x34, 0x20, 0x3d, 0x20, 0x6d, 0x69, 0x78, 0x20, 0x28, 0x63, 0x6f, 0x6c, // r_104 = mix (col
	0x6f, 0x72, 0x5f, 0x31, 0x30, 0x33, 0x2c, 0x20, 0x76, 0x65, 0x63, 0x33, 0x28, 0x74, 0x6d, 0x70, // or_103, vec3(tmp
	0x76, 0x61, 0x72, 0x5f, 0x31, 0x30, 0x38, 0x29, 0x2c, 0x20, 0x28, 0x31, 0x2e, 0x30, 0x20, 0x2d, // var_108), (1.0 -
	0x20, 0x28, 0x31, 0x2e, 0x30, 0x2f, 0x28, 0x0a, 0x20, 0x20, 0x20, 0x20, 0x20, 0x20, 0x28, 0x28, //  (1.0/(.      ((
	0x30, 0x2e, 0x31, 0x35, 0x20, 0x2a, 0x20, 0x28, 0x74, 0x6d, 0x70, 0x76, 0x61, 0x72, 0x5f, 0x31, // 0.15 * (tmpvar_1
	0x30, 0x37, 0x20, 0x2d, 0x20, 0x74, 0x6d, 0x70, 0x76, 0x61, 0x72, 0x5f, 0x31, 0x30, 0x38, 0x29, // 07 - tmpvar_108)
	0x29, 0x20, 0x2b, 0x20, 0x31, 0x2e, 0x30, 0x29, 0x0a, 0x20, 0x20, 0x20, 0x20, 0x29, 0x29, 0x29, // ) + 1.0).    )))
	0x29, 0x3b, 0x0a, 0x20, 0x20, 0x7d, 0x3b, 0x0a, 0x20, 0x20, 0x76, 0x65, 0x63, 0x34, 0x20, 0x74, // );.  };.  vec4 t
	0x6d, 0x70, 0x76, 0x61, 0x72, 0x5f, 0x31, 0x30, 0x39, 0x3b, 0x0a, 0x20, 0x20, 0x74, 0x6d, 0x70, // mpvar_109;.  tmp
	0x76, 0x61, 0x72, 0x5f, 0x31, 0x30, 0x39, 0x2e, 0x78, 0x79, 0x7a, 0x20, 0x3d, 0x20, 0x70, 0x6f, // var_109.xyz = po
	0x77, 0x20, 0x28, 0x6d, 0x61, 0x78, 0x20, 0x28, 0x74, 0x6d, 0x70, 0x76, 0x61, 0x72, 0x5f, 0x31, // w (max (tmpvar_1
	0x30, 0x34, 0x2c, 0x20, 0x76, 0x65, 0x63, 0x33, 0x28, 0x30, 0x2e, 0x30, 0x2c, 0x20, 0x30, 0x2e, // 04, vec3(0.0, 0.
	0x30, 0x2c, 0x20, 0x30, 0x2e, 0x30, 0x29, 0x29, 0x2c, 0x20, 0x76, 0x65, 0x63, 0x33, 0x28, 0x30, // 0, 0.0)), vec3(0
	0x2e, 0x34, 0x35, 0x34, 0x35, 0x34, 0x35, 0x34, 0x2c, 0x20, 0x30, 0x2e, 0x34, 0x35, 0x34, 0x35, // .4545454, 0.4545
	0x34, 0x35, 0x34, 0x2c, 0x20, 0x30, 0x2e, 0x34, 0x35, 0x34, 0x35, 0x34, 0x35, 0x34, 0x29, 0x29, // 454, 0.4545454))
	0x3b, 0x0a, 0x20, 0x20, 0x74, 0x6d, 0x70, 0x76, 0x61, 0x72, 0x5f, 0x31, 0x30, 0x39, 0x2e, 0x77, // ;.  tmpvar_109.w
	0x20, 0x3d, 0x20, 0x74, 0x6d, 0x70, 0x76, 0x61, 0x72, 0x5f, 0x31, 0x31, 0x2e, 0x77, 0x3b, 0x0a, //  = tmpvar_11.w;.
	0x20, 0x20, 0x67, 0x6c, 0x5f, 0x46, 0x72, 0x61, 0x67, 0x43, 0x6f, 0x6c, 0x6f, 0x72, 0x20, 0x3d, //   gl_FragColor =
	0x20, 0x74, 0x6d, 0x70, 0x76, 0x61, 0x72, 0x5f, 0x31, 0x30, 0x39, 0x3b, 0x0a, 0x7d, 0x0a, 0x0a, //  tmpvar_109;.}..
	0x00,                                                                                           // .
};
static const uint8_t fs_model3d_simple_spv[18355] =
{
	0x46, 0x53, 0x48, 0x0b, 0x24, 0x8e, 0x5c, 0xd3, 0x00, 0x00, 0x00, 0x00, 0x13, 0x00, 0x0e, 0x75, // FSH.$..........u
	0x5f, 0x73, 0x68, 0x61, 0x64, 0x6f, 0x77, 0x50, 0x61, 0x72, 0x61, 0x6d, 0x73, 0x12, 0x01, 0x20, // _shadowParams..
	0x01, 0x01, 0x00, 0x00, 0x00, 0x00, 0x00, 0x0b, 0x75, 0x5f, 0x62, 0x61, 0x73, 0x65, 0x43, 0x6f, // ........u_baseCo
	0x6c, 0x6f, 0x72, 0x12, 0x01, 0x30, 0x01, 0x01, 0x00, 0x00, 0x00, 0x00, 0x00, 0x0b, 0x75, 0x5f, // lor..0........u_
	0x61, 0x6c, 0x70, 0x68, 0x61, 0x4d, 0x6f, 0x64, 0x65, 0x12, 0x01, 0x60, 0x01, 0x01, 0x00, 0x00, // alphaMode..`....
	0x00, 0x00, 0x00, 0x09, 0x75, 0x5f, 0x76, 0x69, 0x65, 0x77, 0x50, 0x6f, 0x73, 0x12, 0x01, 0x00, // ....u_viewPos...
	0x00, 0x01, 0x00, 0x00, 0x00, 0x00, 0x00, 0x13, 0x75, 0x5f, 0x6d, 0x65, 0x74, 0x61, 0x6c, 0x6c, // ........u_metall
	0x69, 0x63, 0x52, 0x6f, 0x75, 0x67, 0x68, 0x6e, 0x65, 0x73, 0x73, 0x12, 0x01, 0x50, 0x01, 0x01, // icRoughness..P..
	0x00, 0x00, 0x00, 0x00, 0x00, 0x0d, 0x75, 0x5f, 0x6d, 0x61, 0x74, 0x65, 0x72, 0x69, 0x61, 0x6c, // ......u_material
	0x45, 0x78, 0x74, 0x12, 0x01, 0x70, 0x01, 0x01, 0x00, 0x00, 0x00, 0x00, 0x00, 0x0f, 0x75, 0x5f, // Ext..p........u_
	0x73, 0x70, 0x65, 0x63, 0x75, 0x6c, 0x61, 0x72, 0x43, 0x6f, 0x6c, 0x6f, 0x72, 0x12, 0x01, 0x80, // specularColor...
	0x01, 0x01, 0x00, 0x00, 0x00, 0x00, 0x00, 0x1b, 0x75, 0x5f, 0x64, 0x69, 0x72, 0x65, 0x63, 0x74, // ........u_direct
	0x69, 0x6f, 0x6e, 0x61, 0x6c, 0x4c, 0x69, 0x67, 0x68, 0x74, 0x44, 0x69, 0x72, 0x65, 0x63, 0x74, // ionalLightDirect
	0x69, 0x6f, 0x6e, 0x12, 0x01, 0x40, 0x00, 0x01, 0x00, 0x00, 0x00, 0x00, 0x00, 0x17, 0x75, 0x5f, // ion..@........u_
	0x64, 0x69, 0x72, 0x65, 0x63, 0x74, 0x69, 0x6f, 0x6e, 0x61, 0x6c, 0x4c, 0x69, 0x67, 0x68, 0x74, // directionalLight
	0x43, 0x6f, 0x6c, 0x6f, 0x72, 0x12, 0x01, 0x50, 0x00, 0x01, 0x00, 0x00, 0x00, 0x00, 0x00, 0x19, // Color..P........
	0x75, 0x5f, 0x70, 0x6f, 0x69, 0x6e, 0x74, 0x4c, 0x69, 0x67, 0x68, 0x74, 0x50, 0x6f, 0x73, 0x69, // u_pointLightPosi
	0x74, 0x69, 0x6f, 0x6e, 0x52, 0x61, 0x6e, 0x67, 0x65, 0x12, 0x04, 0x60, 0x00, 0x04, 0x00, 0x00, // tionRange..`....
	0x00, 0x00, 0x00, 0x1a, 0x75, 0x5f, 0x70, 0x6f, 0x69, 0x6e, 0x74, 0x4c, 0x69, 0x67, 0x68, 0x74, // ....u_pointLight
	0x43, 0x6f, 0x6c, 0x6f, 0x72, 0x49, 0x6e, 0x74, 0x65, 0x6e, 0x73, 0x69, 0x74, 0x79, 0x12, 0x04, // ColorIntensity..
	0xa0, 0x00, 0x04, 0x00, 0x00, 0x00, 0x00, 0x00, 0x11, 0x75, 0x5f, 0x6f, 0x76, 0x65, 0x72, 0x66, // .........u_overf
	0x6c, 0x6f, 0x77, 0x4c, 0x69, 0x67, 0x68, 0x74, 0x53, 0x48, 0x12, 0x04, 0xe0, 0x00, 0x04, 0x00, // lowLightSH......
	0x00, 0x00, 0x00, 0x00, 0x0c, 0x75, 0x5f, 0x65, 0x6e, 0x76, 0x44, 0x69, 0x66, 0x66, 0x75, 0x73, // .....u_envDiffus
	0x65, 0x12, 0x01, 0x10, 0x00, 0x01, 0x00, 0x00, 0x00, 0x00, 0x00, 0x0d, 0x75, 0x5f, 0x65, 0x6e, // e...........u_en
	0x76, 0x53, 0x70, 0x65, 0x63, 0x75, 0x6c, 0x61, 0x72, 0x12, 0x01, 0x20, 0x00, 0x01, 0x00, 0x00, // vSpecular.. ....
	0x00, 0x00, 0x00, 0x10, 0x75, 0x5f, 0x65, 0x6d, 0x69, 0x73, 0x73, 0x69, 0x76, 0x65, 0x46, 0x61, // ....u_emissiveFa
	0x63, 0x74, 0x6f, 0x72, 0x12, 0x01, 0x40, 0x01, 0x01, 0x00, 0x00, 0x00, 0x00, 0x00, 0x0b, 0x75, // ctor..@........u
	0x5f, 0x70, 0x62, 0x72, 0x50, 0x61, 0x72, 0x61, 0x6d, 0x73, 0x12, 0x01, 0x30, 0x00, 0x01, 0x00, // _pbrParams..0...
	0x00, 0x00, 0x00, 0x00, 0x0c, 0x73, 0x5f, 0x69, 0x72, 0x72, 0x61, 0x64, 0x69, 0x61, 0x6e, 0x63, // .....s_irradianc
	0x65, 0x30, 0x00, 0x0a, 0x00, 0x00, 0x00, 0x00, 0x04, 0x22, 0x00, 0x0b, 0x73, 0x5f, 0x70, 0x72, // e0......."..s_pr
	0x65, 0x66, 0x69, 0x6c, 0x74, 0x65, 0x72, 0x30, 0x00, 0x0b, 0x00, 0x00, 0x00, 0x00, 0x04, 0x22, // efilter0......."
	0x00, 0x0b, 0x73, 0x5f, 0x73, 0x68, 0x61, 0x64, 0x6f, 0x77, 0x4d, 0x61, 0x70, 0x30, 0x00, 0x0c, // ..s_shadowMap0..
	0x00, 0x00, 0x00, 0x00, 0x02, 0x22, 0x00, 0xa4, 0x45, 0x00, 0x00, 0x03, 0x02, 0x23, 0x07, 0x00, // ....."..E....#..
	0x00, 0x01, 0x00, 0x0b, 0x00, 0x08, 0x00, 0x1d, 0x0d, 0x00, 0x00, 0x00, 0x00, 0x00, 0x00, 0x11, // ................
	0x00, 0x02, 0x00, 0x01, 0x00, 0x00, 0x00, 0x0b, 0x00, 0x06, 0x00, 0x01, 0x00, 0x00, 0x00, 0x47, // ...............G
	0x4c, 0x53, 0x4c, 0x2e, 0x73, 0x74, 0x64, 0x2e, 0x34, 0x35, 0x30, 0x00, 0x00, 0x00, 0x00, 0x0e, // LSL.std.450.....
	0x00, 0x03, 0x00, 0x00, 0x00, 0x00, 0x00, 0x01, 0x00, 0x00, 0x00, 0x0f, 0x00, 0x0a, 0x00, 0x04, // ................
	0x00, 0x00, 0x00, 0x04, 0x00, 0x00, 0x00, 0x6d, 0x61, 0x69, 0x6e, 0x00, 0x00, 0x00, 0x00, 0x81, // .......main.....
	0x05, 0x00, 0x00, 0x84, 0x05, 0x00, 0x00, 0x8a, 0x05, 0x00, 0x00, 0x8d, 0x05, 0x00, 0x00, 0xa5, // ................
	0x05, 0x00, 0x00, 0x10, 0x00, 0x03, 0x00, 0x04, 0x00, 0x00, 0x00, 0x07, 0x00, 0x00, 0x00, 0x03, // ................
	0x00, 0x03, 0x00, 0x05, 0x00, 0x00, 0x00, 0xf4, 0x01, 0x00, 0x00, 0x05, 0x00, 0x04, 0x00, 0x04, // ................
	0x00, 0x00, 0x00, 0x6d, 0x61, 0x69, 0x6e, 0x00, 0x00, 0x00, 0x00, 0x05, 0x00, 0x07, 0x00, 0x86, // ...main.........
	0x00, 0x00, 0x00, 0x73, 0x5f, 0x69, 0x72, 0x72, 0x61, 0x64, 0x69, 0x61, 0x6e, 0x63, 0x65, 0x53, // ...s_irradianceS
	0x61, 0x6d, 0x70, 0x6c, 0x65, 0x72, 0x00, 0x05, 0x00, 0x07, 0x00, 0x89, 0x00, 0x00, 0x00, 0x73, // ampler.........s
	0x5f, 0x69, 0x72, 0x72, 0x61, 0x64, 0x69, 0x61, 0x6e, 0x63, 0x65, 0x54, 0x65, 0x78, 0x74, 0x75, // _irradianceTextu
	0x72, 0x65, 0x00, 0x05, 0x00, 0x07, 0x00, 0x8d, 0x00, 0x00, 0x00, 0x73, 0x5f, 0x70, 0x72, 0x65, // re.........s_pre
	0x66, 0x69, 0x6c, 0x74, 0x65, 0x72, 0x53, 0x61, 0x6d, 0x70, 0x6c, 0x65, 0x72, 0x00, 0x00, 0x05, // filterSampler...
	0x00, 0x07, 0x00, 0x8f, 0x00, 0x00, 0x00, 0x73, 0x5f, 0x70, 0x72, 0x65, 0x66, 0x69, 0x6c, 0x74, // .......s_prefilt
	0x65, 0x72, 0x54, 0x65, 0x78, 0x74, 0x75, 0x72, 0x65, 0x00, 0x00, 0x05, 0x00, 0x07, 0x00, 0x94, // erTexture.......
	0x00, 0x00, 0x00, 0x73, 0x5f, 0x73, 0x68, 0x61, 0x64, 0x6f, 0x77, 0x4d, 0x61, 0x70, 0x53, 0x61, // ...s_shadowMapSa
	0x6d, 0x70, 0x6c, 0x65, 0x72, 0x00, 0x00, 0x05, 0x00, 0x07, 0x00, 0x97, 0x00, 0x00, 0x00, 0x73, // mpler..........s
	0x5f, 0x73, 0x68, 0x61, 0x64, 0x6f, 0x77, 0x4d, 0x61, 0x70, 0x54, 0x65, 0x78, 0x74, 0x75, 0x72, // _shadowMapTextur
	0x65, 0x00, 0x00, 0x05, 0x00, 0x06, 0x00, 0x7f, 0x01, 0x00, 0x00, 0x55, 0x6e, 0x69, 0x66, 0x6f, // e..........Unifo
	0x72, 0x6d, 0x42, 0x6c, 0x6f, 0x63, 0x6b, 0x00, 0x00, 0x00, 0x00, 0x06, 0x00, 0x06, 0x00, 0x7f, // rmBlock.........
	0x01, 0x00, 0x00, 0x00, 0x00, 0x00, 0x00, 0x75, 0x5f, 0x76, 0x69, 0x65, 0x77, 0x50, 0x6f, 0x73, // .......u_viewPos
	0x00, 0x00, 0x00, 0x06, 0x00, 0x07, 0x00, 0x7f, 0x01, 0x00, 0x00, 0x01, 0x00, 0x00, 0x00, 0x75, // ...............u
	0x5f, 0x65, 0x6e, 0x76, 0x44, 0x69, 0x66, 0x66, 0x75, 0x73, 0x65, 0x00, 0x00, 0x00, 0x00, 0x06, // _envDiffuse.....
	0x00, 0x07, 0x00, 0x7f, 0x01, 0x00, 0x00, 0x02, 0x00, 0x00, 0x00, 0x75, 0x5f, 0x65, 0x6e, 0x76, // ...........u_env
	0x53, 0x70, 0x65, 0x63, 0x75, 0x6c, 0x61, 0x72, 0x00, 0x00, 0x00, 0x06, 0x00, 0x06, 0x00, 0x7f, // Specular........
	0x01, 0x00, 0x00, 0x03, 0x00, 0x00, 0x00, 0x75, 0x5f, 0x70, 0x62, 0x72, 0x50, 0x61, 0x72, 0x61, // .......u_pbrPara
	0x6d, 0x73, 0x00, 0x06, 0x00, 0x0a, 0x00, 0x7f, 0x01, 0x00, 0x00, 0x04, 0x00, 0x00, 0x00, 0x75, // ms.............u
	0x5f, 0x64, 0x69, 0x72, 0x65, 0x63, 0x74, 0x69, 0x6f, 0x6e, 0x61, 0x6c, 0x4c, 0x69, 0x67, 0x68, // _directionalLigh
	0x74, 0x44, 0x69, 0x72, 0x65, 0x63, 0x74, 0x69, 0x6f, 0x6e, 0x00, 0x06, 0x00, 0x09, 0x00, 0x7f, // tDirection......
	0x01, 0x00, 0x00, 0x05, 0x00, 0x00, 0x00, 0x75, 0x5f, 0x64, 0x69, 0x72, 0x65, 0x63, 0x74, 0x69, // .......u_directi
	0x6f, 0x6e, 0x61, 0x6c, 0x4c, 0x69, 0x67, 0x68, 0x74, 0x43, 0x6f, 0x6c, 0x6f, 0x72, 0x00, 0x06, // onalLightColor..
	0x00, 0x0a, 0x00, 0x7f, 0x01, 0x00, 0x00, 0x06, 0x00, 0x00, 0x00, 0x75, 0x5f, 0x70, 0x6f, 0x69, // ...........u_poi
	0x6e, 0x74, 0x4c, 0x69, 0x67, 0x68, 0x74, 0x50, 0x6f, 0x73, 0x69, 0x74, 0x69, 0x6f, 0x6e, 0x52, // ntLightPositionR
	0x61, 0x6e, 0x67, 0x65, 0x00, 0x00, 0x00, 0x06, 0x00, 0x0a, 0x00, 0x7f, 0x01, 0x00, 0x00, 0x07, // ange............
	0x00, 0x00, 0x00, 0x75, 0x5f, 0x70, 0x6f, 0x69, 0x6e, 0x74, 0x4c, 0x69, 0x67, 0x68, 0x74, 0x43, // ...u_pointLightC
	0x6f, 0x6c, 0x6f, 0x72, 0x49, 0x6e, 0x74, 0x65, 0x6e, 0x73, 0x69, 0x74, 0x79, 0x00, 0x00, 0x06, // olorIntensity...
	0x00, 0x08, 0x00, 0x7f, 0x01, 0x00, 0x00, 0x08, 0x00, 0x00, 0x00, 0x75, 0x5f, 0x6f, 0x76, 0x65, // ...........u_ove
	0x72, 0x66, 0x6c, 0x6f, 0x77, 0x4c, 0x69, 0x67, 0x68, 0x74, 0x53, 0x48, 0x00, 0x00, 0x00, 0x06, // rflowLightSH....
	0x00, 0x07, 0x00, 0x7f, 0x01, 0x00, 0x00, 0x09, 0x00, 0x00, 0x00, 0x75, 0x5f, 0x73, 0x68, 0x61, // ...........u_sha
	0x64, 0x6f, 0x77, 0x50, 0x61, 0x72, 0x61, 0x6d, 0x73, 0x00, 0x00, 0x06, 0x00, 0x06, 0x00, 0x7f, // dowParams.......
	0x01, 0x00, 0x00, 0x0a, 0x00, 0x00, 0x00, 0x75, 0x5f, 0x62, 0x61, 0x73, 0x65, 0x43, 0x6f, 0x6c, // .......u_baseCol
	0x6f, 0x72, 0x00, 0x06, 0x00, 0x08, 0x00, 0x7f, 0x01, 0x00, 0x00, 0x0b, 0x00, 0x00, 0x00, 0x75, // or.............u
	0x5f, 0x65, 0x6d, 0x69, 0x73, 0x73, 0x69, 0x76, 0x65, 0x46, 0x61, 0x63, 0x74, 0x6f, 0x72, 0x00, // _emissiveFactor.
	0x00, 0x00, 0x00, 0x06, 0x00, 0x08, 0x00, 0x7f, 0x01, 0x00, 0x00, 0x0c, 0x00, 0x00, 0x00, 0x75, // ...............u
	0x5f, 0x6d, 0x65, 0x74, 0x61, 0x6c, 0x6c, 0x69, 0x63, 0x52, 0x6f, 0x75, 0x67, 0x68, 0x6e, 0x65, // _metallicRoughne
	0x73, 0x73, 0x00, 0x06, 0x00, 0x06, 0x00, 0x7f, 0x01, 0x00, 0x00, 0x0d, 0x00, 0x00, 0x00, 0x75, // ss.............u
	0x5f, 0x61, 0x6c, 0x70, 0x68, 0x61, 0x4d, 0x6f, 0x64, 0x65, 0x00, 0x06, 0x00, 0x07, 0x00, 0x7f, // _alphaMode......
	0x01, 0x00, 0x00, 0x0e, 0x00, 0x00, 0x00, 0x75, 0x5f, 0x6d, 0x61, 0x74, 0x65, 0x72, 0x69, 0x61, // .......u_materia
	0x6c, 0x45, 0x78, 0x74, 0x00, 0x00, 0x00, 0x06, 0x00, 0x07, 0x00, 0x7f, 0x01, 0x00, 0x00, 0x0f, // lExt............
	0x00, 0x00, 0x00, 0x75, 0x5f, 0x73, 0x70, 0x65, 0x63, 0x75, 0x6c, 0x61, 0x72, 0x43, 0x6f, 0x6c, // ...u_specularCol
	0x6f, 0x72, 0x00, 0x05, 0x00, 0x03, 0x00, 0x81, 0x01, 0x00, 0x00, 0x00, 0x00, 0x00, 0x00, 0x05, // or..............
	0x00, 0x05, 0x00, 0x81, 0x05, 0x00, 0x00, 0x76, 0x5f, 0x63, 0x6f, 0x6c, 0x6f, 0x72, 0x30, 0x00, // .......v_color0.
	0x00, 0x00, 0x00, 0x05, 0x00, 0x06, 0x00, 0x84, 0x05, 0x00, 0x00, 0x76, 0x5f, 0x73, 0x68, 0x61, // ...........v_sha
	0x64, 0x6f, 0x77, 0x43, 0x6f, 0x6f, 0x72, 0x64, 0x00, 0x00, 0x00, 0x05, 0x00, 0x06, 0x00, 0x8a, // dowCoord........
	0x05, 0x00, 0x00, 0x76, 0x5f, 0x77, 0x6f, 0x72, 0x6c, 0x64, 0x4e, 0x6f, 0x72, 0x6d, 0x61, 0x6c, // ...v_worldNormal
	0x00, 0x00, 0x00, 0x05, 0x00, 0x05, 0x00, 0x8d, 0x05, 0x00, 0x00, 0x76, 0x5f, 0x77, 0x6f, 0x72, // ...........v_wor
	0x6c, 0x64, 0x50, 0x6f, 0x73, 0x00, 0x00, 0x05, 0x00, 0x06, 0x00, 0xa5, 0x05, 0x00, 0x00, 0x62, // ldPos..........b
	0x67, 0x66, 0x78, 0x5f, 0x46, 0x72, 0x61, 0x67, 0x44, 0x61, 0x74, 0x61, 0x30, 0x00, 0x00, 0x47, // gfx_FragData0..G
	0x00, 0x04, 0x00, 0x86, 0x00, 0x00, 0x00, 0x21, 0x00, 0x00, 0x00, 0x1a, 0x00, 0x00, 0x00, 0x47, // .......!.......G
	0x00, 0x04, 0x00, 0x86, 0x00, 0x00, 0x00, 0x22, 0x00, 0x00, 0x00, 0x00, 0x00, 0x00, 0x00, 0x47, // .......".......G
	0x00, 0x04, 0x00, 0x89, 0x00, 0x00, 0x00, 0x21, 0x00, 0x00, 0x00, 0x0a, 0x00, 0x00, 0x00, 0x47, // .......!.......G
	0x00, 0x04, 0x00, 0x89, 0x00, 0x00, 0x00, 0x22, 0x00, 0x00, 0x00, 0x00, 0x00, 0x00, 0x00, 0x47, // .......".......G
	0x00, 0x04, 0x00, 0x8d, 0x00, 0x00, 0x00, 0x21, 0x00, 0x00, 0x00, 0x1b, 0x00, 0x00, 0x00, 0x47, // .......!.......G
	0x00, 0x04, 0x00, 0x8d, 0x00, 0x00, 0x00, 0x22, 0x00, 0x00, 0x00, 0x00, 0x00, 0x00, 0x00, 0x47, // .......".......G
	0x00, 0x04, 0x00, 0x8f, 0x00, 0x00, 0x00, 0x21, 0x00, 0x00, 0x00, 0x0b, 0x00, 0x00, 0x00, 0x47, // .......!.......G
	0x00, 0x04, 0x00, 0x8f, 0x00, 0x00, 0x00, 0x22, 0x00, 0x00, 0x00, 0x00, 0x00, 0x00, 0x00, 0x47, // .......".......G
	0x00, 0x04, 0x00, 0x94, 0x00, 0x00, 0x00, 0x21, 0x00, 0x00, 0x00, 0x1c, 0x00, 0x00, 0x00, 0x47, // .......!.......G
	0x00, 0x04, 0x00, 0x94, 0x00, 0x00, 0x00, 0x22, 0x00, 0x00, 0x00, 0x00, 0x00, 0x00, 0x00, 0x47, // .......".......G
	0x00, 0x04, 0x00, 0x97, 0x00, 0x00, 0x00, 0x21, 0x00, 0x00, 0x00, 0x0c, 0x00, 0x00, 0x00, 0x47, // .......!.......G
	0x00, 0x04, 0x00, 0x97, 0x00, 0x00, 0x00, 0x22, 0x00, 0x00, 0x00, 0x00, 0x00, 0x00, 0x00, 0x47, // .......".......G
	0x00, 0x04, 0x00, 0x7c, 0x01, 0x00, 0x00, 0x06, 0x00, 0x00, 0x00, 0x10, 0x00, 0x00, 0x00, 0x47, // ...|...........G
	0x00, 0x04, 0x00, 0x7d, 0x01, 0x00, 0x00, 0x06, 0x00, 0x00, 0x00, 0x10, 0x00, 0x00, 0x00, 0x47, // ...}...........G
	0x00, 0x04, 0x00, 0x7e, 0x01, 0x00, 0x00, 0x06, 0x00, 0x00, 0x00, 0x10, 0x00, 0x00, 0x00, 0x47, // ...~...........G
	0x00, 0x03, 0x00, 0x7f, 0x01, 0x00, 0x00, 0x02, 0x00, 0x00, 0x00, 0x48, 0x00, 0x05, 0x00, 0x7f, // ...........H....
	0x01, 0x00, 0x00, 0x00, 0x00, 0x00, 0x00, 0x23, 0x00, 0x00, 0x00, 0x00, 0x00, 0x00, 0x00, 0x48, // .......#.......H
	0x00, 0x05, 0x00, 0x7f, 0x01, 0x00, 0x00, 0x01, 0x00, 0x00, 0x00, 0x23, 0x00, 0x00, 0x00, 0x10, // ...........#....
	0x00, 0x00, 0x00, 0x48, 0x00, 0x05, 0x00, 0x7f, 0x01, 0x00, 0x00, 0x02, 0x00, 0x00, 0x00, 0x23, // ...H...........#
	0x00, 0x00, 0x00, 0x20, 0x00, 0x00, 0x00, 0x48, 0x00, 0x05, 0x00, 0x7f, 0x01, 0x00, 0x00, 0x03, // ... ...H........
	0x00, 0x00, 0x00, 0x23, 0x00, 0x00, 0x00, 0x30, 0x00, 0x00, 0x00, 0x48, 0x00, 0x05, 0x00, 0x7f, // ...#...0...H....
	0x01, 0x00, 0x00, 0x04, 0x00, 0x00, 0x00, 0x23, 0x00, 0x00, 0x00, 0x40, 0x00, 0x00, 0x00, 0x48, // .......#...@...H
	0x00, 0x05, 0x00, 0x7f, 0x01, 0x00, 0x00, 0x05, 0x00, 0x00, 0x00, 0x23, 0x00, 0x00, 0x00, 0x50, // ...........#...P
	0x00, 0x00, 0x00, 0x48, 0x00, 0x05, 0x00, 0x7f, 0x01, 0x00, 0x00, 0x06, 0x00, 0x00, 0x00, 0x23, // ...H...........#
	0x00, 0x00, 0x00, 0x60, 0x00, 0x00, 0x00, 0x48, 0x00, 0x05, 0x00, 0x7f, 0x01, 0x00, 0x00, 0x07, // ...`...H........
	0x00, 0x00, 0x00, 0x23, 0x00, 0x00, 0x00, 0xa0, 0x00, 0x00, 0x00, 0x48, 0x00, 0x05, 0x00, 0x7f, // ...#.......H....
	0x01, 0x00, 0x00, 0x08, 0x00, 0x00, 0x00, 0x23, 0x00, 0x00, 0x00, 0xe0, 0x00, 0x00, 0x00, 0x48, // .......#.......H
	0x00, 0x05, 0x00, 0x7f, 0x01, 0x00, 0x00, 0x09, 0x00, 0x00, 0x00, 0x23, 0x00, 0x00, 0x00, 0x20, // ...........#...
	0x01, 0x00, 0x00, 0x48, 0x00, 0x05, 0x00, 0x7f, 0x01, 0x00, 0x00, 0x0a, 0x00, 0x00, 0x00, 0x23, // ...H...........#
	0x00, 0x00, 0x00, 0x30, 0x01, 0x00, 0x00, 0x48, 0x00, 0x05, 0x00, 0x7f, 0x01, 0x00, 0x00, 0x0b, // ...0...H........
	0x00, 0x00, 0x00, 0x23, 0x00, 0x00, 0x00, 0x40, 0x01, 0x00, 0x00, 0x48, 0x00, 0x05, 0x00, 0x7f, // ...#...@...H....
	0x01, 0x00, 0x00, 0x0c, 0x00, 0x00, 0x00, 0x23, 0x00, 0x00, 0x00, 0x50, 0x01, 0x00, 0x00, 0x48, // .......#...P...H
	0x00, 0x05, 0x00, 0x7f, 0x01, 0x00, 0x00, 0x0d, 0x00, 0x00, 0x00, 0x23, 0x00, 0x00, 0x00, 0x60, // ...........#...`
	0x01, 0x00, 0x00, 0x48, 0x00, 0x05, 0x00, 0x7f, 0x01, 0x00, 0x00, 0x0e, 0x00, 0x00, 0x00, 0x23, // ...H...........#
	0x00, 0x00, 0x00, 0x70, 0x01, 0x00, 0x00, 0x48, 0x00, 0x05, 0x00, 0x7f, 0x01, 0x00, 0x00, 0x0f, // ...p...H........
	0x00, 0x00, 0x00, 0x23, 0x00, 0x00, 0x00, 0x80, 0x01, 0x00, 0x00, 0x47, 0x00, 0x04, 0x00, 0x81, // ...#.......G....
	0x01, 0x00, 0x00, 0x21, 0x00, 0x00, 0x00, 0x01, 0x00, 0x00, 0x00, 0x47, 0x00, 0x04, 0x00, 0x81, // ...!.......G....
	0x01, 0x00, 0x00, 0x22, 0x00, 0x00, 0x00, 0x00, 0x00, 0x00, 0x00, 0x47, 0x00, 0x04, 0x00, 0x81, // ...".......G....
	0x05, 0x00, 0x00, 0x1e, 0x00, 0x00, 0x00, 0x00, 0x00, 0x00, 0x00, 0x47, 0x00, 0x04, 0x00, 0x84, // ...........G....
	0x05, 0x00, 0x00, 0x1e, 0x00, 0x00, 0x00, 0x01, 0x00, 0x00, 0x00, 0x47, 0x00, 0x04, 0x00, 0x8a, // ...........G....
	0x05, 0x00, 0x00, 0x1e, 0x00, 0x00, 0x00, 0x03, 0x00, 0x00, 0x00, 0x47, 0x00, 0x04, 0x00, 0x8d, // ...........G....
	0x05, 0x00, 0x00, 0x1e, 0x00, 0x00, 0x00, 0x04, 0x00, 0x00, 0x00, 0x47, 0x00, 0x04, 0x00, 0xa5, // ...........G....
	0x05, 0x00, 0x00, 0x1e, 0x00, 0x00, 0x00, 0x00, 0x00, 0x00, 0x00, 0x13, 0x00, 0x02, 0x00, 0x02, // ................
	0x00, 0x00, 0x00, 0x21, 0x00, 0x03, 0x00, 0x03, 0x00, 0x00, 0x00, 0x02, 0x00, 0x00, 0x00, 0x1a, // ...!............
	0x00, 0x02, 0x00, 0x06, 0x00, 0x00, 0x00, 0x16, 0x00, 0x03, 0x00, 0x07, 0x00, 0x00, 0x00, 0x20, // ...............
	0x00, 0x00, 0x00, 0x19, 0x00, 0x09, 0x00, 0x08, 0x00, 0x00, 0x00, 0x07, 0x00, 0x00, 0x00, 0x01, // ................
	0x00, 0x00, 0x00, 0x00, 0x00, 0x00, 0x00, 0x00, 0x00, 0x00, 0x00, 0x00, 0x00, 0x00, 0x00, 0x01, // ................
	0x00, 0x00, 0x00, 0x00, 0x00, 0x00, 0x00, 0x17, 0x00, 0x04, 0x00, 0x0b, 0x00, 0x00, 0x00, 0x07, // ................
	0x00, 0x00, 0x00, 0x02, 0x00, 0x00, 0x00, 0x17, 0x00, 0x04, 0x00, 0x0d, 0x00, 0x00, 0x00, 0x07, // ................
	0x00, 0x00, 0x00, 0x04, 0x00, 0x00, 0x00, 0x19, 0x00, 0x09, 0x00, 0x13, 0x00, 0x00, 0x00, 0x07, // ................
	0x00, 0x00, 0x00, 0x03, 0x00, 0x00, 0x00, 0x00, 0x00, 0x00, 0x00, 0x00, 0x00, 0x00, 0x00, 0x00, // ................
	0x00, 0x00, 0x00, 0x01, 0x00, 0x00, 0x00, 0x00, 0x00, 0x00, 0x00, 0x17, 0x00, 0x04, 0x00, 0x16, // ................
	0x00, 0x00, 0x00, 0x07, 0x00, 0x00, 0x00, 0x03, 0x00, 0x00, 0x00, 0x20, 0x00, 0x04, 0x00, 0x85, // ........... ....
	0x00, 0x00, 0x00, 0x00, 0x00, 0x00, 0x00, 0x06, 0x00, 0x00, 0x00, 0x3b, 0x00, 0x04, 0x00, 0x85, // ...........;....
	0x00, 0x00, 0x00, 0x86, 0x00, 0x00, 0x00, 0x00, 0x00, 0x00, 0x00, 0x20, 0x00, 0x04, 0x00, 0x88, // ........... ....
	0x00, 0x00, 0x00, 0x00, 0x00, 0x00, 0x00, 0x13, 0x00, 0x00, 0x00, 0x3b, 0x00, 0x04, 0x00, 0x88, // ...........;....
	0x00, 0x00, 0x00, 0x89, 0x00, 0x00, 0x00, 0x00, 0x00, 0x00, 0x00, 0x3b, 0x00, 0x04, 0x00, 0x85, // ...........;....
	0x00, 0x00, 0x00, 0x8d, 0x00, 0x00, 0x00, 0x00, 0x00, 0x00, 0x00, 0x3b, 0x00, 0x04, 0x00, 0x88, // ...........;....
	0x00, 0x00, 0x00, 0x8f, 0x00, 0x00, 0x00, 0x00, 0x00, 0x00, 0x00, 0x3b, 0x00, 0x04, 0x00, 0x85, // ...........;....
	0x00, 0x00, 0x00, 0x94, 0x00, 0x00, 0x00, 0x00, 0x00, 0x00, 0x00, 0x20, 0x00, 0x04, 0x00, 0x96, // ........... ....
	0x00, 0x00, 0x00, 0x00, 0x00, 0x00, 0x00, 0x08, 0x00, 0x00, 0x00, 0x3b, 0x00, 0x04, 0x00, 0x96, // ...........;....
	0x00, 0x00, 0x00, 0x97, 0x00, 0x00, 0x00, 0x00, 0x00, 0x00, 0x00, 0x15, 0x00, 0x04, 0x00, 0x9a, // ................
	0x00, 0x00, 0x00, 0x20, 0x00, 0x00, 0x00, 0x01, 0x00, 0x00, 0x00, 0x2b, 0x00, 0x04, 0x00, 0x9a, // ... .......+....
	0x00, 0x00, 0x00, 0x9b, 0x00, 0x00, 0x00, 0x01, 0x00, 0x00, 0x00, 0x2b, 0x00, 0x04, 0x00, 0x9a, // ...........+....
	0x00, 0x00, 0x00, 0x9f, 0x00, 0x00, 0x00, 0x00, 0x00, 0x00, 0x00, 0x1b, 0x00, 0x03, 0x00, 0xa3, // ................
	0x00, 0x00, 0x00, 0x08, 0x00, 0x00, 0x00, 0x1b, 0x00, 0x03, 0x00, 0xae, 0x00, 0x00, 0x00, 0x13, // ................
	0x00, 0x00, 0x00, 0x2b, 0x00, 0x04, 0x00, 0x07, 0x00, 0x00, 0x00, 0xd1, 0x00, 0x00, 0x00, 0x00, // ...+............
	0x00, 0x00, 0x00, 0x2b, 0x00, 0x04, 0x00, 0x07, 0x00, 0x00, 0x00, 0xd2, 0x00, 0x00, 0x00, 0x00, // ...+............
	0x00, 0x80, 0x3f, 0x2b, 0x00, 0x04, 0x00, 0x07, 0x00, 0x00, 0x00, 0xda, 0x00, 0x00, 0x00, 0x2f, // ..?+.........../
	0xba, 0xe8, 0x3e, 0x14, 0x00, 0x02, 0x00, 0xe6, 0x00, 0x00, 0x00, 0x2b, 0x00, 0x04, 0x00, 0x07, // ..>........+....
	0x00, 0x00, 0x00, 0xe9, 0x00, 0x00, 0x00, 0xbd, 0x37, 0x86, 0x35, 0x15, 0x00, 0x04, 0x00, 0xf6, // ........7.5.....
	0x00, 0x00, 0x00, 0x20, 0x00, 0x00, 0x00, 0x00, 0x00, 0x00, 0x00, 0x2b, 0x00, 0x04, 0x00, 0xf6, // ... .......+....
	0x00, 0x00, 0x00, 0xf7, 0x00, 0x00, 0x00, 0x00, 0x00, 0x00, 0x00, 0x2b, 0x00, 0x04, 0x00, 0xf6, // ...........+....
	0x00, 0x00, 0x00, 0xfa, 0x00, 0x00, 0x00, 0x01, 0x00, 0x00, 0x00, 0x2b, 0x00, 0x04, 0x00, 0xf6, // ...........+....
	0x00, 0x00, 0x00, 0xfd, 0x00, 0x00, 0x00, 0x02, 0x00, 0x00, 0x00, 0x2b, 0x00, 0x04, 0x00, 0x07, // ...........+....
	0x00, 0x00, 0x00, 0x15, 0x01, 0x00, 0x00, 0xdb, 0x0f, 0x49, 0x40, 0x2b, 0x00, 0x04, 0x00, 0x07, // .........I@+....
	0x00, 0x00, 0x00, 0x38, 0x01, 0x00, 0x00, 0x00, 0x00, 0xa0, 0x40, 0x2b, 0x00, 0x04, 0x00, 0x07, // ...8......@+....
	0x00, 0x00, 0x00, 0x51, 0x01, 0x00, 0x00, 0x00, 0x00, 0x80, 0xbf, 0x2b, 0x00, 0x04, 0x00, 0x07, // ...Q.......+....
	0x00, 0x00, 0x00, 0x52, 0x01, 0x00, 0x00, 0xae, 0x47, 0xe1, 0xbc, 0x2b, 0x00, 0x04, 0x00, 0x07, // ...R....G..+....
	0x00, 0x00, 0x00, 0x53, 0x01, 0x00, 0x00, 0x98, 0x6e, 0x12, 0xbf, 0x2b, 0x00, 0x04, 0x00, 0x07, // ...S....n..+....
	0x00, 0x00, 0x00, 0x54, 0x01, 0x00, 0x00, 0x58, 0x39, 0xb4, 0x3c, 0x2c, 0x00, 0x07, 0x00, 0x0d, // ...T...X9.<,....
	0x00, 0x00, 0x00, 0x55, 0x01, 0x00, 0x00, 0x51, 0x01, 0x00, 0x00, 0x52, 0x01, 0x00, 0x00, 0x53, // ...U...Q...R...S
	0x01, 0x00, 0x00, 0x54, 0x01, 0x00, 0x00, 0x2b, 0x00, 0x04, 0x00, 0x07, 0x00, 0x00, 0x00, 0x57, // ...T...+.......W
	0x01, 0x00, 0x00, 0x7b, 0x14, 0x2e, 0x3d, 0x2b, 0x00, 0x04, 0x00, 0x07, 0x00, 0x00, 0x00, 0x58, // ...{..=+.......X
	0x01, 0x00, 0x00, 0xb8, 0x1e, 0x85, 0x3f, 0x2b, 0x00, 0x04, 0x00, 0x07, 0x00, 0x00, 0x00, 0x59, // ......?+.......Y
	0x01, 0x00, 0x00, 0x0a, 0xd7, 0x23, 0xbd, 0x2c, 0x00, 0x07, 0x00, 0x0d, 0x00, 0x00, 0x00, 0x5a, // .....#.,.......Z
	0x01, 0x00, 0x00, 0xd2, 0x00, 0x00, 0x00, 0x57, 0x01, 0x00, 0x00, 0x58, 0x01, 0x00, 0x00, 0x59, // .......W...X...Y
	0x01, 0x00, 0x00, 0x2b, 0x00, 0x04, 0x00, 0x07, 0x00, 0x00, 0x00, 0x67, 0x01, 0x00, 0x00, 0xe1, // ...+.......g....
	0x7a, 0x14, 0xc1, 0x2b, 0x00, 0x04, 0x00, 0x07, 0x00, 0x00, 0x00, 0x72, 0x01, 0x00, 0x00, 0xb8, // z..+.......r....
	0x1e, 0x85, 0xbf, 0x2c, 0x00, 0x05, 0x00, 0x0b, 0x00, 0x00, 0x00, 0x73, 0x01, 0x00, 0x00, 0x72, // ...,.......s...r
	0x01, 0x00, 0x00, 0x58, 0x01, 0x00, 0x00, 0x2b, 0x00, 0x04, 0x00, 0xf6, 0x00, 0x00, 0x00, 0x7b, // ...X...+.......{
	0x01, 0x00, 0x00, 0x04, 0x00, 0x00, 0x00, 0x1c, 0x00, 0x04, 0x00, 0x7c, 0x01, 0x00, 0x00, 0x0d, // ...........|....
	0x00, 0x00, 0x00, 0x7b, 0x01, 0x00, 0x00, 0x1c, 0x00, 0x04, 0x00, 0x7d, 0x01, 0x00, 0x00, 0x0d, // ...{.......}....
	0x00, 0x00, 0x00, 0x7b, 0x01, 0x00, 0x00, 0x1c, 0x00, 0x04, 0x00, 0x7e, 0x01, 0x00, 0x00, 0x0d, // ...{.......~....
	0x00, 0x00, 0x00, 0x7b, 0x01, 0x00, 0x00, 0x1e, 0x00, 0x12, 0x00, 0x7f, 0x01, 0x00, 0x00, 0x0d, // ...{............
	0x00, 0x00, 0x00, 0x0d, 0x00, 0x00, 0x00, 0x0d, 0x00, 0x00, 0x00, 0x0d, 0x00, 0x00, 0x00, 0x0d, // ................
	0x00, 0x00, 0x00, 0x0d, 0x00, 0x00, 0x00, 0x7c, 0x01, 0x00, 0x00, 0x7d, 0x01, 0x00, 0x00, 0x7e, // .......|...}...~
	0x01, 0x00, 0x00, 0x0d, 0x00, 0x00, 0x00, 0x0d, 0x00, 0x00, 0x00, 0x0d, 0x00, 0x00, 0x00, 0x0d, // ................
	0x00, 0x00, 0x00, 0x0d, 0x00, 0x00, 0x00, 0x0d, 0x00, 0x00, 0x00, 0x0d, 0x00, 0x00, 0x00, 0x20, // ...............
	0x00, 0x04, 0x00, 0x80, 0x01, 0x00, 0x00, 0x02, 0x00, 0x00, 0x00, 0x7f, 0x01, 0x00, 0x00, 0x3b, // ...............;
	0x00, 0x04, 0x00, 0x80, 0x01, 0x00, 0x00, 0x81, 0x01, 0x00, 0x00, 0x02, 0x00, 0x00, 0x00, 0x2b, // ...............+
	0x00, 0x04, 0x00, 0x9a, 0x00, 0x00, 0x00, 0x82, 0x01, 0x00, 0x00, 0x09, 0x00, 0x00, 0x00, 0x2b, // ...............+
	0x00, 0x04, 0x00, 0xf6, 0x00, 0x00, 0x00, 0x83, 0x01, 0x00, 0x00, 0x03, 0x00, 0x00, 0x00, 0x20, // ...............
	0x00, 0x04, 0x00, 0x84, 0x01, 0x00, 0x00, 0x02, 0x00, 0x00, 0x00, 0x07, 0x00, 0x00, 0x00, 0x2b, // ...............+
	0x00, 0x04, 0x00, 0x07, 0x00, 0x00, 0x00, 0x87, 0x01, 0x00, 0x00, 0x00, 0x00, 0x00, 0x3f, 0x2b, // ..............?+
	0x00, 0x04, 0x00, 0x07, 0x00, 0x00, 0x00, 0xc9, 0x01, 0x00, 0x00, 0x00, 0x00, 0xc0, 0xbf, 0x2c, // ...............,
	0x00, 0x05, 0x00, 0x0b, 0x00, 0x00, 0x00, 0xca, 0x01, 0x00, 0x00, 0xc9, 0x01, 0x00, 0x00, 0xc9, // ................
	0x01, 0x00, 0x00, 0x2b, 0x00, 0x04, 0x00, 0x07, 0x00, 0x00, 0x00, 0xd4, 0x01, 0x00, 0x00, 0x00, // ...+............
	0x00, 0x80, 0x33, 0x2b, 0x00, 0x04, 0x00, 0x07, 0x00, 0x00, 0x00, 0xd5, 0x01, 0x00, 0x00, 0x00, // ..3+............
	0x00, 0x80, 0x37, 0x2b, 0x00, 0x04, 0x00, 0x07, 0x00, 0x00, 0x00, 0xd6, 0x01, 0x00, 0x00, 0x00, // ..7+............
	0x00, 0x80, 0x3b, 0x2c, 0x00, 0x07, 0x00, 0x0d, 0x00, 0x00, 0x00, 0xd7, 0x01, 0x00, 0x00, 0xd4, // ..;,............
	0x01, 0x00, 0x00, 0xd5, 0x01, 0x00, 0x00, 0xd6, 0x01, 0x00, 0x00, 0xd2, 0x00, 0x00, 0x00, 0x2b, // ...............+
	0x00, 0x04, 0x00, 0x07, 0x00, 0x00, 0x00, 0xe3, 0x01, 0x00, 0x00, 0x00, 0x00, 0x00, 0xbf, 0x2c, // ...............,
	0x00, 0x05, 0x00, 0x0b, 0x00, 0x00, 0x00, 0xe4, 0x01, 0x00, 0x00, 0xc9, 0x01, 0x00, 0x00, 0xe3, // ................
	0x01, 0x00, 0x00, 0x2b, 0x00, 0x04, 0x00, 0x07, 0x00, 0x00, 0x00, 0xf3, 0x01, 0x00, 0x00, 0x00, // ...+............
	0x00, 0x40, 0x40, 0x2c, 0x00, 0x05, 0x00, 0x0b, 0x00, 0x00, 0x00, 0xfa, 0x01, 0x00, 0x00, 0xc9, // .@@,............
	0x01, 0x00, 0x00, 0x87, 0x01, 0x00, 0x00, 0x2b, 0x00, 0x04, 0x00, 0x07, 0x00, 0x00, 0x00, 0x0f, // .......+........
	0x02, 0x00, 0x00, 0x00, 0x00, 0xc0, 0x3f, 0x2c, 0x00, 0x05, 0x00, 0x0b, 0x00, 0x00, 0x00, 0x10, // ......?,........
	0x02, 0x00, 0x00, 0xc9, 0x01, 0x00, 0x00, 0x0f, 0x02, 0x00, 0x00, 0x2c, 0x00, 0x05, 0x00, 0x0b, // ...........,....
	0x00, 0x00, 0x00, 0x25, 0x02, 0x00, 0x00, 0xe3, 0x01, 0x00, 0x00, 0xc9, 0x01, 0x00, 0x00, 0x2c, // ...%...........,
	0x00, 0x05, 0x00, 0x0b, 0x00, 0x00, 0x00, 0x3a, 0x02, 0x00, 0x00, 0xe3, 0x01, 0x00, 0x00, 0xe3, // .......:........
	0x01, 0x00, 0x00, 0x2b, 0x00, 0x04, 0x00, 0x07, 0x00, 0x00, 0x00, 0x49, 0x02, 0x00, 0x00, 0x00, // ...+.......I....
	0x00, 0x10, 0x41, 0x2c, 0x00, 0x05, 0x00, 0x0b, 0x00, 0x00, 0x00, 0x50, 0x02, 0x00, 0x00, 0xe3, // ..A,.......P....
	0x01, 0x00, 0x00, 0x87, 0x01, 0x00, 0x00, 0x2c, 0x00, 0x05, 0x00, 0x0b, 0x00, 0x00, 0x00, 0x65, // .......,.......e
	0x02, 0x00, 0x00, 0xe3, 0x01, 0x00, 0x00, 0x0f, 0x02, 0x00, 0x00, 0x2c, 0x00, 0x05, 0x00, 0x0b, // ...........,....
	0x00, 0x00, 0x00, 0x7a, 0x02, 0x00, 0x00, 0x87, 0x01, 0x00, 0x00, 0xc9, 0x01, 0x00, 0x00, 0x2c, // ...z...........,
	0x00, 0x05, 0x00, 0x0b, 0x00, 0x00, 0x00, 0x8f, 0x02, 0x00, 0x00, 0x87, 0x01, 0x00, 0x00, 0xe3, // ................
	0x01, 0x00, 0x00, 0x2c, 0x00, 0x05, 0x00, 0x0b, 0x00, 0x00, 0x00, 0xa4, 0x02, 0x00, 0x00, 0x87, // ...,............
	0x01, 0x00, 0x00, 0x87, 0x01, 0x00, 0x00, 0x2c, 0x00, 0x05, 0x00, 0x0b, 0x00, 0x00, 0x00, 0xb9, // .......,........
	0x02, 0x00, 0x00, 0x87, 0x01, 0x00, 0x00, 0x0f, 0x02, 0x00, 0x00, 0x2c, 0x00, 0x05, 0x00, 0x0b, // ...........,....
	0x00, 0x00, 0x00, 0xce, 0x02, 0x00, 0x00, 0x0f, 0x02, 0x00, 0x00, 0xc9, 0x01, 0x00, 0x00, 0x2c, // ...............,
	0x00, 0x05, 0x00, 0x0b, 0x00, 0x00, 0x00, 0xe3, 0x02, 0x00, 0x00, 0x0f, 0x02, 0x00, 0x00, 0xe3, // ................
	0x01, 0x00, 0x00, 0x2c, 0x00, 0x05, 0x00, 0x0b, 0x00, 0x00, 0x00, 0xf8, 0x02, 0x00, 0x00, 0x0f, // ...,............
	0x02, 0x00, 0x00, 0x87, 0x01, 0x00, 0x00, 0x2c, 0x00, 0x05, 0x00, 0x0b, 0x00, 0x00, 0x00, 0x0d, // .......,........
	0x03, 0x00, 0x00, 0x0f, 0x02, 0x00, 0x00, 0x0f, 0x02, 0x00, 0x00, 0x2b, 0x00, 0x04, 0x00, 0x07, // ...........+....
	0x00, 0x00, 0x00, 0x77, 0x03, 0x00, 0x00, 0x00, 0x00, 0x80, 0x40, 0x2b, 0x00, 0x04, 0x00, 0x07, // ...w......@+....
	0x00, 0x00, 0x00, 0xa1, 0x03, 0x00, 0x00, 0x0a, 0xd7, 0xa3, 0x3d, 0x2b, 0x00, 0x04, 0x00, 0x07, // ..........=+....
	0x00, 0x00, 0x00, 0xa4, 0x03, 0x00, 0x00, 0x00, 0x00, 0xc8, 0x40, 0x2b, 0x00, 0x04, 0x00, 0x07, // ..........@+....
	0x00, 0x00, 0x00, 0xaa, 0x03, 0x00, 0x00, 0x0a, 0xd7, 0x23, 0x3d, 0x2b, 0x00, 0x04, 0x00, 0x07, // .........#=+....
	0x00, 0x00, 0x00, 0xba, 0x03, 0x00, 0x00, 0x5c, 0x8f, 0x42, 0x3f, 0x2b, 0x00, 0x04, 0x00, 0x07, // .........B?+....
	0x00, 0x00, 0x00, 0xd2, 0x03, 0x00, 0x00, 0x9a, 0x99, 0x19, 0x3e, 0x2b, 0x00, 0x04, 0x00, 0x9a, // ..........>+....
	0x00, 0x00, 0x00, 0xea, 0x03, 0x00, 0x00, 0x0a, 0x00, 0x00, 0x00, 0x20, 0x00, 0x04, 0x00, 0xeb, // ........... ....
	0x03, 0x00, 0x00, 0x02, 0x00, 0x00, 0x00, 0x0d, 0x00, 0x00, 0x00, 0x2b, 0x00, 0x04, 0x00, 0x9a, // ...........+....
	0x00, 0x00, 0x00, 0xf0, 0x03, 0x00, 0x00, 0x0d, 0x00, 0x00, 0x00, 0x2b, 0x00, 0x04, 0x00, 0x9a, // ...........+....
	0x00, 0x00, 0x00, 0x18, 0x04, 0x00, 0x00, 0x0c, 0x00, 0x00, 0x00, 0x2b, 0x00, 0x04, 0x00, 0x9a, // ...........+....
	0x00, 0x00, 0x00, 0x22, 0x04, 0x00, 0x00, 0x0e, 0x00, 0x00, 0x00, 0x2b, 0x00, 0x04, 0x00, 0x07, // ...".......+....
	0x00, 0x00, 0x00, 0x2a, 0x04, 0x00, 0x00, 0x00, 0x00, 0x00, 0x40, 0x2b, 0x00, 0x04, 0x00, 0x9a, // ...*......@+....
	0x00, 0x00, 0x00, 0x35, 0x04, 0x00, 0x00, 0x0f, 0x00, 0x00, 0x00, 0x2b, 0x00, 0x04, 0x00, 0x9a, // ...5.......+....
	0x00, 0x00, 0x00, 0x46, 0x04, 0x00, 0x00, 0x04, 0x00, 0x00, 0x00, 0x2b, 0x00, 0x04, 0x00, 0x9a, // ...F.......+....
	0x00, 0x00, 0x00, 0x51, 0x04, 0x00, 0x00, 0x05, 0x00, 0x00, 0x00, 0x2b, 0x00, 0x04, 0x00, 0x9a, // ...Q.......+....
	0x00, 0x00, 0x00, 0x7c, 0x04, 0x00, 0x00, 0x06, 0x00, 0x00, 0x00, 0x2b, 0x00, 0x04, 0x00, 0x07, // ...|.......+....
	0x00, 0x00, 0x00, 0xa4, 0x04, 0x00, 0x00, 0x0a, 0xd7, 0x23, 0x3c, 0x2b, 0x00, 0x04, 0x00, 0x9a, // .........#<+....
	0x00, 0x00, 0x00, 0xa8, 0x04, 0x00, 0x00, 0x07, 0x00, 0x00, 0x00, 0x2b, 0x00, 0x04, 0x00, 0x9a, // ...........+....
	0x00, 0x00, 0x00, 0xed, 0x04, 0x00, 0x00, 0x08, 0x00, 0x00, 0x00, 0x2b, 0x00, 0x04, 0x00, 0x9a, // ...........+....
	0x00, 0x00, 0x00, 0xf8, 0x04, 0x00, 0x00, 0x02, 0x00, 0x00, 0x00, 0x2b, 0x00, 0x04, 0x00, 0x9a, // ...........+....
	0x00, 0x00, 0x00, 0x00, 0x05, 0x00, 0x00, 0x03, 0x00, 0x00, 0x00, 0x2b, 0x00, 0x04, 0x00, 0x9a, // ...........+....
	0x00, 0x00, 0x00, 0x68, 0x05, 0x00, 0x00, 0x0b, 0x00, 0x00, 0x00, 0x20, 0x00, 0x04, 0x00, 0x7d, // ...h....... ...}
	0x05, 0x00, 0x00, 0x01, 0x00, 0x00, 0x00, 0x0d, 0x00, 0x00, 0x00, 0x3b, 0x00, 0x04, 0x00, 0x7d, // ...........;...}
	0x05, 0x00, 0x00, 0x81, 0x05, 0x00, 0x00, 0x01, 0x00, 0x00, 0x00, 0x3b, 0x00, 0x04, 0x00, 0x7d, // ...........;...}
	0x05, 0x00, 0x00, 0x84, 0x05, 0x00, 0x00, 0x01, 0x00, 0x00, 0x00, 0x3b, 0x00, 0x04, 0x00, 0x7d, // ...........;...}
	0x05, 0x00, 0x00, 0x8a, 0x05, 0x00, 0x00, 0x01, 0x00, 0x00, 0x00, 0x3b, 0x00, 0x04, 0x00, 0x7d, // ...........;...}
	0x05, 0x00, 0x00, 0x8d, 0x05, 0x00, 0x00, 0x01, 0x00, 0x00, 0x00, 0x20, 0x00, 0x04, 0x00, 0xa4, // ........... ....
	0x05, 0x00, 0x00, 0x03, 0x00, 0x00, 0x00, 0x0d, 0x00, 0x00, 0x00, 0x3b, 0x00, 0x04, 0x00, 0xa4, // ...........;....
	0x05, 0x00, 0x00, 0xa5, 0x05, 0x00, 0x00, 0x03, 0x00, 0x00, 0x00, 0x2c, 0x00, 0x06, 0x00, 0x16, // ...........,....
	0x00, 0x00, 0x00, 0x05, 0x0d, 0x00, 0x00, 0xd2, 0x00, 0x00, 0x00, 0xd2, 0x00, 0x00, 0x00, 0xd2, // ................
	0x00, 0x00, 0x00, 0x2c, 0x00, 0x06, 0x00, 0x16, 0x00, 0x00, 0x00, 0x06, 0x0d, 0x00, 0x00, 0xd1, // ...,............
	0x00, 0x00, 0x00, 0xd1, 0x00, 0x00, 0x00, 0xd1, 0x00, 0x00, 0x00, 0x2b, 0x00, 0x04, 0x00, 0x07, // ...........+....
	0x00, 0x00, 0x00, 0x07, 0x0d, 0x00, 0x00, 0x00, 0x00, 0x00, 0x3e, 0x2b, 0x00, 0x04, 0x00, 0x07, // ..........>+....
	0x00, 0x00, 0x00, 0x09, 0x0d, 0x00, 0x00, 0x83, 0xf9, 0xa2, 0x3e, 0x2c, 0x00, 0x06, 0x00, 0x16, // ..........>,....
	0x00, 0x00, 0x00, 0x0a, 0x0d, 0x00, 0x00, 0x09, 0x0d, 0x00, 0x00, 0x09, 0x0d, 0x00, 0x00, 0x09, // ................
	0x0d, 0x00, 0x00, 0x2b, 0x00, 0x04, 0x00, 0x07, 0x00, 0x00, 0x00, 0x0b, 0x0d, 0x00, 0x00, 0x00, // ...+............
	0x00, 0x80, 0x3c, 0x2b, 0x00, 0x04, 0x00, 0x07, 0x00, 0x00, 0x00, 0x0c, 0x0d, 0x00, 0x00, 0xfa, // ..<+............
	0xed, 0x6b, 0x3d, 0x2b, 0x00, 0x04, 0x00, 0x07, 0x00, 0x00, 0x00, 0x0d, 0x0d, 0x00, 0x00, 0xb8, // .k=+............
	0x1e, 0x05, 0xbf, 0x2c, 0x00, 0x06, 0x00, 0x16, 0x00, 0x00, 0x00, 0x0e, 0x0d, 0x00, 0x00, 0xda, // ...,............
	0x00, 0x00, 0x00, 0xda, 0x00, 0x00, 0x00, 0xda, 0x00, 0x00, 0x00, 0x36, 0x00, 0x05, 0x00, 0x02, // ...........6....
	0x00, 0x00, 0x00, 0x04, 0x00, 0x00, 0x00, 0x00, 0x00, 0x00, 0x00, 0x03, 0x00, 0x00, 0x00, 0xf8, // ................
	0x00, 0x02, 0x00, 0x05, 0x00, 0x00, 0x00, 0x3d, 0x00, 0x04, 0x00, 0x06, 0x00, 0x00, 0x00, 0x87, // .......=........
	0x00, 0x00, 0x00, 0x86, 0x00, 0x00, 0x00, 0x3d, 0x00, 0x04, 0x00, 0x13, 0x00, 0x00, 0x00, 0x8a, // .......=........
	0x00, 0x00, 0x00, 0x89, 0x00, 0x00, 0x00, 0x3d, 0x00, 0x04, 0x00, 0x06, 0x00, 0x00, 0x00, 0x8e, // .......=........
	0x00, 0x00, 0x00, 0x8d, 0x00, 0x00, 0x00, 0x3d, 0x00, 0x04, 0x00, 0x13, 0x00, 0x00, 0x00, 0x90, // .......=........
	0x00, 0x00, 0x00, 0x8f, 0x00, 0x00, 0x00, 0x3d, 0x00, 0x04, 0x00, 0x06, 0x00, 0x00, 0x00, 0x95, // .......=........
	0x00, 0x00, 0x00, 0x94, 0x00, 0x00, 0x00, 0x3d, 0x00, 0x04, 0x00, 0x08, 0x00, 0x00, 0x00, 0x98, // .......=........
	0x00, 0x00, 0x00, 0x97, 0x00, 0x00, 0x00, 0x3d, 0x00, 0x04, 0x00, 0x0d, 0x00, 0x00, 0x00, 0x82, // .......=........
	0x05, 0x00, 0x00, 0x81, 0x05, 0x00, 0x00, 0x3d, 0x00, 0x04, 0x00, 0x0d, 0x00, 0x00, 0x00, 0x85, // .......=........
	0x05, 0x00, 0x00, 0x84, 0x05, 0x00, 0x00, 0x3d, 0x00, 0x04, 0x00, 0x0d, 0x00, 0x00, 0x00, 0x8b, // .......=........
	0x05, 0x00, 0x00, 0x8a, 0x05, 0x00, 0x00, 0x3d, 0x00, 0x04, 0x00, 0x0d, 0x00, 0x00, 0x00, 0x8e, // .......=........
	0x05, 0x00, 0x00, 0x8d, 0x05, 0x00, 0x00, 0x41, 0x00, 0x05, 0x00, 0xeb, 0x03, 0x00, 0x00, 0x28, // .......A.......(
	0x06, 0x00, 0x00, 0x81, 0x01, 0x00, 0x00, 0xea, 0x03, 0x00, 0x00, 0x3d, 0x00, 0x04, 0x00, 0x0d, // ...........=....
	0x00, 0x00, 0x00, 0x29, 0x06, 0x00, 0x00, 0x28, 0x06, 0x00, 0x00, 0x85, 0x00, 0x05, 0x00, 0x0d, // ...)...(........
	0x00, 0x00, 0x00, 0x2b, 0x06, 0x00, 0x00, 0x29, 0x06, 0x00, 0x00, 0x82, 0x05, 0x00, 0x00, 0x41, // ...+...).......A
	0x00, 0x06, 0x00, 0x84, 0x01, 0x00, 0x00, 0x2c, 0x06, 0x00, 0x00, 0x81, 0x01, 0x00, 0x00, 0xf0, // .......,........
	0x03, 0x00, 0x00, 0xf7, 0x00, 0x00, 0x00, 0x3d, 0x00, 0x04, 0x00, 0x07, 0x00, 0x00, 0x00, 0x2d, // .......=.......-
	0x06, 0x00, 0x00, 0x2c, 0x06, 0x00, 0x00, 0xba, 0x00, 0x05, 0x00, 0xe6, 0x00, 0x00, 0x00, 0x2e, // ...,............
	0x06, 0x00, 0x00, 0x2d, 0x06, 0x00, 0x00, 0x87, 0x01, 0x00, 0x00, 0x41, 0x00, 0x06, 0x00, 0x84, // ...-.......A....
	0x01, 0x00, 0x00, 0x2f, 0x06, 0x00, 0x00, 0x81, 0x01, 0x00, 0x00, 0xf0, 0x03, 0x00, 0x00, 0xf7, // .../............
	0x00, 0x00, 0x00, 0x3d, 0x00, 0x04, 0x00, 0x07, 0x00, 0x00, 0x00, 0x30, 0x06, 0x00, 0x00, 0x2f, // ...=.......0.../
	0x06, 0x00, 0x00, 0xb8, 0x00, 0x05, 0x00, 0xe6, 0x00, 0x00, 0x00, 0x31, 0x06, 0x00, 0x00, 0x30, // ...........1...0
	0x06, 0x00, 0x00, 0x0f, 0x02, 0x00, 0x00, 0xa7, 0x00, 0x05, 0x00, 0xe6, 0x00, 0x00, 0x00, 0x32, // ...............2
	0x06, 0x00, 0x00, 0x2e, 0x06, 0x00, 0x00, 0x31, 0x06, 0x00, 0x00, 0x51, 0x00, 0x05, 0x00, 0x07, // .......1...Q....
	0x00, 0x00, 0x00, 0x34, 0x06, 0x00, 0x00, 0x2b, 0x06, 0x00, 0x00, 0x03, 0x00, 0x00, 0x00, 0x41, // ...4...+.......A
	0x00, 0x06, 0x00, 0x84, 0x01, 0x00, 0x00, 0x35, 0x06, 0x00, 0x00, 0x81, 0x01, 0x00, 0x00, 0xf0, // .......5........
	0x03, 0x00, 0x00, 0xfa, 0x00, 0x00, 0x00, 0x3d, 0x00, 0x04, 0x00, 0x07, 0x00, 0x00, 0x00, 0x36, // .......=.......6
	0x06, 0x00, 0x00, 0x35, 0x06, 0x00, 0x00, 0xb8, 0x00, 0x05, 0x00, 0xe6, 0x00, 0x00, 0x00, 0x37, // ...5...........7
	0x06, 0x00, 0x00, 0x34, 0x06, 0x00, 0x00, 0x36, 0x06, 0x00, 0x00, 0xa7, 0x00, 0x05, 0x00, 0xe6, // ...4...6........
	0x00, 0x00, 0x00, 0x38, 0x06, 0x00, 0x00, 0x32, 0x06, 0x00, 0x00, 0x37, 0x06, 0x00, 0x00, 0xf7, // ...8...2...7....
	0x00, 0x03, 0x00, 0x3a, 0x06, 0x00, 0x00, 0x00, 0x00, 0x00, 0x00, 0xfa, 0x00, 0x04, 0x00, 0x38, // ...:...........8
	0x06, 0x00, 0x00, 0x39, 0x06, 0x00, 0x00, 0x3a, 0x06, 0x00, 0x00, 0xf8, 0x00, 0x02, 0x00, 0x39, // ...9...:.......9
	0x06, 0x00, 0x00, 0xfc, 0x00, 0x01, 0x00, 0xf8, 0x00, 0x02, 0x00, 0x3a, 0x06, 0x00, 0x00, 0x4f, // ...........:...O
	0x00, 0x08, 0x00, 0x16, 0x00, 0x00, 0x00, 0x3c, 0x06, 0x00, 0x00, 0x8b, 0x05, 0x00, 0x00, 0x8b, // .......<........
	0x05, 0x00, 0x00, 0x00, 0x00, 0x00, 0x00, 0x01, 0x00, 0x00, 0x00, 0x02, 0x00, 0x00, 0x00, 0x0c, // ................
	0x00, 0x06, 0x00, 0x16, 0x00, 0x00, 0x00, 0x3d, 0x06, 0x00, 0x00, 0x01, 0x00, 0x00, 0x00, 0x45, // .......=.......E
	0x00, 0x00, 0x00, 0x3c, 0x06, 0x00, 0x00, 0x41, 0x00, 0x05, 0x00, 0xeb, 0x03, 0x00, 0x00, 0x3e, // ...<...A.......>
	0x06, 0x00, 0x00, 0x81, 0x01, 0x00, 0x00, 0x9f, 0x00, 0x00, 0x00, 0x3d, 0x00, 0x04, 0x00, 0x0d, // ...........=....
	0x00, 0x00, 0x00, 0x3f, 0x06, 0x00, 0x00, 0x3e, 0x06, 0x00, 0x00, 0x4f, 0x00, 0x08, 0x00, 0x16, // ...?...>...O....
	0x00, 0x00, 0x00, 0x40, 0x06, 0x00, 0x00, 0x3f, 0x06, 0x00, 0x00, 0x3f, 0x06, 0x00, 0x00, 0x00, // ...@...?...?....
	0x00, 0x00, 0x00, 0x01, 0x00, 0x00, 0x00, 0x02, 0x00, 0x00, 0x00, 0x4f, 0x00, 0x08, 0x00, 0x16, // ...........O....
	0x00, 0x00, 0x00, 0x42, 0x06, 0x00, 0x00, 0x8e, 0x05, 0x00, 0x00, 0x8e, 0x05, 0x00, 0x00, 0x00, // ...B............
	0x00, 0x00, 0x00, 0x01, 0x00, 0x00, 0x00, 0x02, 0x00, 0x00, 0x00, 0x83, 0x00, 0x05, 0x00, 0x16, // ................
	0x00, 0x00, 0x00, 0x43, 0x06, 0x00, 0x00, 0x40, 0x06, 0x00, 0x00, 0x42, 0x06, 0x00, 0x00, 0xf7, // ...C...@...B....
	0x00, 0x03, 0x00, 0x6c, 0x07, 0x00, 0x00, 0x00, 0x00, 0x00, 0x00, 0xfb, 0x00, 0x03, 0x00, 0xf7, // ...l............
	0x00, 0x00, 0x00, 0x5b, 0x07, 0x00, 0x00, 0xf8, 0x00, 0x02, 0x00, 0x5b, 0x07, 0x00, 0x00, 0x94, // ...[.......[....
	0x00, 0x05, 0x00, 0x07, 0x00, 0x00, 0x00, 0x5e, 0x07, 0x00, 0x00, 0x43, 0x06, 0x00, 0x00, 0x43, // .......^...C...C
	0x06, 0x00, 0x00, 0xb7, 0x00, 0x05, 0x00, 0xe6, 0x00, 0x00, 0x00, 0x61, 0x07, 0x00, 0x00, 0x5e, // ...........a...^
	0x07, 0x00, 0x00, 0x5e, 0x07, 0x00, 0x00, 0xbc, 0x00, 0x05, 0x00, 0xe6, 0x00, 0x00, 0x00, 0x63, // ...^...........c
	0x07, 0x00, 0x00, 0x5e, 0x07, 0x00, 0x00, 0xe9, 0x00, 0x00, 0x00, 0xa6, 0x00, 0x05, 0x00, 0xe6, // ...^............
	0x00, 0x00, 0x00, 0x64, 0x07, 0x00, 0x00, 0x61, 0x07, 0x00, 0x00, 0x63, 0x07, 0x00, 0x00, 0xf7, // ...d...a...c....
	0x00, 0x03, 0x00, 0x67, 0x07, 0x00, 0x00, 0x00, 0x00, 0x00, 0x00, 0xfa, 0x00, 0x04, 0x00, 0x64, // ...g...........d
	0x07, 0x00, 0x00, 0x65, 0x07, 0x00, 0x00, 0x67, 0x07, 0x00, 0x00, 0xf8, 0x00, 0x02, 0x00, 0x65, // ...e...g.......e
	0x07, 0x00, 0x00, 0xf9, 0x00, 0x02, 0x00, 0x6c, 0x07, 0x00, 0x00, 0xf8, 0x00, 0x02, 0x00, 0x67, // .......l.......g
	0x07, 0x00, 0x00, 0x0c, 0x00, 0x06, 0x00, 0x07, 0x00, 0x00, 0x00, 0x6a, 0x07, 0x00, 0x00, 0x01, // ...........j....
	0x00, 0x00, 0x00, 0x20, 0x00, 0x00, 0x00, 0x5e, 0x07, 0x00, 0x00, 0x8e, 0x00, 0x05, 0x00, 0x16, // ... ...^........
	0x00, 0x00, 0x00, 0x6b, 0x07, 0x00, 0x00, 0x43, 0x06, 0x00, 0x00, 0x6a, 0x07, 0x00, 0x00, 0xf9, // ...k...C...j....
	0x00, 0x02, 0x00, 0x6c, 0x07, 0x00, 0x00, 0xf8, 0x00, 0x02, 0x00, 0x6c, 0x07, 0x00, 0x00, 0xf5, // ...l.......l....
	0x00, 0x07, 0x00, 0x16, 0x00, 0x00, 0x00, 0x0f, 0x0d, 0x00, 0x00, 0x3d, 0x06, 0x00, 0x00, 0x65, // ...........=...e
	0x07, 0x00, 0x00, 0x6b, 0x07, 0x00, 0x00, 0x67, 0x07, 0x00, 0x00, 0x94, 0x00, 0x05, 0x00, 0x07, // ...k...g........
	0x00, 0x00, 0x00, 0x48, 0x06, 0x00, 0x00, 0x3d, 0x06, 0x00, 0x00, 0x0f, 0x0d, 0x00, 0x00, 0x0c, // ...H...=........
	0x00, 0x08, 0x00, 0x07, 0x00, 0x00, 0x00, 0x71, 0x07, 0x00, 0x00, 0x01, 0x00, 0x00, 0x00, 0x2b, // .......q.......+
	0x00, 0x00, 0x00, 0x48, 0x06, 0x00, 0x00, 0xd1, 0x00, 0x00, 0x00, 0xd2, 0x00, 0x00, 0x00, 0x0c, // ...H............
	0x00, 0x07, 0x00, 0x07, 0x00, 0x00, 0x00, 0x4a, 0x06, 0x00, 0x00, 0x01, 0x00, 0x00, 0x00, 0x28, // .......J.......(
	0x00, 0x00, 0x00, 0x71, 0x07, 0x00, 0x00, 0xe9, 0x00, 0x00, 0x00, 0x41, 0x00, 0x06, 0x00, 0x84, // ...q.......A....
	0x01, 0x00, 0x00, 0x4b, 0x06, 0x00, 0x00, 0x81, 0x01, 0x00, 0x00, 0x18, 0x04, 0x00, 0x00, 0xf7, // ...K............
	0x00, 0x00, 0x00, 0x3d, 0x00, 0x04, 0x00, 0x07, 0x00, 0x00, 0x00, 0x4c, 0x06, 0x00, 0x00, 0x4b, // ...=.......L...K
	0x06, 0x00, 0x00, 0x0c, 0x00, 0x08, 0x00, 0x07, 0x00, 0x00, 0x00, 0x75, 0x07, 0x00, 0x00, 0x01, // ...........u....
	0x00, 0x00, 0x00, 0x2b, 0x00, 0x00, 0x00, 0x4c, 0x06, 0x00, 0x00, 0xd1, 0x00, 0x00, 0x00, 0xd2, // ...+...L........
	0x00, 0x00, 0x00, 0x41, 0x00, 0x06, 0x00, 0x84, 0x01, 0x00, 0x00, 0x4e, 0x06, 0x00, 0x00, 0x81, // ...A.......N....
	0x01, 0x00, 0x00, 0x18, 0x04, 0x00, 0x00, 0xfa, 0x00, 0x00, 0x00, 0x3d, 0x00, 0x04, 0x00, 0x07, // ...........=....
	0x00, 0x00, 0x00, 0x4f, 0x06, 0x00, 0x00, 0x4e, 0x06, 0x00, 0x00, 0x0c, 0x00, 0x07, 0x00, 0x07, // ...O...N........
	0x00, 0x00, 0x00, 0x50, 0x06, 0x00, 0x00, 0x01, 0x00, 0x00, 0x00, 0x28, 0x00, 0x00, 0x00, 0x4f, // ...P.......(...O
	0x06, 0x00, 0x00, 0xaa, 0x03, 0x00, 0x00, 0x41, 0x00, 0x06, 0x00, 0x84, 0x01, 0x00, 0x00, 0x51, // .......A.......Q
	0x06, 0x00, 0x00, 0x81, 0x01, 0x00, 0x00, 0x22, 0x04, 0x00, 0x00, 0xfa, 0x00, 0x00, 0x00, 0x3d, // .......".......=
	0x00, 0x04, 0x00, 0x07, 0x00, 0x00, 0x00, 0x52, 0x06, 0x00, 0x00, 0x51, 0x06, 0x00, 0x00, 0x83, // .......R...Q....
	0x00, 0x05, 0x00, 0x07, 0x00, 0x00, 0x00, 0x53, 0x06, 0x00, 0x00, 0x52, 0x06, 0x00, 0x00, 0xd2, // .......S...R....
	0x00, 0x00, 0x00, 0x41, 0x00, 0x06, 0x00, 0x84, 0x01, 0x00, 0x00, 0x54, 0x06, 0x00, 0x00, 0x81, // ...A.......T....
	0x01, 0x00, 0x00, 0x22, 0x04, 0x00, 0x00, 0xfa, 0x00, 0x00, 0x00, 0x3d, 0x00, 0x04, 0x00, 0x07, // ...".......=....
	0x00, 0x00, 0x00, 0x55, 0x06, 0x00, 0x00, 0x54, 0x06, 0x00, 0x00, 0x81, 0x00, 0x05, 0x00, 0x07, // ...U...T........
	0x00, 0x00, 0x00, 0x56, 0x06, 0x00, 0x00, 0x55, 0x06, 0x00, 0x00, 0xd2, 0x00, 0x00, 0x00, 0x88, // ...V...U........
	0x00, 0x05, 0x00, 0x07, 0x00, 0x00, 0x00, 0x57, 0x06, 0x00, 0x00, 0x53, 0x06, 0x00, 0x00, 0x56, // .......W...S...V
	0x06, 0x00, 0x00, 0x0c, 0x00, 0x07, 0x00, 0x07, 0x00, 0x00, 0x00, 0x58, 0x06, 0x00, 0x00, 0x01, // ...........X....
	0x00, 0x00, 0x00, 0x1a, 0x00, 0x00, 0x00, 0x57, 0x06, 0x00, 0x00, 0x2a, 0x04, 0x00, 0x00, 0x41, // .......W...*...A
	0x00, 0x06, 0x00, 0x84, 0x01, 0x00, 0x00, 0x59, 0x06, 0x00, 0x00, 0x81, 0x01, 0x00, 0x00, 0x22, // .......Y......."
	0x04, 0x00, 0x00, 0xf7, 0x00, 0x00, 0x00, 0x3d, 0x00, 0x04, 0x00, 0x07, 0x00, 0x00, 0x00, 0x5a, // .......=.......Z
	0x06, 0x00, 0x00, 0x59, 0x06, 0x00, 0x00, 0x0c, 0x00, 0x08, 0x00, 0x07, 0x00, 0x00, 0x00, 0x79, // ...Y...........y
	0x07, 0x00, 0x00, 0x01, 0x00, 0x00, 0x00, 0x2b, 0x00, 0x00, 0x00, 0x5a, 0x06, 0x00, 0x00, 0xd1, // .......+...Z....
	0x00, 0x00, 0x00, 0xd2, 0x00, 0x00, 0x00, 0x50, 0x00, 0x06, 0x00, 0x16, 0x00, 0x00, 0x00, 0x7d, // .......P.......}
	0x07, 0x00, 0x00, 0x58, 0x06, 0x00, 0x00, 0x58, 0x06, 0x00, 0x00, 0x58, 0x06, 0x00, 0x00, 0x41, // ...X...X...X...A
	0x00, 0x05, 0x00, 0xeb, 0x03, 0x00, 0x00, 0x5e, 0x06, 0x00, 0x00, 0x81, 0x01, 0x00, 0x00, 0x35, // .......^.......5
	0x04, 0x00, 0x00, 0x3d, 0x00, 0x04, 0x00, 0x0d, 0x00, 0x00, 0x00, 0x5f, 0x06, 0x00, 0x00, 0x5e, // ...=......._...^
	0x06, 0x00, 0x00, 0x4f, 0x00, 0x08, 0x00, 0x16, 0x00, 0x00, 0x00, 0x60, 0x06, 0x00, 0x00, 0x5f, // ...O.......`..._
	0x06, 0x00, 0x00, 0x5f, 0x06, 0x00, 0x00, 0x00, 0x00, 0x00, 0x00, 0x01, 0x00, 0x00, 0x00, 0x02, // ..._............
	0x00, 0x00, 0x00, 0x85, 0x00, 0x05, 0x00, 0x16, 0x00, 0x00, 0x00, 0x61, 0x06, 0x00, 0x00, 0x7d, // ...........a...}
	0x07, 0x00, 0x00, 0x60, 0x06, 0x00, 0x00, 0x0c, 0x00, 0x07, 0x00, 0x16, 0x00, 0x00, 0x00, 0x63, // ...`...........c
	0x06, 0x00, 0x00, 0x01, 0x00, 0x00, 0x00, 0x25, 0x00, 0x00, 0x00, 0x61, 0x06, 0x00, 0x00, 0x05, // .......%...a....
	0x0d, 0x00, 0x00, 0x8e, 0x00, 0x05, 0x00, 0x16, 0x00, 0x00, 0x00, 0x65, 0x06, 0x00, 0x00, 0x63, // ...........e...c
	0x06, 0x00, 0x00, 0x79, 0x07, 0x00, 0x00, 0x50, 0x00, 0x06, 0x00, 0x16, 0x00, 0x00, 0x00, 0x85, // ...y...P........
	0x07, 0x00, 0x00, 0x79, 0x07, 0x00, 0x00, 0x79, 0x07, 0x00, 0x00, 0x79, 0x07, 0x00, 0x00, 0x41, // ...y...y...y...A
	0x00, 0x06, 0x00, 0x84, 0x01, 0x00, 0x00, 0x69, 0x06, 0x00, 0x00, 0x81, 0x01, 0x00, 0x00, 0x46, // .......i.......F
	0x04, 0x00, 0x00, 0x83, 0x01, 0x00, 0x00, 0x3d, 0x00, 0x04, 0x00, 0x07, 0x00, 0x00, 0x00, 0x6a, // .......=.......j
	0x06, 0x00, 0x00, 0x69, 0x06, 0x00, 0x00, 0xba, 0x00, 0x05, 0x00, 0xe6, 0x00, 0x00, 0x00, 0x6b, // ...i...........k
	0x06, 0x00, 0x00, 0x6a, 0x06, 0x00, 0x00, 0x87, 0x01, 0x00, 0x00, 0xf7, 0x00, 0x03, 0x00, 0x85, // ...j............
	0x06, 0x00, 0x00, 0x00, 0x00, 0x00, 0x00, 0xfa, 0x00, 0x04, 0x00, 0x6b, 0x06, 0x00, 0x00, 0x6c, // ...........k...l
	0x06, 0x00, 0x00, 0x85, 0x06, 0x00, 0x00, 0xf8, 0x00, 0x02, 0x00, 0x6c, 0x06, 0x00, 0x00, 0x41, // ...........l...A
	0x00, 0x05, 0x00, 0xeb, 0x03, 0x00, 0x00, 0x6d, 0x06, 0x00, 0x00, 0x81, 0x01, 0x00, 0x00, 0x46, // .......m.......F
	0x04, 0x00, 0x00, 0x3d, 0x00, 0x04, 0x00, 0x0d, 0x00, 0x00, 0x00, 0x6e, 0x06, 0x00, 0x00, 0x6d, // ...=.......n...m
	0x06, 0x00, 0x00, 0x4f, 0x00, 0x08, 0x00, 0x16, 0x00, 0x00, 0x00, 0x6f, 0x06, 0x00, 0x00, 0x6e, // ...O.......o...n
	0x06, 0x00, 0x00, 0x6e, 0x06, 0x00, 0x00, 0x00, 0x00, 0x00, 0x00, 0x01, 0x00, 0x00, 0x00, 0x02, // ...n............
	0x00, 0x00, 0x00, 0x0c, 0x00, 0x06, 0x00, 0x16, 0x00, 0x00, 0x00, 0x70, 0x06, 0x00, 0x00, 0x01, // ...........p....
	0x00, 0x00, 0x00, 0x45, 0x00, 0x00, 0x00, 0x6f, 0x06, 0x00, 0x00, 0x41, 0x00, 0x05, 0x00, 0xeb, // ...E...o...A....
	0x03, 0x00, 0x00, 0x74, 0x06, 0x00, 0x00, 0x81, 0x01, 0x00, 0x00, 0x51, 0x04, 0x00, 0x00, 0x3d, // ...t.......Q...=
	0x00, 0x04, 0x00, 0x0d, 0x00, 0x00, 0x00, 0x75, 0x06, 0x00, 0x00, 0x74, 0x06, 0x00, 0x00, 0x4f, // .......u...t...O
	0x00, 0x08, 0x00, 0x16, 0x00, 0x00, 0x00, 0x76, 0x06, 0x00, 0x00, 0x75, 0x06, 0x00, 0x00, 0x75, // .......v...u...u
	0x06, 0x00, 0x00, 0x00, 0x00, 0x00, 0x00, 0x01, 0x00, 0x00, 0x00, 0x02, 0x00, 0x00, 0x00, 0x4f, // ...............O
	0x00, 0x08, 0x00, 0x16, 0x00, 0x00, 0x00, 0x78, 0x06, 0x00, 0x00, 0x2b, 0x06, 0x00, 0x00, 0x2b, // .......x...+...+
	0x06, 0x00, 0x00, 0x00, 0x00, 0x00, 0x00, 0x01, 0x00, 0x00, 0x00, 0x02, 0x00, 0x00, 0x00, 0x81, // ................
	0x00, 0x05, 0x00, 0x16, 0x00, 0x00, 0x00, 0xb2, 0x07, 0x00, 0x00, 0x0f, 0x0d, 0x00, 0x00, 0x70, // ...............p
	0x06, 0x00, 0x00, 0xf7, 0x00, 0x03, 0x00, 0x11, 0x08, 0x00, 0x00, 0x00, 0x00, 0x00, 0x00, 0xfb, // ................
	0x00, 0x03, 0x00, 0xf7, 0x00, 0x00, 0x00, 0x00, 0x08, 0x00, 0x00, 0xf8, 0x00, 0x02, 0x00, 0x00, // ................
	0x08, 0x00, 0x00, 0x94, 0x00, 0x05, 0x00, 0x07, 0x00, 0x00, 0x00, 0x03, 0x08, 0x00, 0x00, 0xb2, // ................
	0x07, 0x00, 0x00, 0xb2, 0x07, 0x00, 0x00, 0xb7, 0x00, 0x05, 0x00, 0xe6, 0x00, 0x00, 0x00, 0x06, // ................
	0x08, 0x00, 0x00, 0x03, 0x08, 0x00, 0x00, 0x03, 0x08, 0x00, 0x00, 0xbc, 0x00, 0x05, 0x00, 0xe6, // ................
	0x00, 0x00, 0x00, 0x08, 0x08, 0x00, 0x00, 0x03, 0x08, 0x00, 0x00, 0xe9, 0x00, 0x00, 0x00, 0xa6, // ................
	0x00, 0x05, 0x00, 0xe6, 0x00, 0x00, 0x00, 0x09, 0x08, 0x00, 0x00, 0x06, 0x08, 0x00, 0x00, 0x08, // ................
	0x08, 0x00, 0x00, 0xf7, 0x00, 0x03, 0x00, 0x0c, 0x08, 0x00, 0x00, 0x00, 0x00, 0x00, 0x00, 0xfa, // ................
	0x00, 0x04, 0x00, 0x09, 0x08, 0x00, 0x00, 0x0a, 0x08, 0x00, 0x00, 0x0c, 0x08, 0x00, 0x00, 0xf8, // ................
	0x00, 0x02, 0x00, 0x0a, 0x08, 0x00, 0x00, 0xf9, 0x00, 0x02, 0x00, 0x11, 0x08, 0x00, 0x00, 0xf8, // ................
	0x00, 0x02, 0x00, 0x0c, 0x08, 0x00, 0x00, 0x0c, 0x00, 0x06, 0x00, 0x07, 0x00, 0x00, 0x00, 0x0f, // ................
	0x08, 0x00, 0x00, 0x01, 0x00, 0x00, 0x00, 0x20, 0x00, 0x00, 0x00, 0x03, 0x08, 0x00, 0x00, 0x8e, // ....... ........
	0x00, 0x05, 0x00, 0x16, 0x00, 0x00, 0x00, 0x10, 0x08, 0x00, 0x00, 0xb2, 0x07, 0x00, 0x00, 0x0f, // ................
	0x08, 0x00, 0x00, 0xf9, 0x00, 0x02, 0x00, 0x11, 0x08, 0x00, 0x00, 0xf8, 0x00, 0x02, 0x00, 0x11, // ................
	0x08, 0x00, 0x00, 0xf5, 0x00, 0x07, 0x00, 0x16, 0x00, 0x00, 0x00, 0x10, 0x0d, 0x00, 0x00, 0x3d, // ...............=
	0x06, 0x00, 0x00, 0x0a, 0x08, 0x00, 0x00, 0x10, 0x08, 0x00, 0x00, 0x0c, 0x08, 0x00, 0x00, 0x94, // ................
	0x00, 0x05, 0x00, 0x07, 0x00, 0x00, 0x00, 0xb7, 0x07, 0x00, 0x00, 0x3d, 0x06, 0x00, 0x00, 0x70, // ...........=...p
	0x06, 0x00, 0x00, 0x0c, 0x00, 0x08, 0x00, 0x07, 0x00, 0x00, 0x00, 0x16, 0x08, 0x00, 0x00, 0x01, // ................
	0x00, 0x00, 0x00, 0x2b, 0x00, 0x00, 0x00, 0xb7, 0x07, 0x00, 0x00, 0xd1, 0x00, 0x00, 0x00, 0xd2, // ...+............
	0x00, 0x00, 0x00, 0x94, 0x00, 0x05, 0x00, 0x07, 0x00, 0x00, 0x00, 0xbb, 0x07, 0x00, 0x00, 0x3d, // ...............=
	0x06, 0x00, 0x00, 0x0f, 0x0d, 0x00, 0x00, 0x0c, 0x00, 0x08, 0x00, 0x07, 0x00, 0x00, 0x00, 0x1a, // ................
	0x08, 0x00, 0x00, 0x01, 0x00, 0x00, 0x00, 0x2b, 0x00, 0x00, 0x00, 0xbb, 0x07, 0x00, 0x00, 0xd1, // .......+........
	0x00, 0x00, 0x00, 0xd2, 0x00, 0x00, 0x00, 0x0c, 0x00, 0x07, 0x00, 0x07, 0x00, 0x00, 0x00, 0xbd, // ................
	0x07, 0x00, 0x00, 0x01, 0x00, 0x00, 0x00, 0x28, 0x00, 0x00, 0x00, 0x1a, 0x08, 0x00, 0x00, 0xe9, // .......(........
	0x00, 0x00, 0x00, 0x94, 0x00, 0x05, 0x00, 0x07, 0x00, 0x00, 0x00, 0xc0, 0x07, 0x00, 0x00, 0x3d, // ...............=
	0x06, 0x00, 0x00, 0x10, 0x0d, 0x00, 0x00, 0x0c, 0x00, 0x08, 0x00, 0x07, 0x00, 0x00, 0x00, 0x1e, // ................
	0x08, 0x00, 0x00, 0x01, 0x00, 0x00, 0x00, 0x2b, 0x00, 0x00, 0x00, 0xc0, 0x07, 0x00, 0x00, 0xd1, // .......+........
	0x00, 0x00, 0x00, 0xd2, 0x00, 0x00, 0x00, 0x94, 0x00, 0x05, 0x00, 0x07, 0x00, 0x00, 0x00, 0xc4, // ................
	0x07, 0x00, 0x00, 0x10, 0x0d, 0x00, 0x00, 0x0f, 0x0d, 0x00, 0x00, 0x0c, 0x00, 0x08, 0x00, 0x07, // ................
	0x00, 0x00, 0x00, 0x22, 0x08, 0x00, 0x00, 0x01, 0x00, 0x00, 0x00, 0x2b, 0x00, 0x00, 0x00, 0xc4, // ...".......+....
	0x07, 0x00, 0x00, 0xd1, 0x00, 0x00, 0x00, 0xd2, 0x00, 0x00, 0x00, 0x83, 0x00, 0x05, 0x00, 0x16, // ................
	0x00, 0x00, 0x00, 0x28, 0x08, 0x00, 0x00, 0x85, 0x07, 0x00, 0x00, 0x65, 0x06, 0x00, 0x00, 0x83, // ...(.......e....
	0x00, 0x05, 0x00, 0x07, 0x00, 0x00, 0x00, 0x2a, 0x08, 0x00, 0x00, 0xd2, 0x00, 0x00, 0x00, 0x22, // .......*......."
	0x08, 0x00, 0x00, 0x0c, 0x00, 0x07, 0x00, 0x07, 0x00, 0x00, 0x00, 0x2b, 0x08, 0x00, 0x00, 0x01, // ...........+....
	0x00, 0x00, 0x00, 0x1a, 0x00, 0x00, 0x00, 0x2a, 0x08, 0x00, 0x00, 0x38, 0x01, 0x00, 0x00, 0x8e, // .......*...8....
	0x00, 0x05, 0x00, 0x16, 0x00, 0x00, 0x00, 0x2c, 0x08, 0x00, 0x00, 0x28, 0x08, 0x00, 0x00, 0x2b, // .......,...(...+
	0x08, 0x00, 0x00, 0x81, 0x00, 0x05, 0x00, 0x16, 0x00, 0x00, 0x00, 0x2d, 0x08, 0x00, 0x00, 0x65, // ...........-...e
	0x06, 0x00, 0x00, 0x2c, 0x08, 0x00, 0x00, 0x83, 0x00, 0x05, 0x00, 0x16, 0x00, 0x00, 0x00, 0x37, // ...,...........7
	0x08, 0x00, 0x00, 0x05, 0x0d, 0x00, 0x00, 0x78, 0x06, 0x00, 0x00, 0x83, 0x00, 0x05, 0x00, 0x07, // .......x........
	0x00, 0x00, 0x00, 0x39, 0x08, 0x00, 0x00, 0xd2, 0x00, 0x00, 0x00, 0x22, 0x08, 0x00, 0x00, 0x0c, // ...9......."....
	0x00, 0x07, 0x00, 0x07, 0x00, 0x00, 0x00, 0x3a, 0x08, 0x00, 0x00, 0x01, 0x00, 0x00, 0x00, 0x1a, // .......:........
	0x00, 0x00, 0x00, 0x39, 0x08, 0x00, 0x00, 0x38, 0x01, 0x00, 0x00, 0x8e, 0x00, 0x05, 0x00, 0x16, // ...9...8........
	0x00, 0x00, 0x00, 0x3b, 0x08, 0x00, 0x00, 0x37, 0x08, 0x00, 0x00, 0x3a, 0x08, 0x00, 0x00, 0x81, // ...;...7...:....
	0x00, 0x05, 0x00, 0x16, 0x00, 0x00, 0x00, 0x3c, 0x08, 0x00, 0x00, 0x78, 0x06, 0x00, 0x00, 0x3b, // .......<...x...;
	0x08, 0x00, 0x00, 0x50, 0x00, 0x06, 0x00, 0x16, 0x00, 0x00, 0x00, 0xcf, 0x07, 0x00, 0x00, 0x75, // ...P...........u
	0x07, 0x00, 0x00, 0x75, 0x07, 0x00, 0x00, 0x75, 0x07, 0x00, 0x00, 0x0c, 0x00, 0x08, 0x00, 0x16, // ...u...u........
	0x00, 0x00, 0x00, 0x42, 0x08, 0x00, 0x00, 0x01, 0x00, 0x00, 0x00, 0x2e, 0x00, 0x00, 0x00, 0x2d, // ...B...........-
	0x08, 0x00, 0x00, 0x3c, 0x08, 0x00, 0x00, 0xcf, 0x07, 0x00, 0x00, 0x85, 0x00, 0x05, 0x00, 0x07, // ...<............
	0x00, 0x00, 0x00, 0x4a, 0x08, 0x00, 0x00, 0x50, 0x06, 0x00, 0x00, 0x50, 0x06, 0x00, 0x00, 0x85, // ...J...P...P....
	0x00, 0x05, 0x00, 0x07, 0x00, 0x00, 0x00, 0x4d, 0x08, 0x00, 0x00, 0x4a, 0x08, 0x00, 0x00, 0x4a, // .......M...J...J
	0x08, 0x00, 0x00, 0x85, 0x00, 0x05, 0x00, 0x07, 0x00, 0x00, 0x00, 0x50, 0x08, 0x00, 0x00, 0x1e, // ...........P....
	0x08, 0x00, 0x00, 0x1e, 0x08, 0x00, 0x00, 0x83, 0x00, 0x05, 0x00, 0x07, 0x00, 0x00, 0x00, 0x52, // ...............R
	0x08, 0x00, 0x00, 0x4d, 0x08, 0x00, 0x00, 0xd2, 0x00, 0x00, 0x00, 0x85, 0x00, 0x05, 0x00, 0x07, // ...M............
	0x00, 0x00, 0x00, 0x53, 0x08, 0x00, 0x00, 0x50, 0x08, 0x00, 0x00, 0x52, 0x08, 0x00, 0x00, 0x81, // ...S...P...R....
	0x00, 0x05, 0x00, 0x07, 0x00, 0x00, 0x00, 0x54, 0x08, 0x00, 0x00, 0x53, 0x08, 0x00, 0x00, 0xd2, // .......T...S....
	0x00, 0x00, 0x00, 0x85, 0x00, 0x05, 0x00, 0x07, 0x00, 0x00, 0x00, 0x57, 0x08, 0x00, 0x00, 0x15, // ...........W....
	0x01, 0x00, 0x00, 0x54, 0x08, 0x00, 0x00, 0x85, 0x00, 0x05, 0x00, 0x07, 0x00, 0x00, 0x00, 0x59, // ...T...........Y
	0x08, 0x00, 0x00, 0x57, 0x08, 0x00, 0x00, 0x54, 0x08, 0x00, 0x00, 0x0c, 0x00, 0x07, 0x00, 0x07, // ...W...T........
	0x00, 0x00, 0x00, 0x5a, 0x08, 0x00, 0x00, 0x01, 0x00, 0x00, 0x00, 0x28, 0x00, 0x00, 0x00, 0x59, // ...Z.......(...Y
	0x08, 0x00, 0x00, 0xe9, 0x00, 0x00, 0x00, 0x88, 0x00, 0x05, 0x00, 0x07, 0x00, 0x00, 0x00, 0x5b, // ...............[
	0x08, 0x00, 0x00, 0x4d, 0x08, 0x00, 0x00, 0x5a, 0x08, 0x00, 0x00, 0x81, 0x00, 0x05, 0x00, 0x07, // ...M...Z........
	0x00, 0x00, 0x00, 0x61, 0x08, 0x00, 0x00, 0x50, 0x06, 0x00, 0x00, 0xd2, 0x00, 0x00, 0x00, 0x85, // ...a...P........
	0x00, 0x05, 0x00, 0x07, 0x00, 0x00, 0x00, 0x64, 0x08, 0x00, 0x00, 0x61, 0x08, 0x00, 0x00, 0x61, // .......d...a...a
	0x08, 0x00, 0x00, 0x85, 0x00, 0x05, 0x00, 0x07, 0x00, 0x00, 0x00, 0x65, 0x08, 0x00, 0x00, 0x64, // ...........e...d
	0x08, 0x00, 0x00, 0x07, 0x0d, 0x00, 0x00, 0x83, 0x00, 0x05, 0x00, 0x07, 0x00, 0x00, 0x00, 0x69, // ...............i
	0x08, 0x00, 0x00, 0xd2, 0x00, 0x00, 0x00, 0x65, 0x08, 0x00, 0x00, 0x85, 0x00, 0x05, 0x00, 0x07, // .......e........
	0x00, 0x00, 0x00, 0x6a, 0x08, 0x00, 0x00, 0xbd, 0x07, 0x00, 0x00, 0x69, 0x08, 0x00, 0x00, 0x81, // ...j.......i....
	0x00, 0x05, 0x00, 0x07, 0x00, 0x00, 0x00, 0x6c, 0x08, 0x00, 0x00, 0x6a, 0x08, 0x00, 0x00, 0x65, // .......l...j...e
	0x08, 0x00, 0x00, 0x0c, 0x00, 0x07, 0x00, 0x07, 0x00, 0x00, 0x00, 0x6d, 0x08, 0x00, 0x00, 0x01, // ...........m....
	0x00, 0x00, 0x00, 0x28, 0x00, 0x00, 0x00, 0x6c, 0x08, 0x00, 0x00, 0xe9, 0x00, 0x00, 0x00, 0x88, // ...(...l........
	0x00, 0x05, 0x00, 0x07, 0x00, 0x00, 0x00, 0x6e, 0x08, 0x00, 0x00, 0xbd, 0x07, 0x00, 0x00, 0x6d, // .......n.......m
	0x08, 0x00, 0x00, 0x81, 0x00, 0x05, 0x00, 0x07, 0x00, 0x00, 0x00, 0x74, 0x08, 0x00, 0x00, 0x50, // ...........t...P
	0x06, 0x00, 0x00, 0xd2, 0x00, 0x00, 0x00, 0x85, 0x00, 0x05, 0x00, 0x07, 0x00, 0x00, 0x00, 0x77, // ...............w
	0x08, 0x00, 0x00, 0x74, 0x08, 0x00, 0x00, 0x74, 0x08, 0x00, 0x00, 0x85, 0x00, 0x05, 0x00, 0x07, // ...t...t........
	0x00, 0x00, 0x00, 0x78, 0x08, 0x00, 0x00, 0x77, 0x08, 0x00, 0x00, 0x07, 0x0d, 0x00, 0x00, 0x83, // ...x...w........
	0x00, 0x05, 0x00, 0x07, 0x00, 0x00, 0x00, 0x7c, 0x08, 0x00, 0x00, 0xd2, 0x00, 0x00, 0x00, 0x78, // .......|.......x
	0x08, 0x00, 0x00, 0x85, 0x00, 0x05, 0x00, 0x07, 0x00, 0x00, 0x00, 0x7d, 0x08, 0x00, 0x00, 0x16, // ...........}....
	0x08, 0x00, 0x00, 0x7c, 0x08, 0x00, 0x00, 0x81, 0x00, 0x05, 0x00, 0x07, 0x00, 0x00, 0x00, 0x7f, // ...|............
	0x08, 0x00, 0x00, 0x7d, 0x08, 0x00, 0x00, 0x78, 0x08, 0x00, 0x00, 0x0c, 0x00, 0x07, 0x00, 0x07, // ...}...x........
	0x00, 0x00, 0x00, 0x80, 0x08, 0x00, 0x00, 0x01, 0x00, 0x00, 0x00, 0x28, 0x00, 0x00, 0x00, 0x7f, // ...........(....
	0x08, 0x00, 0x00, 0xe9, 0x00, 0x00, 0x00, 0x88, 0x00, 0x05, 0x00, 0x07, 0x00, 0x00, 0x00, 0x81, // ................
	0x08, 0x00, 0x00, 0x16, 0x08, 0x00, 0x00, 0x80, 0x08, 0x00, 0x00, 0x85, 0x00, 0x05, 0x00, 0x07, // ................
	0x00, 0x00, 0x00, 0xdc, 0x07, 0x00, 0x00, 0x6e, 0x08, 0x00, 0x00, 0x81, 0x08, 0x00, 0x00, 0x85, // .......n........
	0x00, 0x05, 0x00, 0x07, 0x00, 0x00, 0x00, 0xdf, 0x07, 0x00, 0x00, 0x5b, 0x08, 0x00, 0x00, 0xdc, // ...........[....
	0x07, 0x00, 0x00, 0x8e, 0x00, 0x05, 0x00, 0x16, 0x00, 0x00, 0x00, 0xe1, 0x07, 0x00, 0x00, 0x42, // ...............B
	0x08, 0x00, 0x00, 0xdf, 0x07, 0x00, 0x00, 0x85, 0x00, 0x05, 0x00, 0x07, 0x00, 0x00, 0x00, 0xe3, // ................
	0x07, 0x00, 0x00, 0x77, 0x03, 0x00, 0x00, 0xbd, 0x07, 0x00, 0x00, 0x85, 0x00, 0x05, 0x00, 0x07, // ...w............
	0x00, 0x00, 0x00, 0xe5, 0x07, 0x00, 0x00, 0xe3, 0x07, 0x00, 0x00, 0x16, 0x08, 0x00, 0x00, 0x0c, // ................
	0x00, 0x07, 0x00, 0x07, 0x00, 0x00, 0x00, 0xe6, 0x07, 0x00, 0x00, 0x01, 0x00, 0x00, 0x00, 0x28, // ...............(
	0x00, 0x00, 0x00, 0xe5, 0x07, 0x00, 0x00, 0xe9, 0x00, 0x00, 0x00, 0x50, 0x00, 0x06, 0x00, 0x16, // ...........P....
	0x00, 0x00, 0x00, 0xe7, 0x07, 0x00, 0x00, 0xe6, 0x07, 0x00, 0x00, 0xe6, 0x07, 0x00, 0x00, 0xe6, // ................
	0x07, 0x00, 0x00, 0x88, 0x00, 0x05, 0x00, 0x16, 0x00, 0x00, 0x00, 0xe8, 0x07, 0x00, 0x00, 0xe1, // ................
	0x07, 0x00, 0x00, 0xe7, 0x07, 0x00, 0x00, 0x51, 0x00, 0x05, 0x00, 0x07, 0x00, 0x00, 0x00, 0x85, // .......Q........
	0x08, 0x00, 0x00, 0x2d, 0x08, 0x00, 0x00, 0x00, 0x00, 0x00, 0x00, 0x51, 0x00, 0x05, 0x00, 0x07, // ...-.......Q....
	0x00, 0x00, 0x00, 0x87, 0x08, 0x00, 0x00, 0x2d, 0x08, 0x00, 0x00, 0x01, 0x00, 0x00, 0x00, 0x51, // .......-.......Q
	0x00, 0x05, 0x00, 0x07, 0x00, 0x00, 0x00, 0x89, 0x08, 0x00, 0x00, 0x2d, 0x08, 0x00, 0x00, 0x02, // ...........-....
	0x00, 0x00, 0x00, 0x0c, 0x00, 0x07, 0x00, 0x07, 0x00, 0x00, 0x00, 0x8a, 0x08, 0x00, 0x00, 0x01, // ................
	0x00, 0x00, 0x00, 0x28, 0x00, 0x00, 0x00, 0x87, 0x08, 0x00, 0x00, 0x89, 0x08, 0x00, 0x00, 0x0c, // ...(............
	0x00, 0x07, 0x00, 0x07, 0x00, 0x00, 0x00, 0x8b, 0x08, 0x00, 0x00, 0x01, 0x00, 0x00, 0x00, 0x28, // ...............(
	0x00, 0x00, 0x00, 0x85, 0x08, 0x00, 0x00, 0x8a, 0x08, 0x00, 0x00, 0x83, 0x00, 0x05, 0x00, 0x07, // ................
	0x00, 0x00, 0x00, 0xeb, 0x07, 0x00, 0x00, 0xd2, 0x00, 0x00, 0x00, 0x8b, 0x08, 0x00, 0x00, 0x50, // ...............P
	0x00, 0x06, 0x00, 0x16, 0x00, 0x00, 0x00, 0x8f, 0x08, 0x00, 0x00, 0xeb, 0x07, 0x00, 0x00, 0xeb, // ................
	0x07, 0x00, 0x00, 0xeb, 0x07, 0x00, 0x00, 0x83, 0x00, 0x05, 0x00, 0x07, 0x00, 0x00, 0x00, 0xee, // ................
	0x07, 0x00, 0x00, 0xd2, 0x00, 0x00, 0x00, 0x75, 0x07, 0x00, 0x00, 0x8e, 0x00, 0x05, 0x00, 0x16, // .......u........
	0x00, 0x00, 0x00, 0xef, 0x07, 0x00, 0x00, 0x8f, 0x08, 0x00, 0x00, 0xee, 0x07, 0x00, 0x00, 0x85, // ................
	0x00, 0x05, 0x00, 0x16, 0x00, 0x00, 0x00, 0xf1, 0x07, 0x00, 0x00, 0xef, 0x07, 0x00, 0x00, 0x78, // ...............x
	0x06, 0x00, 0x00, 0x85, 0x00, 0x05, 0x00, 0x16, 0x00, 0x00, 0x00, 0xf3, 0x07, 0x00, 0x00, 0xf1, // ................
	0x07, 0x00, 0x00, 0x0a, 0x0d, 0x00, 0x00, 0x81, 0x00, 0x05, 0x00, 0x16, 0x00, 0x00, 0x00, 0xf6, // ................
	0x07, 0x00, 0x00, 0xf3, 0x07, 0x00, 0x00, 0xe8, 0x07, 0x00, 0x00, 0x8e, 0x00, 0x05, 0x00, 0x16, // ................
	0x00, 0x00, 0x00, 0xf8, 0x07, 0x00, 0x00, 0xf6, 0x07, 0x00, 0x00, 0x16, 0x08, 0x00, 0x00, 0x85, // ................
	0x00, 0x05, 0x00, 0x16, 0x00, 0x00, 0x00, 0xfa, 0x07, 0x00, 0x00, 0xf8, 0x07, 0x00, 0x00, 0x76, // ...............v
	0x06, 0x00, 0x00, 0xf7, 0x00, 0x03, 0x00, 0x15, 0x0a, 0x00, 0x00, 0x00, 0x00, 0x00, 0x00, 0xfb, // ................
	0x00, 0x03, 0x00, 0xf7, 0x00, 0x00, 0x00, 0xdb, 0x08, 0x00, 0x00, 0xf8, 0x00, 0x02, 0x00, 0xdb, // ................
	0x08, 0x00, 0x00, 0x41, 0x00, 0x06, 0x00, 0x84, 0x01, 0x00, 0x00, 0xdc, 0x08, 0x00, 0x00, 0x81, // ...A............
	0x01, 0x00, 0x00, 0x82, 0x01, 0x00, 0x00, 0x83, 0x01, 0x00, 0x00, 0x3d, 0x00, 0x04, 0x00, 0x07, // ...........=....
	0x00, 0x00, 0x00, 0xdd, 0x08, 0x00, 0x00, 0xdc, 0x08, 0x00, 0x00, 0xb8, 0x00, 0x05, 0x00, 0xe6, // ................
	0x00, 0x00, 0x00, 0xde, 0x08, 0x00, 0x00, 0xdd, 0x08, 0x00, 0x00, 0x87, 0x01, 0x00, 0x00, 0xf7, // ................
	0x00, 0x03, 0x00, 0xe0, 0x08, 0x00, 0x00, 0x00, 0x00, 0x00, 0x00, 0xfa, 0x00, 0x04, 0x00, 0xde, // ................
	0x08, 0x00, 0x00, 0xdf, 0x08, 0x00, 0x00, 0xe0, 0x08, 0x00, 0x00, 0xf8, 0x00, 0x02, 0x00, 0xdf, // ................
	0x08, 0x00, 0x00, 0xf9, 0x00, 0x02, 0x00, 0x15, 0x0a, 0x00, 0x00, 0xf8, 0x00, 0x02, 0x00, 0xe0, // ................
	0x08, 0x00, 0x00, 0x4f, 0x00, 0x08, 0x00, 0x16, 0x00, 0x00, 0x00, 0xe2, 0x08, 0x00, 0x00, 0x85, // ...O............
	0x05, 0x00, 0x00, 0x85, 0x05, 0x00, 0x00, 0x00, 0x00, 0x00, 0x00, 0x01, 0x00, 0x00, 0x00, 0x02, // ................
	0x00, 0x00, 0x00, 0x51, 0x00, 0x05, 0x00, 0x07, 0x00, 0x00, 0x00, 0xe4, 0x08, 0x00, 0x00, 0x85, // ...Q............
	0x05, 0x00, 0x00, 0x03, 0x00, 0x00, 0x00, 0x0c, 0x00, 0x07, 0x00, 0x07, 0x00, 0x00, 0x00, 0xe5, // ................
	0x08, 0x00, 0x00, 0x01, 0x00, 0x00, 0x00, 0x28, 0x00, 0x00, 0x00, 0xe4, 0x08, 0x00, 0x00, 0xe9, // .......(........
	0x00, 0x00, 0x00, 0x50, 0x00, 0x06, 0x00, 0x16, 0x00, 0x00, 0x00, 0xe6, 0x08, 0x00, 0x00, 0xe5, // ...P............
	0x08, 0x00, 0x00, 0xe5, 0x08, 0x00, 0x00, 0xe5, 0x08, 0x00, 0x00, 0x88, 0x00, 0x05, 0x00, 0x16, // ................
	0x00, 0x00, 0x00, 0xe7, 0x08, 0x00, 0x00, 0xe2, 0x08, 0x00, 0x00, 0xe6, 0x08, 0x00, 0x00, 0x51, // ...............Q
	0x00, 0x05, 0x00, 0x07, 0x00, 0x00, 0x00, 0xe9, 0x08, 0x00, 0x00, 0xe7, 0x08, 0x00, 0x00, 0x00, // ................
	0x00, 0x00, 0x00, 0xbc, 0x00, 0x05, 0x00, 0xe6, 0x00, 0x00, 0x00, 0xea, 0x08, 0x00, 0x00, 0xe9, // ................
	0x08, 0x00, 0x00, 0xd1, 0x00, 0x00, 0x00, 0x51, 0x00, 0x05, 0x00, 0x07, 0x00, 0x00, 0x00, 0xec, // .......Q........
	0x08, 0x00, 0x00, 0xe7, 0x08, 0x00, 0x00, 0x00, 0x00, 0x00, 0x00, 0xbe, 0x00, 0x05, 0x00, 0xe6, // ................
	0x00, 0x00, 0x00, 0xed, 0x08, 0x00, 0x00, 0xec, 0x08, 0x00, 0x00, 0xd2, 0x00, 0x00, 0x00, 0xa6, // ................
	0x00, 0x05, 0x00, 0xe6, 0x00, 0x00, 0x00, 0xee, 0x08, 0x00, 0x00, 0xea, 0x08, 0x00, 0x00, 0xed, // ................
	0x08, 0x00, 0x00, 0x51, 0x00, 0x05, 0x00, 0x07, 0x00, 0x00, 0x00, 0xf0, 0x08, 0x00, 0x00, 0xe7, // ...Q............
	0x08, 0x00, 0x00, 0x01, 0x00, 0x00, 0x00, 0xbc, 0x00, 0x05, 0x00, 0xe6, 0x00, 0x00, 0x00, 0xf1, // ................
	0x08, 0x00, 0x00, 0xf0, 0x08, 0x00, 0x00, 0xd1, 0x00, 0x00, 0x00, 0xa6, 0x00, 0x05, 0x00, 0xe6, // ................
	0x00, 0x00, 0x00, 0xf2, 0x08, 0x00, 0x00, 0xee, 0x08, 0x00, 0x00, 0xf1, 0x08, 0x00, 0x00, 0x51, // ...............Q
	0x00, 0x05, 0x00, 0x07, 0x00, 0x00, 0x00, 0xf4, 0x08, 0x00, 0x00, 0xe7, 0x08, 0x00, 0x00, 0x01, // ................
	0x00, 0x00, 0x00, 0xbe, 0x00, 0x05, 0x00, 0xe6, 0x00, 0x00, 0x00, 0xf5, 0x08, 0x00, 0x00, 0xf4, // ................
	0x08, 0x00, 0x00, 0xd2, 0x00, 0x00, 0x00, 0xa6, 0x00, 0x05, 0x00, 0xe6, 0x00, 0x00, 0x00, 0xf6, // ................
	0x08, 0x00, 0x00, 0xf2, 0x08, 0x00, 0x00, 0xf5, 0x08, 0x00, 0x00, 0x51, 0x00, 0x05, 0x00, 0x07, // ...........Q....
	0x00, 0x00, 0x00, 0xf8, 0x08, 0x00, 0x00, 0xe7, 0x08, 0x00, 0x00, 0x02, 0x00, 0x00, 0x00, 0xbc, // ................
	0x00, 0x05, 0x00, 0xe6, 0x00, 0x00, 0x00, 0xf9, 0x08, 0x00, 0x00, 0xf8, 0x08, 0x00, 0x00, 0xd1, // ................
	0x00, 0x00, 0x00, 0xa6, 0x00, 0x05, 0x00, 0xe6, 0x00, 0x00, 0x00, 0xfa, 0x08, 0x00, 0x00, 0xf6, // ................
	0x08, 0x00, 0x00, 0xf9, 0x08, 0x00, 0x00, 0x51, 0x00, 0x05, 0x00, 0x07, 0x00, 0x00, 0x00, 0xfc, // .......Q........
	0x08, 0x00, 0x00, 0xe7, 0x08, 0x00, 0x00, 0x02, 0x00, 0x00, 0x00, 0xbe, 0x00, 0x05, 0x00, 0xe6, // ................
	0x00, 0x00, 0x00, 0xfd, 0x08, 0x00, 0x00, 0xfc, 0x08, 0x00, 0x00, 0xd2, 0x00, 0x00, 0x00, 0xa6, // ................
	0x00, 0x05, 0x00, 0xe6, 0x00, 0x00, 0x00, 0xfe, 0x08, 0x00, 0x00, 0xfa, 0x08, 0x00, 0x00, 0xfd, // ................
	0x08, 0x00, 0x00, 0xf7, 0x00, 0x03, 0x00, 0x00, 0x09, 0x00, 0x00, 0x00, 0x00, 0x00, 0x00, 0xfa, // ................
	0x00, 0x04, 0x00, 0xfe, 0x08, 0x00, 0x00, 0xff, 0x08, 0x00, 0x00, 0x00, 0x09, 0x00, 0x00, 0xf8, // ................
	0x00, 0x02, 0x00, 0xff, 0x08, 0x00, 0x00, 0xf9, 0x00, 0x02, 0x00, 0x15, 0x0a, 0x00, 0x00, 0xf8, // ................
	0x00, 0x02, 0x00, 0x00, 0x09, 0x00, 0x00, 0x41, 0x00, 0x06, 0x00, 0x84, 0x01, 0x00, 0x00, 0x01, // .......A........
	0x09, 0x00, 0x00, 0x81, 0x01, 0x00, 0x00, 0x82, 0x01, 0x00, 0x00, 0xfa, 0x00, 0x00, 0x00, 0x3d, // ...............=
	0x00, 0x04, 0x00, 0x07, 0x00, 0x00, 0x00, 0x02, 0x09, 0x00, 0x00, 0x01, 0x09, 0x00, 0x00, 0x94, // ................
	0x00, 0x05, 0x00, 0x07, 0x00, 0x00, 0x00, 0x05, 0x09, 0x00, 0x00, 0x3d, 0x06, 0x00, 0x00, 0x70, // ...........=...p
	0x06, 0x00, 0x00, 0x0c, 0x00, 0x08, 0x00, 0x07, 0x00, 0x00, 0x00, 0x1a, 0x0a, 0x00, 0x00, 0x01, // ................
	0x00, 0x00, 0x00, 0x2b, 0x00, 0x00, 0x00, 0x05, 0x09, 0x00, 0x00, 0xd1, 0x00, 0x00, 0x00, 0xd2, // ...+............
	0x00, 0x00, 0x00, 0x83, 0x00, 0x05, 0x00, 0x07, 0x00, 0x00, 0x00, 0x07, 0x09, 0x00, 0x00, 0xd2, // ................
	0x00, 0x00, 0x00, 0x1a, 0x0a, 0x00, 0x00, 0x85, 0x00, 0x05, 0x00, 0x07, 0x00, 0x00, 0x00, 0x08, // ................
	0x09, 0x00, 0x00, 0x02, 0x09, 0x00, 0x00, 0x07, 0x09, 0x00, 0x00, 0x51, 0x00, 0x05, 0x00, 0x07, // ...........Q....
	0x00, 0x00, 0x00, 0x0a, 0x09, 0x00, 0x00, 0xe7, 0x08, 0x00, 0x00, 0x02, 0x00, 0x00, 0x00, 0x41, // ...............A
	0x00, 0x06, 0x00, 0x84, 0x01, 0x00, 0x00, 0x0b, 0x09, 0x00, 0x00, 0x81, 0x01, 0x00, 0x00, 0x82, // ................
	0x01, 0x00, 0x00, 0xf7, 0x00, 0x00, 0x00, 0x3d, 0x00, 0x04, 0x00, 0x07, 0x00, 0x00, 0x00, 0x0c, // .......=........
	0x09, 0x00, 0x00, 0x0b, 0x09, 0x00, 0x00, 0x83, 0x00, 0x05, 0x00, 0x07, 0x00, 0x00, 0x00, 0x0d, // ................
	0x09, 0x00, 0x00, 0x0a, 0x09, 0x00, 0x00, 0x0c, 0x09, 0x00, 0x00, 0x83, 0x00, 0x05, 0x00, 0x07, // ................
	0x00, 0x00, 0x00, 0x0f, 0x09, 0x00, 0x00, 0x0d, 0x09, 0x00, 0x00, 0x08, 0x09, 0x00, 0x00, 0x41, // ...............A
	0x00, 0x06, 0x00, 0x84, 0x01, 0x00, 0x00, 0x10, 0x09, 0x00, 0x00, 0x81, 0x01, 0x00, 0x00, 0x82, // ................
	0x01, 0x00, 0x00, 0xfd, 0x00, 0x00, 0x00, 0x3d, 0x00, 0x04, 0x00, 0x07, 0x00, 0x00, 0x00, 0x11, // .......=........
	0x09, 0x00, 0x00, 0x10, 0x09, 0x00, 0x00, 0x50, 0x00, 0x05, 0x00, 0x0b, 0x00, 0x00, 0x00, 0x1e, // .......P........
	0x0a, 0x00, 0x00, 0x11, 0x09, 0x00, 0x00, 0x11, 0x09, 0x00, 0x00, 0x4f, 0x00, 0x07, 0x00, 0x0b, // ...........O....
	0x00, 0x00, 0x00, 0x14, 0x09, 0x00, 0x00, 0xe7, 0x08, 0x00, 0x00, 0xe7, 0x08, 0x00, 0x00, 0x00, // ................
	0x00, 0x00, 0x00, 0x01, 0x00, 0x00, 0x00, 0x85, 0x00, 0x05, 0x00, 0x0b, 0x00, 0x00, 0x00, 0x16, // ................
	0x09, 0x00, 0x00, 0xca, 0x01, 0x00, 0x00, 0x1e, 0x0a, 0x00, 0x00, 0x81, 0x00, 0x05, 0x00, 0x0b, // ................
	0x00, 0x00, 0x00, 0x17, 0x09, 0x00, 0x00, 0x14, 0x09, 0x00, 0x00, 0x16, 0x09, 0x00, 0x00, 0x56, // ...............V
	0x00, 0x05, 0x00, 0xa3, 0x00, 0x00, 0x00, 0x25, 0x0a, 0x00, 0x00, 0x98, 0x00, 0x00, 0x00, 0x95, // .......%........
	0x00, 0x00, 0x00, 0x57, 0x00, 0x05, 0x00, 0x0d, 0x00, 0x00, 0x00, 0x27, 0x0a, 0x00, 0x00, 0x25, // ...W.......'...%
	0x0a, 0x00, 0x00, 0x17, 0x09, 0x00, 0x00, 0x94, 0x00, 0x05, 0x00, 0x07, 0x00, 0x00, 0x00, 0x1b, // ................
	0x09, 0x00, 0x00, 0x27, 0x0a, 0x00, 0x00, 0xd7, 0x01, 0x00, 0x00, 0xbc, 0x00, 0x05, 0x00, 0xe6, // ...'............
	0x00, 0x00, 0x00, 0x1e, 0x09, 0x00, 0x00, 0x0f, 0x09, 0x00, 0x00, 0x1b, 0x09, 0x00, 0x00, 0xa9, // ................
	0x00, 0x06, 0x00, 0x07, 0x00, 0x00, 0x00, 0x1f, 0x09, 0x00, 0x00, 0x1e, 0x09, 0x00, 0x00, 0xd2, // ................
	0x00, 0x00, 0x00, 0xd1, 0x00, 0x00, 0x00, 0x4f, 0x00, 0x07, 0x00, 0x0b, 0x00, 0x00, 0x00, 0x24, // .......O.......$
	0x09, 0x00, 0x00, 0xe7, 0x08, 0x00, 0x00, 0xe7, 0x08, 0x00, 0x00, 0x00, 0x00, 0x00, 0x00, 0x01, // ................
	0x00, 0x00, 0x00, 0x85, 0x00, 0x05, 0x00, 0x0b, 0x00, 0x00, 0x00, 0x26, 0x09, 0x00, 0x00, 0xe4, // ...........&....
	0x01, 0x00, 0x00, 0x1e, 0x0a, 0x00, 0x00, 0x81, 0x00, 0x05, 0x00, 0x0b, 0x00, 0x00, 0x00, 0x27, // ...............'
	0x09, 0x00, 0x00, 0x24, 0x09, 0x00, 0x00, 0x26, 0x09, 0x00, 0x00, 0x56, 0x00, 0x05, 0x00, 0xa3, // ...$...&...V....
	0x00, 0x00, 0x00, 0x2e, 0x0a, 0x00, 0x00, 0x98, 0x00, 0x00, 0x00, 0x95, 0x00, 0x00, 0x00, 0x57, // ...............W
	0x00, 0x05, 0x00, 0x0d, 0x00, 0x00, 0x00, 0x30, 0x0a, 0x00, 0x00, 0x2e, 0x0a, 0x00, 0x00, 0x27, // .......0.......'
	0x09, 0x00, 0x00, 0x94, 0x00, 0x05, 0x00, 0x07, 0x00, 0x00, 0x00, 0x2b, 0x09, 0x00, 0x00, 0x30, // ...........+...0
	0x0a, 0x00, 0x00, 0xd7, 0x01, 0x00, 0x00, 0xbc, 0x00, 0x05, 0x00, 0xe6, 0x00, 0x00, 0x00, 0x2e, // ................
	0x09, 0x00, 0x00, 0x0f, 0x09, 0x00, 0x00, 0x2b, 0x09, 0x00, 0x00, 0xa9, 0x00, 0x06, 0x00, 0x07, // .......+........
	0x00, 0x00, 0x00, 0x2f, 0x09, 0x00, 0x00, 0x2e, 0x09, 0x00, 0x00, 0xd2, 0x00, 0x00, 0x00, 0xd1, // .../............
	0x00, 0x00, 0x00, 0x85, 0x00, 0x05, 0x00, 0x07, 0x00, 0x00, 0x00, 0x30, 0x09, 0x00, 0x00, 0x2f, // ...........0.../
	0x09, 0x00, 0x00, 0xf3, 0x01, 0x00, 0x00, 0x81, 0x00, 0x05, 0x00, 0x07, 0x00, 0x00, 0x00, 0x32, // ...............2
	0x09, 0x00, 0x00, 0x1f, 0x09, 0x00, 0x00, 0x30, 0x09, 0x00, 0x00, 0x4f, 0x00, 0x07, 0x00, 0x0b, // .......0...O....
	0x00, 0x00, 0x00, 0x34, 0x09, 0x00, 0x00, 0xe7, 0x08, 0x00, 0x00, 0xe7, 0x08, 0x00, 0x00, 0x00, // ...4............
	0x00, 0x00, 0x00, 0x01, 0x00, 0x00, 0x00, 0x85, 0x00, 0x05, 0x00, 0x0b, 0x00, 0x00, 0x00, 0x36, // ...............6
	0x09, 0x00, 0x00, 0xfa, 0x01, 0x00, 0x00, 0x1e, 0x0a, 0x00, 0x00, 0x81, 0x00, 0x05, 0x00, 0x0b, // ................
	0x00, 0x00, 0x00, 0x37, 0x09, 0x00, 0x00, 0x34, 0x09, 0x00, 0x00, 0x36, 0x09, 0x00, 0x00, 0x56, // ...7...4...6...V
	0x00, 0x05, 0x00, 0xa3, 0x00, 0x00, 0x00, 0x37, 0x0a, 0x00, 0x00, 0x98, 0x00, 0x00, 0x00, 0x95, // .......7........
	0x00, 0x00, 0x00, 0x57, 0x00, 0x05, 0x00, 0x0d, 0x00, 0x00, 0x00, 0x39, 0x0a, 0x00, 0x00, 0x37, // ...W.......9...7
	0x0a, 0x00, 0x00, 0x37, 0x09, 0x00, 0x00, 0x94, 0x00, 0x05, 0x00, 0x07, 0x00, 0x00, 0x00, 0x3b, // ...7...........;
	0x09, 0x00, 0x00, 0x39, 0x0a, 0x00, 0x00, 0xd7, 0x01, 0x00, 0x00, 0xbc, 0x00, 0x05, 0x00, 0xe6, // ...9............
	0x00, 0x00, 0x00, 0x3e, 0x09, 0x00, 0x00, 0x0f, 0x09, 0x00, 0x00, 0x3b, 0x09, 0x00, 0x00, 0xa9, // ...>.......;....
	0x00, 0x06, 0x00, 0x07, 0x00, 0x00, 0x00, 0x3f, 0x09, 0x00, 0x00, 0x3e, 0x09, 0x00, 0x00, 0xd2, // .......?...>....
	0x00, 0x00, 0x00, 0xd1, 0x00, 0x00, 0x00, 0x85, 0x00, 0x05, 0x00, 0x07, 0x00, 0x00, 0x00, 0x40, // ...............@
	0x09, 0x00, 0x00, 0x3f, 0x09, 0x00, 0x00, 0xf3, 0x01, 0x00, 0x00, 0x81, 0x00, 0x05, 0x00, 0x07, // ...?............
	0x00, 0x00, 0x00, 0x42, 0x09, 0x00, 0x00, 0x32, 0x09, 0x00, 0x00, 0x40, 0x09, 0x00, 0x00, 0x4f, // ...B...2...@...O
	0x00, 0x07, 0x00, 0x0b, 0x00, 0x00, 0x00, 0x44, 0x09, 0x00, 0x00, 0xe7, 0x08, 0x00, 0x00, 0xe7, // .......D........
	0x08, 0x00, 0x00, 0x00, 0x00, 0x00, 0x00, 0x01, 0x00, 0x00, 0x00, 0x85, 0x00, 0x05, 0x00, 0x0b, // ................
	0x00, 0x00, 0x00, 0x46, 0x09, 0x00, 0x00, 0x10, 0x02, 0x00, 0x00, 0x1e, 0x0a, 0x00, 0x00, 0x81, // ...F............
	0x00, 0x05, 0x00, 0x0b, 0x00, 0x00, 0x00, 0x47, 0x09, 0x00, 0x00, 0x44, 0x09, 0x00, 0x00, 0x46, // .......G...D...F
	0x09, 0x00, 0x00, 0x56, 0x00, 0x05, 0x00, 0xa3, 0x00, 0x00, 0x00, 0x40, 0x0a, 0x00, 0x00, 0x98, // ...V.......@....
	0x00, 0x00, 0x00, 0x95, 0x00, 0x00, 0x00, 0x57, 0x00, 0x05, 0x00, 0x0d, 0x00, 0x00, 0x00, 0x42, // .......W.......B
	0x0a, 0x00, 0x00, 0x40, 0x0a, 0x00, 0x00, 0x47, 0x09, 0x00, 0x00, 0x94, 0x00, 0x05, 0x00, 0x07, // ...@...G........
	0x00, 0x00, 0x00, 0x4b, 0x09, 0x00, 0x00, 0x42, 0x0a, 0x00, 0x00, 0xd7, 0x01, 0x00, 0x00, 0xbc, // ...K...B........
	0x00, 0x05, 0x00, 0xe6, 0x00, 0x00, 0x00, 0x4e, 0x09, 0x00, 0x00, 0x0f, 0x09, 0x00, 0x00, 0x4b, // .......N.......K
	0x09, 0x00, 0x00, 0xa9, 0x00, 0x06, 0x00, 0x07, 0x00, 0x00, 0x00, 0x4f, 0x09, 0x00, 0x00, 0x4e, // ...........O...N
	0x09, 0x00, 0x00, 0xd2, 0x00, 0x00, 0x00, 0xd1, 0x00, 0x00, 0x00, 0x81, 0x00, 0x05, 0x00, 0x07, // ................
	0x00, 0x00, 0x00, 0x52, 0x09, 0x00, 0x00, 0x42, 0x09, 0x00, 0x00, 0x4f, 0x09, 0x00, 0x00, 0x4f, // ...R...B...O...O
	0x00, 0x07, 0x00, 0x0b, 0x00, 0x00, 0x00, 0x54, 0x09, 0x00, 0x00, 0xe7, 0x08, 0x00, 0x00, 0xe7, // .......T........
	0x08, 0x00, 0x00, 0x00, 0x00, 0x00, 0x00, 0x01, 0x00, 0x00, 0x00, 0x85, 0x00, 0x05, 0x00, 0x0b, // ................
	0x00, 0x00, 0x00, 0x56, 0x09, 0x00, 0x00, 0x25, 0x02, 0x00, 0x00, 0x1e, 0x0a, 0x00, 0x00, 0x81, // ...V...%........
	0x00, 0x05, 0x00, 0x0b, 0x00, 0x00, 0x00, 0x57, 0x09, 0x00, 0x00, 0x54, 0x09, 0x00, 0x00, 0x56, // .......W...T...V
	0x09, 0x00, 0x00, 0x56, 0x00, 0x05, 0x00, 0xa3, 0x00, 0x00, 0x00, 0x49, 0x0a, 0x00, 0x00, 0x98, // ...V.......I....
	0x00, 0x00, 0x00, 0x95, 0x00, 0x00, 0x00, 0x57, 0x00, 0x05, 0x00, 0x0d, 0x00, 0x00, 0x00, 0x4b, // .......W.......K
	0x0a, 0x00, 0x00, 0x49, 0x0a, 0x00, 0x00, 0x57, 0x09, 0x00, 0x00, 0x94, 0x00, 0x05, 0x00, 0x07, // ...I...W........
	0x00, 0x00, 0x00, 0x5b, 0x09, 0x00, 0x00, 0x4b, 0x0a, 0x00, 0x00, 0xd7, 0x01, 0x00, 0x00, 0xbc, // ...[...K........
	0x00, 0x05, 0x00, 0xe6, 0x00, 0x00, 0x00, 0x5e, 0x09, 0x00, 0x00, 0x0f, 0x09, 0x00, 0x00, 0x5b, // .......^.......[
	0x09, 0x00, 0x00, 0xa9, 0x00, 0x06, 0x00, 0x07, 0x00, 0x00, 0x00, 0x5f, 0x09, 0x00, 0x00, 0x5e, // ..........._...^
	0x09, 0x00, 0x00, 0xd2, 0x00, 0x00, 0x00, 0xd1, 0x00, 0x00, 0x00, 0x85, 0x00, 0x05, 0x00, 0x07, // ................
	0x00, 0x00, 0x00, 0x60, 0x09, 0x00, 0x00, 0x5f, 0x09, 0x00, 0x00, 0xf3, 0x01, 0x00, 0x00, 0x81, // ...`..._........
	0x00, 0x05, 0x00, 0x07, 0x00, 0x00, 0x00, 0x62, 0x09, 0x00, 0x00, 0x52, 0x09, 0x00, 0x00, 0x60, // .......b...R...`
	0x09, 0x00, 0x00, 0x4f, 0x00, 0x07, 0x00, 0x0b, 0x00, 0x00, 0x00, 0x64, 0x09, 0x00, 0x00, 0xe7, // ...O.......d....
	0x08, 0x00, 0x00, 0xe7, 0x08, 0x00, 0x00, 0x00, 0x00, 0x00, 0x00, 0x01, 0x00, 0x00, 0x00, 0x85, // ................
	0x00, 0x05, 0x00, 0x0b, 0x00, 0x00, 0x00, 0x66, 0x09, 0x00, 0x00, 0x3a, 0x02, 0x00, 0x00, 0x1e, // .......f...:....
	0x0a, 0x00, 0x00, 0x81, 0x00, 0x05, 0x00, 0x0b, 0x00, 0x00, 0x00, 0x67, 0x09, 0x00, 0x00, 0x64, // ...........g...d
	0x09, 0x00, 0x00, 0x66, 0x09, 0x00, 0x00, 0x56, 0x00, 0x05, 0x00, 0xa3, 0x00, 0x00, 0x00, 0x52, // ...f...V.......R
	0x0a, 0x00, 0x00, 0x98, 0x00, 0x00, 0x00, 0x95, 0x00, 0x00, 0x00, 0x57, 0x00, 0x05, 0x00, 0x0d, // ...........W....
	0x00, 0x00, 0x00, 0x54, 0x0a, 0x00, 0x00, 0x52, 0x0a, 0x00, 0x00, 0x67, 0x09, 0x00, 0x00, 0x94, // ...T...R...g....
	0x00, 0x05, 0x00, 0x07, 0x00, 0x00, 0x00, 0x6b, 0x09, 0x00, 0x00, 0x54, 0x0a, 0x00, 0x00, 0xd7, // .......k...T....
	0x01, 0x00, 0x00, 0xbc, 0x00, 0x05, 0x00, 0xe6, 0x00, 0x00, 0x00, 0x6e, 0x09, 0x00, 0x00, 0x0f, // ...........n....
	0x09, 0x00, 0x00, 0x6b, 0x09, 0x00, 0x00, 0xa9, 0x00, 0x06, 0x00, 0x07, 0x00, 0x00, 0x00, 0x6f, // ...k...........o
	0x09, 0x00, 0x00, 0x6e, 0x09, 0x00, 0x00, 0xd2, 0x00, 0x00, 0x00, 0xd1, 0x00, 0x00, 0x00, 0x85, // ...n............
	0x00, 0x05, 0x00, 0x07, 0x00, 0x00, 0x00, 0x70, 0x09, 0x00, 0x00, 0x6f, 0x09, 0x00, 0x00, 0x49, // .......p...o...I
	0x02, 0x00, 0x00, 0x81, 0x00, 0x05, 0x00, 0x07, 0x00, 0x00, 0x00, 0x72, 0x09, 0x00, 0x00, 0x62, // ...........r...b
	0x09, 0x00, 0x00, 0x70, 0x09, 0x00, 0x00, 0x4f, 0x00, 0x07, 0x00, 0x0b, 0x00, 0x00, 0x00, 0x74, // ...p...O.......t
	0x09, 0x00, 0x00, 0xe7, 0x08, 0x00, 0x00, 0xe7, 0x08, 0x00, 0x00, 0x00, 0x00, 0x00, 0x00, 0x01, // ................
	0x00, 0x00, 0x00, 0x85, 0x00, 0x05, 0x00, 0x0b, 0x00, 0x00, 0x00, 0x76, 0x09, 0x00, 0x00, 0x50, // ...........v...P
	0x02, 0x00, 0x00, 0x1e, 0x0a, 0x00, 0x00, 0x81, 0x00, 0x05, 0x00, 0x0b, 0x00, 0x00, 0x00, 0x77, // ...............w
	0x09, 0x00, 0x00, 0x74, 0x09, 0x00, 0x00, 0x76, 0x09, 0x00, 0x00, 0x56, 0x00, 0x05, 0x00, 0xa3, // ...t...v...V....
	0x00, 0x00, 0x00, 0x5b, 0x0a, 0x00, 0x00, 0x98, 0x00, 0x00, 0x00, 0x95, 0x00, 0x00, 0x00, 0x57, // ...[...........W
	0x00, 0x05, 0x00, 0x0d, 0x00, 0x00, 0x00, 0x5d, 0x0a, 0x00, 0x00, 0x5b, 0x0a, 0x00, 0x00, 0x77, // .......]...[...w
	0x09, 0x00, 0x00, 0x94, 0x00, 0x05, 0x00, 0x07, 0x00, 0x00, 0x00, 0x7b, 0x09, 0x00, 0x00, 0x5d, // ...........{...]
	0x0a, 0x00, 0x00, 0xd7, 0x01, 0x00, 0x00, 0xbc, 0x00, 0x05, 0x00, 0xe6, 0x00, 0x00, 0x00, 0x7e, // ...............~
	0x09, 0x00, 0x00, 0x0f, 0x09, 0x00, 0x00, 0x7b, 0x09, 0x00, 0x00, 0xa9, 0x00, 0x06, 0x00, 0x07, // .......{........
	0x00, 0x00, 0x00, 0x7f, 0x09, 0x00, 0x00, 0x7e, 0x09, 0x00, 0x00, 0xd2, 0x00, 0x00, 0x00, 0xd1, // .......~........
	0x00, 0x00, 0x00, 0x85, 0x00, 0x05, 0x00, 0x07, 0x00, 0x00, 0x00, 0x80, 0x09, 0x00, 0x00, 0x7f, // ................
	0x09, 0x00, 0x00, 0x49, 0x02, 0x00, 0x00, 0x81, 0x00, 0x05, 0x00, 0x07, 0x00, 0x00, 0x00, 0x82, // ...I............
	0x09, 0x00, 0x00, 0x72, 0x09, 0x00, 0x00, 0x80, 0x09, 0x00, 0x00, 0x4f, 0x00, 0x07, 0x00, 0x0b, // ...r.......O....
	0x00, 0x00, 0x00, 0x84, 0x09, 0x00, 0x00, 0xe7, 0x08, 0x00, 0x00, 0xe7, 0x08, 0x00, 0x00, 0x00, // ................
	0x00, 0x00, 0x00, 0x01, 0x00, 0x00, 0x00, 0x85, 0x00, 0x05, 0x00, 0x0b, 0x00, 0x00, 0x00, 0x86, // ................
	0x09, 0x00, 0x00, 0x65, 0x02, 0x00, 0x00, 0x1e, 0x0a, 0x00, 0x00, 0x81, 0x00, 0x05, 0x00, 0x0b, // ...e............
	0x00, 0x00, 0x00, 0x87, 0x09, 0x00, 0x00, 0x84, 0x09, 0x00, 0x00, 0x86, 0x09, 0x00, 0x00, 0x56, // ...............V
	0x00, 0x05, 0x00, 0xa3, 0x00, 0x00, 0x00, 0x64, 0x0a, 0x00, 0x00, 0x98, 0x00, 0x00, 0x00, 0x95, // .......d........
	0x00, 0x00, 0x00, 0x57, 0x00, 0x05, 0x00, 0x0d, 0x00, 0x00, 0x00, 0x66, 0x0a, 0x00, 0x00, 0x64, // ...W.......f...d
	0x0a, 0x00, 0x00, 0x87, 0x09, 0x00, 0x00, 0x94, 0x00, 0x05, 0x00, 0x07, 0x00, 0x00, 0x00, 0x8b, // ................
	0x09, 0x00, 0x00, 0x66, 0x0a, 0x00, 0x00, 0xd7, 0x01, 0x00, 0x00, 0xbc, 0x00, 0x05, 0x00, 0xe6, // ...f............
	0x00, 0x00, 0x00, 0x8e, 0x09, 0x00, 0x00, 0x0f, 0x09, 0x00, 0x00, 0x8b, 0x09, 0x00, 0x00, 0xa9, // ................
	0x00, 0x06, 0x00, 0x07, 0x00, 0x00, 0x00, 0x8f, 0x09, 0x00, 0x00, 0x8e, 0x09, 0x00, 0x00, 0xd2, // ................
	0x00, 0x00, 0x00, 0xd1, 0x00, 0x00, 0x00, 0x85, 0x00, 0x05, 0x00, 0x07, 0x00, 0x00, 0x00, 0x90, // ................
	0x09, 0x00, 0x00, 0x8f, 0x09, 0x00, 0x00, 0xf3, 0x01, 0x00, 0x00, 0x81, 0x00, 0x05, 0x00, 0x07, // ................
	0x00, 0x00, 0x00, 0x92, 0x09, 0x00, 0x00, 0x82, 0x09, 0x00, 0x00, 0x90, 0x09, 0x00, 0x00, 0x4f, // ...............O
	0x00, 0x07, 0x00, 0x0b, 0x00, 0x00, 0x00, 0x94, 0x09, 0x00, 0x00, 0xe7, 0x08, 0x00, 0x00, 0xe7, // ................
	0x08, 0x00, 0x00, 0x00, 0x00, 0x00, 0x00, 0x01, 0x00, 0x00, 0x00, 0x85, 0x00, 0x05, 0x00, 0x0b, // ................
	0x00, 0x00, 0x00, 0x96, 0x09, 0x00, 0x00, 0x7a, 0x02, 0x00, 0x00, 0x1e, 0x0a, 0x00, 0x00, 0x81, // .......z........
	0x00, 0x05, 0x00, 0x0b, 0x00, 0x00, 0x00, 0x97, 0x09, 0x00, 0x00, 0x94, 0x09, 0x00, 0x00, 0x96, // ................
	0x09, 0x00, 0x00, 0x56, 0x00, 0x05, 0x00, 0xa3, 0x00, 0x00, 0x00, 0x6d, 0x0a, 0x00, 0x00, 0x98, // ...V.......m....
	0x00, 0x00, 0x00, 0x95, 0x00, 0x00, 0x00, 0x57, 0x00, 0x05, 0x00, 0x0d, 0x00, 0x00, 0x00, 0x6f, // .......W.......o
	0x0a, 0x00, 0x00, 0x6d, 0x0a, 0x00, 0x00, 0x97, 0x09, 0x00, 0x00, 0x94, 0x00, 0x05, 0x00, 0x07, // ...m............
	0x00, 0x00, 0x00, 0x9b, 0x09, 0x00, 0x00, 0x6f, 0x0a, 0x00, 0x00, 0xd7, 0x01, 0x00, 0x00, 0xbc, // .......o........
	0x00, 0x05, 0x00, 0xe6, 0x00, 0x00, 0x00, 0x9e, 0x09, 0x00, 0x00, 0x0f, 0x09, 0x00, 0x00, 0x9b, // ................
	0x09, 0x00, 0x00, 0xa9, 0x00, 0x06, 0x00, 0x07, 0x00, 0x00, 0x00, 0x9f, 0x09, 0x00, 0x00, 0x9e, // ................
	0x09, 0x00, 0x00, 0xd2, 0x00, 0x00, 0x00, 0xd1, 0x00, 0x00, 0x00, 0x85, 0x00, 0x05, 0x00, 0x07, // ................
	0x00, 0x00, 0x00, 0xa0, 0x09, 0x00, 0x00, 0x9f, 0x09, 0x00, 0x00, 0xf3, 0x01, 0x00, 0x00, 0x81, // ................
	0x00, 0x05, 0x00, 0x07, 0x00, 0x00, 0x00, 0xa2, 0x09, 0x00, 0x00, 0x92, 0x09, 0x00, 0x00, 0xa0, // ................
	0x09, 0x00, 0x00, 0x4f, 0x00, 0x07, 0x00, 0x0b, 0x00, 0x00, 0x00, 0xa4, 0x09, 0x00, 0x00, 0xe7, // ...O............
	0x08, 0x00, 0x00, 0xe7, 0x08, 0x00, 0x00, 0x00, 0x00, 0x00, 0x00, 0x01, 0x00, 0x00, 0x00, 0x85, // ................
	0x00, 0x05, 0x00, 0x0b, 0x00, 0x00, 0x00, 0xa6, 0x09, 0x00, 0x00, 0x8f, 0x02, 0x00, 0x00, 0x1e, // ................
	0x0a, 0x00, 0x00, 0x81, 0x00, 0x05, 0x00, 0x0b, 0x00, 0x00, 0x00, 0xa7, 0x09, 0x00, 0x00, 0xa4, // ................
	0x09, 0x00, 0x00, 0xa6, 0x09, 0x00, 0x00, 0x56, 0x00, 0x05, 0x00, 0xa3, 0x00, 0x00, 0x00, 0x76, // .......V.......v
	0x0a, 0x00, 0x00, 0x98, 0x00, 0x00, 0x00, 0x95, 0x00, 0x00, 0x00, 0x57, 0x00, 0x05, 0x00, 0x0d, // ...........W....
	0x00, 0x00, 0x00, 0x78, 0x0a, 0x00, 0x00, 0x76, 0x0a, 0x00, 0x00, 0xa7, 0x09, 0x00, 0x00, 0x94, // ...x...v........
	0x00, 0x05, 0x00, 0x07, 0x00, 0x00, 0x00, 0xab, 0x09, 0x00, 0x00, 0x78, 0x0a, 0x00, 0x00, 0xd7, // ...........x....
	0x01, 0x00, 0x00, 0xbc, 0x00, 0x05, 0x00, 0xe6, 0x00, 0x00, 0x00, 0xae, 0x09, 0x00, 0x00, 0x0f, // ................
	0x09, 0x00, 0x00, 0xab, 0x09, 0x00, 0x00, 0xa9, 0x00, 0x06, 0x00, 0x07, 0x00, 0x00, 0x00, 0xaf, // ................
	0x09, 0x00, 0x00, 0xae, 0x09, 0x00, 0x00, 0xd2, 0x00, 0x00, 0x00, 0xd1, 0x00, 0x00, 0x00, 0x85, // ................
	0x00, 0x05, 0x00, 0x07, 0x00, 0x00, 0x00, 0xb0, 0x09, 0x00, 0x00, 0xaf, 0x09, 0x00, 0x00, 0x49, // ...............I
	0x02, 0x00, 0x00, 0x81, 0x00, 0x05, 0x00, 0x07, 0x00, 0x00, 0x00, 0xb2, 0x09, 0x00, 0x00, 0xa2, // ................
	0x09, 0x00, 0x00, 0xb0, 0x09, 0x00, 0x00, 0x4f, 0x00, 0x07, 0x00, 0x0b, 0x00, 0x00, 0x00, 0xb4, // .......O........
	0x09, 0x00, 0x00, 0xe7, 0x08, 0x00, 0x00, 0xe7, 0x08, 0x00, 0x00, 0x00, 0x00, 0x00, 0x00, 0x01, // ................
	0x00, 0x00, 0x00, 0x85, 0x00, 0x05, 0x00, 0x0b, 0x00, 0x00, 0x00, 0xb6, 0x09, 0x00, 0x00, 0xa4, // ................
	0x02, 0x00, 0x00, 0x1e, 0x0a, 0x00, 0x00, 0x81, 0x00, 0x05, 0x00, 0x0b, 0x00, 0x00, 0x00, 0xb7, // ................
	0x09, 0x00, 0x00, 0xb4, 0x09, 0x00, 0x00, 0xb6, 0x09, 0x00, 0x00, 0x56, 0x00, 0x05, 0x00, 0xa3, // ...........V....
	0x00, 0x00, 0x00, 0x7f, 0x0a, 0x00, 0x00, 0x98, 0x00, 0x00, 0x00, 0x95, 0x00, 0x00, 0x00, 0x57, // ...............W
	0x00, 0x05, 0x00, 0x0d, 0x00, 0x00, 0x00, 0x81, 0x0a, 0x00, 0x00, 0x7f, 0x0a, 0x00, 0x00, 0xb7, // ................
	0x09, 0x00, 0x00, 0x94, 0x00, 0x05, 0x00, 0x07, 0x00, 0x00, 0x00, 0xbb, 0x09, 0x00, 0x00, 0x81, // ................
	0x0a, 0x00, 0x00, 0xd7, 0x01, 0x00, 0x00, 0xbc, 0x00, 0x05, 0x00, 0xe6, 0x00, 0x00, 0x00, 0xbe, // ................
	0x09, 0x00, 0x00, 0x0f, 0x09, 0x00, 0x00, 0xbb, 0x09, 0x00, 0x00, 0xa9, 0x00, 0x06, 0x00, 0x07, // ................
	0x00, 0x00, 0x00, 0xbf, 0x09, 0x00, 0x00, 0xbe, 0x09, 0x00, 0x00, 0xd2, 0x00, 0x00, 0x00, 0xd1, // ................
	0x00, 0x00, 0x00, 0x85, 0x00, 0x05, 0x00, 0x07, 0x00, 0x00, 0x00, 0xc0, 0x09, 0x00, 0x00, 0xbf, // ................
	0x09, 0x00, 0x00, 0x49, 0x02, 0x00, 0x00, 0x81, 0x00, 0x05, 0x00, 0x07, 0x00, 0x00, 0x00, 0xc2, // ...I............
	0x09, 0x00, 0x00, 0xb2, 0x09, 0x00, 0x00, 0xc0, 0x09, 0x00, 0x00, 0x4f, 0x00, 0x07, 0x00, 0x0b, // ...........O....
	0x00, 0x00, 0x00, 0xc4, 0x09, 0x00, 0x00, 0xe7, 0x08, 0x00, 0x00, 0xe7, 0x08, 0x00, 0x00, 0x00, // ................
	0x00, 0x00, 0x00, 0x01, 0x00, 0x00, 0x00, 0x85, 0x00, 0x05, 0x00, 0x0b, 0x00, 0x00, 0x00, 0xc6, // ................
	0x09, 0x00, 0x00, 0xb9, 0x02, 0x00, 0x00, 0x1e, 0x0a, 0x00, 0x00, 0x81, 0x00, 0x05, 0x00, 0x0b, // ................
	0x00, 0x00, 0x00, 0xc7, 0x09, 0x00, 0x00, 0xc4, 0x09, 0x00, 0x00, 0xc6, 0x09, 0x00, 0x00, 0x56, // ...............V
	0x00, 0x05, 0x00, 0xa3, 0x00, 0x00, 0x00, 0x88, 0x0a, 0x00, 0x00, 0x98, 0x00, 0x00, 0x00, 0x95, // ................
	0x00, 0x00, 0x00, 0x57, 0x00, 0x05, 0x00, 0x0d, 0x00, 0x00, 0x00, 0x8a, 0x0a, 0x00, 0x00, 0x88, // ...W............
	0x0a, 0x00, 0x00, 0xc7, 0x09, 0x00, 0x00, 0x94, 0x00, 0x05, 0x00, 0x07, 0x00, 0x00, 0x00, 0xcb, // ................
	0x09, 0x00, 0x00, 0x8a, 0x0a, 0x00, 0x00, 0xd7, 0x01, 0x00, 0x00, 0xbc, 0x00, 0x05, 0x00, 0xe6, // ................
	0x00, 0x00, 0x00, 0xce, 0x09, 0x00, 0x00, 0x0f, 0x09, 0x00, 0x00, 0xcb, 0x09, 0x00, 0x00, 0xa9, // ................
	0x00, 0x06, 0x00, 0x07, 0x00, 0x00, 0x00, 0xcf, 0x09, 0x00, 0x00, 0xce, 0x09, 0x00, 0x00, 0xd2, // ................
	0x00, 0x00, 0x00, 0xd1, 0x00, 0x00, 0x00, 0x85, 0x00, 0x05, 0x00, 0x07, 0x00, 0x00, 0x00, 0xd0, // ................
	0x09, 0x00, 0x00, 0xcf, 0x09, 0x00, 0x00, 0xf3, 0x01, 0x00, 0x00, 0x81, 0x00, 0x05, 0x00, 0x07, // ................
	0x00, 0x00, 0x00, 0xd2, 0x09, 0x00, 0x00, 0xc2, 0x09, 0x00, 0x00, 0xd0, 0x09, 0x00, 0x00, 0x4f, // ...............O
	0x00, 0x07, 0x00, 0x0b, 0x00, 0x00, 0x00, 0xd4, 0x09, 0x00, 0x00, 0xe7, 0x08, 0x00, 0x00, 0xe7, // ................
	0x08, 0x00, 0x00, 0x00, 0x00, 0x00, 0x00, 0x01, 0x00, 0x00, 0x00, 0x85, 0x00, 0x05, 0x00, 0x0b, // ................
	0x00, 0x00, 0x00, 0xd6, 0x09, 0x00, 0x00, 0xce, 0x02, 0x00, 0x00, 0x1e, 0x0a, 0x00, 0x00, 0x81, // ................
	0x00, 0x05, 0x00, 0x0b, 0x00, 0x00, 0x00, 0xd7, 0x09, 0x00, 0x00, 0xd4, 0x09, 0x00, 0x00, 0xd6, // ................
	0x09, 0x00, 0x00, 0x56, 0x00, 0x05, 0x00, 0xa3, 0x00, 0x00, 0x00, 0x91, 0x0a, 0x00, 0x00, 0x98, // ...V............
	0x00, 0x00, 0x00, 0x95, 0x00, 0x00, 0x00, 0x57, 0x00, 0x05, 0x00, 0x0d, 0x00, 0x00, 0x00, 0x93, // .......W........
	0x0a, 0x00, 0x00, 0x91, 0x0a, 0x00, 0x00, 0xd7, 0x09, 0x00, 0x00, 0x94, 0x00, 0x05, 0x00, 0x07, // ................
	0x00, 0x00, 0x00, 0xdb, 0x09, 0x00, 0x00, 0x93, 0x0a, 0x00, 0x00, 0xd7, 0x01, 0x00, 0x00, 0xbc, // ................
	0x00, 0x05, 0x00, 0xe6, 0x00, 0x00, 0x00, 0xde, 0x09, 0x00, 0x00, 0x0f, 0x09, 0x00, 0x00, 0xdb, // ................
	0x09, 0x00, 0x00, 0xa9, 0x00, 0x06, 0x00, 0x07, 0x00, 0x00, 0x00, 0xdf, 0x09, 0x00, 0x00, 0xde, // ................
	0x09, 0x00, 0x00, 0xd2, 0x00, 0x00, 0x00, 0xd1, 0x00, 0x00, 0x00, 0x81, 0x00, 0x05, 0x00, 0x07, // ................
	0x00, 0x00, 0x00, 0xe2, 0x09, 0x00, 0x00, 0xd2, 0x09, 0x00, 0x00, 0xdf, 0x09, 0x00, 0x00, 0x4f, // ...............O
	0x00, 0x07, 0x00, 0x0b, 0x00, 0x00, 0x00, 0xe4, 0x09, 0x00, 0x00, 0xe7, 0x08, 0x00, 0x00, 0xe7, // ................
	0x08, 0x00, 0x00, 0x00, 0x00, 0x00, 0x00, 0x01, 0x00, 0x00, 0x00, 0x85, 0x00, 0x05, 0x00, 0x0b, // ................
	0x00, 0x00, 0x00, 0xe6, 0x09, 0x00, 0x00, 0xe3, 0x02, 0x00, 0x00, 0x1e, 0x0a, 0x00, 0x00, 0x81, // ................
	0x00, 0x05, 0x00, 0x0b, 0x00, 0x00, 0x00, 0xe7, 0x09, 0x00, 0x00, 0xe4, 0x09, 0x00, 0x00, 0xe6, // ................
	0x09, 0x00, 0x00, 0x56, 0x00, 0x05, 0x00, 0xa3, 0x00, 0x00, 0x00, 0x9a, 0x0a, 0x00, 0x00, 0x98, // ...V............
	0x00, 0x00, 0x00, 0x95, 0x00, 0x00, 0x00, 0x57, 0x00, 0x05, 0x00, 0x0d, 0x00, 0x00, 0x00, 0x9c, // .......W........
	0x0a, 0x00, 0x00, 0x9a, 0x0a, 0x00, 0x00, 0xe7, 0x09, 0x00, 0x00, 0x94, 0x00, 0x05, 0x00, 0x07, // ................
	0x00, 0x00, 0x00, 0xeb, 0x09, 0x00, 0x00, 0x9c, 0x0a, 0x00, 0x00, 0xd7, 0x01, 0x00, 0x00, 0xbc, // ................
	0x00, 0x05, 0x00, 0xe6, 0x00, 0x00, 0x00, 0xee, 0x09, 0x00, 0x00, 0x0f, 0x09, 0x00, 0x00, 0xeb, // ................
	0x09, 0x00, 0x00, 0xa9, 0x00, 0x06, 0x00, 0x07, 0x00, 0x00, 0x00, 0xef, 0x09, 0x00, 0x00, 0xee, // ................
	0x09, 0x00, 0x00, 0xd2, 0x00, 0x00, 0x00, 0xd1, 0x00, 0x00, 0x00, 0x85, 0x00, 0x05, 0x00, 0x07, // ................
	0x00, 0x00, 0x00, 0xf0, 0x09, 0x00, 0x00, 0xef, 0x09, 0x00, 0x00, 0xf3, 0x01, 0x00, 0x00, 0x81, // ................
	0x00, 0x05, 0x00, 0x07, 0x00, 0x00, 0x00, 0xf2, 0x09, 0x00, 0x00, 0xe2, 0x09, 0x00, 0x00, 0xf0, // ................
	0x09, 0x00, 0x00, 0x4f, 0x00, 0x07, 0x00, 0x0b, 0x00, 0x00, 0x00, 0xf4, 0x09, 0x00, 0x00, 0xe7, // ...O............
	0x08, 0x00, 0x00, 0xe7, 0x08, 0x00, 0x00, 0x00, 0x00, 0x00, 0x00, 0x01, 0x00, 0x00, 0x00, 0x85, // ................
	0x00, 0x05, 0x00, 0x0b, 0x00, 0x00, 0x00, 0xf6, 0x09, 0x00, 0x00, 0xf8, 0x02, 0x00, 0x00, 0x1e, // ................
	0x0a, 0x00, 0x00, 0x81, 0x00, 0x05, 0x00, 0x0b, 0x00, 0x00, 0x00, 0xf7, 0x09, 0x00, 0x00, 0xf4, // ................
	0x09, 0x00, 0x00, 0xf6, 0x09, 0x00, 0x00, 0x56, 0x00, 0x05, 0x00, 0xa3, 0x00, 0x00, 0x00, 0xa3, // .......V........
	0x0a, 0x00, 0x00, 0x98, 0x00, 0x00, 0x00, 0x95, 0x00, 0x00, 0x00, 0x57, 0x00, 0x05, 0x00, 0x0d, // ...........W....
	0x00, 0x00, 0x00, 0xa5, 0x0a, 0x00, 0x00, 0xa3, 0x0a, 0x00, 0x00, 0xf7, 0x09, 0x00, 0x00, 0x94, // ................
	0x00, 0x05, 0x00, 0x07, 0x00, 0x00, 0x00, 0xfb, 0x09, 0x00, 0x00, 0xa5, 0x0a, 0x00, 0x00, 0xd7, // ................
	0x01, 0x00, 0x00, 0xbc, 0x00, 0x05, 0x00, 0xe6, 0x00, 0x00, 0x00, 0xfe, 0x09, 0x00, 0x00, 0x0f, // ................
	0x09, 0x00, 0x00, 0xfb, 0x09, 0x00, 0x00, 0xa9, 0x00, 0x06, 0x00, 0x07, 0x00, 0x00, 0x00, 0xff, // ................
	0x09, 0x00, 0x00, 0xfe, 0x09, 0x00, 0x00, 0xd2, 0x00, 0x00, 0x00, 0xd1, 0x00, 0x00, 0x00, 0x85, // ................
	0x00, 0x05, 0x00, 0x07, 0x00, 0x00, 0x00, 0x00, 0x0a, 0x00, 0x00, 0xff, 0x09, 0x00, 0x00, 0xf3, // ................
	0x01, 0x00, 0x00, 0x81, 0x00, 0x05, 0x00, 0x07, 0x00, 0x00, 0x00, 0x02, 0x0a, 0x00, 0x00, 0xf2, // ................
	0x09, 0x00, 0x00, 0x00, 0x0a, 0x00, 0x00, 0x4f, 0x00, 0x07, 0x00, 0x0b, 0x00, 0x00, 0x00, 0x04, // .......O........
	0x0a, 0x00, 0x00, 0xe7, 0x08, 0x00, 0x00, 0xe7, 0x08, 0x00, 0x00, 0x00, 0x00, 0x00, 0x00, 0x01, // ................
	0x00, 0x00, 0x00, 0x85, 0x00, 0x05, 0x00, 0x0b, 0x00, 0x00, 0x00, 0x06, 0x0a, 0x00, 0x00, 0x0d, // ................
	0x03, 0x00, 0x00, 0x1e, 0x0a, 0x00, 0x00, 0x81, 0x00, 0x05, 0x00, 0x0b, 0x00, 0x00, 0x00, 0x07, // ................
	0x0a, 0x00, 0x00, 0x04, 0x0a, 0x00, 0x00, 0x06, 0x0a, 0x00, 0x00, 0x56, 0x00, 0x05, 0x00, 0xa3, // ...........V....
	0x00, 0x00, 0x00, 0xac, 0x0a, 0x00, 0x00, 0x98, 0x00, 0x00, 0x00, 0x95, 0x00, 0x00, 0x00, 0x57, // ...............W
	0x00, 0x05, 0x00, 0x0d, 0x00, 0x00, 0x00, 0xae, 0x0a, 0x00, 0x00, 0xac, 0x0a, 0x00, 0x00, 0x07, // ................
	0x0a, 0x00, 0x00, 0x94, 0x00, 0x05, 0x00, 0x07, 0x00, 0x00, 0x00, 0x0b, 0x0a, 0x00, 0x00, 0xae, // ................
	0x0a, 0x00, 0x00, 0xd7, 0x01, 0x00, 0x00, 0xbc, 0x00, 0x05, 0x00, 0xe6, 0x00, 0x00, 0x00, 0x0e, // ................
	0x0a, 0x00, 0x00, 0x0f, 0x09, 0x00, 0x00, 0x0b, 0x0a, 0x00, 0x00, 0xa9, 0x00, 0x06, 0x00, 0x07, // ................
	0x00, 0x00, 0x00, 0x0f, 0x0a, 0x00, 0x00, 0x0e, 0x0a, 0x00, 0x00, 0xd2, 0x00, 0x00, 0x00, 0xd1, // ................
	0x00, 0x00, 0x00, 0x81, 0x00, 0x05, 0x00, 0x07, 0x00, 0x00, 0x00, 0x12, 0x0a, 0x00, 0x00, 0x02, // ................
	0x0a, 0x00, 0x00, 0x0f, 0x0a, 0x00, 0x00, 0x85, 0x00, 0x05, 0x00, 0x07, 0x00, 0x00, 0x00, 0x14, // ................
	0x0a, 0x00, 0x00, 0x12, 0x0a, 0x00, 0x00, 0x0b, 0x0d, 0x00, 0x00, 0xf9, 0x00, 0x02, 0x00, 0x15, // ................
	0x0a, 0x00, 0x00, 0xf8, 0x00, 0x02, 0x00, 0x15, 0x0a, 0x00, 0x00, 0xf5, 0x00, 0x09, 0x00, 0x07, // ................
	0x00, 0x00, 0x00, 0x11, 0x0d, 0x00, 0x00, 0xd2, 0x00, 0x00, 0x00, 0xdf, 0x08, 0x00, 0x00, 0xd2, // ................
	0x00, 0x00, 0x00, 0xff, 0x08, 0x00, 0x00, 0x14, 0x0a, 0x00, 0x00, 0x00, 0x09, 0x00, 0x00, 0x8e, // ................
	0x00, 0x05, 0x00, 0x16, 0x00, 0x00, 0x00, 0x82, 0x06, 0x00, 0x00, 0xfa, 0x07, 0x00, 0x00, 0x11, // ................
	0x0d, 0x00, 0x00, 0xf9, 0x00, 0x02, 0x00, 0x85, 0x06, 0x00, 0x00, 0xf8, 0x00, 0x02, 0x00, 0x85, // ................
	0x06, 0x00, 0x00, 0xf5, 0x00, 0x07, 0x00, 0x16, 0x00, 0x00, 0x00, 0x16, 0x0d, 0x00, 0x00, 0x06, // ................
	0x0d, 0x00, 0x00, 0x6c, 0x07, 0x00, 0x00, 0x82, 0x06, 0x00, 0x00, 0x15, 0x0a, 0x00, 0x00, 0xf9, // ...l............
	0x00, 0x02, 0x00, 0x86, 0x06, 0x00, 0x00, 0xf8, 0x00, 0x02, 0x00, 0x86, 0x06, 0x00, 0x00, 0xf5, // ................
	0x00, 0x07, 0x00, 0x16, 0x00, 0x00, 0x00, 0x15, 0x0d, 0x00, 0x00, 0x16, 0x0d, 0x00, 0x00, 0x85, // ................
	0x06, 0x00, 0x00, 0x1c, 0x0d, 0x00, 0x00, 0xc6, 0x06, 0x00, 0x00, 0xf5, 0x00, 0x07, 0x00, 0x9a, // ................
	0x00, 0x00, 0x00, 0x14, 0x0d, 0x00, 0x00, 0x9f, 0x00, 0x00, 0x00, 0x85, 0x06, 0x00, 0x00, 0xc8, // ................
	0x06, 0x00, 0x00, 0xc6, 0x06, 0x00, 0x00, 0xb1, 0x00, 0x05, 0x00, 0xe6, 0x00, 0x00, 0x00, 0x89, // ................
	0x06, 0x00, 0x00, 0x14, 0x0d, 0x00, 0x00, 0x46, 0x04, 0x00, 0x00, 0xf6, 0x00, 0x04, 0x00, 0xc9, // .......F........
	0x06, 0x00, 0x00, 0xc6, 0x06, 0x00, 0x00, 0x00, 0x00, 0x00, 0x00, 0xfa, 0x00, 0x04, 0x00, 0x89, // ................
	0x06, 0x00, 0x00, 0x8a, 0x06, 0x00, 0x00, 0xc9, 0x06, 0x00, 0x00, 0xf8, 0x00, 0x02, 0x00, 0x8a, // ................
	0x06, 0x00, 0x00, 0x41, 0x00, 0x07, 0x00, 0x84, 0x01, 0x00, 0x00, 0x8c, 0x06, 0x00, 0x00, 0x81, // ...A............
	0x01, 0x00, 0x00, 0x7c, 0x04, 0x00, 0x00, 0x14, 0x0d, 0x00, 0x00, 0x83, 0x01, 0x00, 0x00, 0x3d, // ...|...........=
	0x00, 0x04, 0x00, 0x07, 0x00, 0x00, 0x00, 0x8d, 0x06, 0x00, 0x00, 0x8c, 0x06, 0x00, 0x00, 0x41, // ...............A
	0x00, 0x06, 0x00, 0xeb, 0x03, 0x00, 0x00, 0x8f, 0x06, 0x00, 0x00, 0x81, 0x01, 0x00, 0x00, 0x7c, // ...............|
	0x04, 0x00, 0x00, 0x14, 0x0d, 0x00, 0x00, 0x3d, 0x00, 0x04, 0x00, 0x0d, 0x00, 0x00, 0x00, 0x90, // .......=........
	0x06, 0x00, 0x00, 0x8f, 0x06, 0x00, 0x00, 0x4f, 0x00, 0x08, 0x00, 0x16, 0x00, 0x00, 0x00, 0x91, // .......O........
	0x06, 0x00, 0x00, 0x90, 0x06, 0x00, 0x00, 0x90, 0x06, 0x00, 0x00, 0x00, 0x00, 0x00, 0x00, 0x01, // ................
	0x00, 0x00, 0x00, 0x02, 0x00, 0x00, 0x00, 0x4f, 0x00, 0x08, 0x00, 0x16, 0x00, 0x00, 0x00, 0x93, // .......O........
	0x06, 0x00, 0x00, 0x8e, 0x05, 0x00, 0x00, 0x8e, 0x05, 0x00, 0x00, 0x00, 0x00, 0x00, 0x00, 0x01, // ................
	0x00, 0x00, 0x00, 0x02, 0x00, 0x00, 0x00, 0x83, 0x00, 0x05, 0x00, 0x16, 0x00, 0x00, 0x00, 0x94, // ................
	0x06, 0x00, 0x00, 0x91, 0x06, 0x00, 0x00, 0x93, 0x06, 0x00, 0x00, 0x0c, 0x00, 0x06, 0x00, 0x07, // ................
	0x00, 0x00, 0x00, 0x96, 0x06, 0x00, 0x00, 0x01, 0x00, 0x00, 0x00, 0x42, 0x00, 0x00, 0x00, 0x94, // ...........B....
	0x06, 0x00, 0x00, 0xba, 0x00, 0x05, 0x00, 0xe6, 0x00, 0x00, 0x00, 0x98, 0x06, 0x00, 0x00, 0x8d, // ................
	0x06, 0x00, 0x00, 0xd1, 0x00, 0x00, 0x00, 0xb8, 0x00, 0x05, 0x00, 0xe6, 0x00, 0x00, 0x00, 0x9b, // ................
	0x06, 0x00, 0x00, 0x96, 0x06, 0x00, 0x00, 0x8d, 0x06, 0x00, 0x00, 0xa7, 0x00, 0x05, 0x00, 0xe6, // ................
	0x00, 0x00, 0x00, 0x9c, 0x06, 0x00, 0x00, 0x98, 0x06, 0x00, 0x00, 0x9b, 0x06, 0x00, 0x00, 0xf7, // ................
	0x00, 0x03, 0x00, 0xc5, 0x06, 0x00, 0x00, 0x00, 0x00, 0x00, 0x00, 0xfa, 0x00, 0x04, 0x00, 0x9c, // ................
	0x06, 0x00, 0x00, 0x9d, 0x06, 0x00, 0x00, 0xc5, 0x06, 0x00, 0x00, 0xf8, 0x00, 0x02, 0x00, 0x9d, // ................
	0x06, 0x00, 0x00, 0x88, 0x00, 0x05, 0x00, 0x07, 0x00, 0x00, 0x00, 0xa0, 0x06, 0x00, 0x00, 0x96, // ................
	0x06, 0x00, 0x00, 0x8d, 0x06, 0x00, 0x00, 0x0c, 0x00, 0x07, 0x00, 0x07, 0x00, 0x00, 0x00, 0xa2, // ................
	0x06, 0x00, 0x00, 0x01, 0x00, 0x00, 0x00, 0x1a, 0x00, 0x00, 0x00, 0xa0, 0x06, 0x00, 0x00, 0x77, // ...............w
	0x03, 0x00, 0x00, 0x83, 0x00, 0x05, 0x00, 0x07, 0x00, 0x00, 0x00, 0xa3, 0x06, 0x00, 0x00, 0xd2, // ................
	0x00, 0x00, 0x00, 0xa2, 0x06, 0x00, 0x00, 0x0c, 0x00, 0x08, 0x00, 0x07, 0x00, 0x00, 0x00, 0xb2, // ................
	0x0a, 0x00, 0x00, 0x01, 0x00, 0x00, 0x00, 0x2b, 0x00, 0x00, 0x00, 0xa3, 0x06, 0x00, 0x00, 0xd1, // .......+........
	0x00, 0x00, 0x00, 0xd2, 0x00, 0x00, 0x00, 0x85, 0x00, 0x05, 0x00, 0x07, 0x00, 0x00, 0x00, 0xa7, // ................
	0x06, 0x00, 0x00, 0xb2, 0x0a, 0x00, 0x00, 0xb2, 0x0a, 0x00, 0x00, 0x85, 0x00, 0x05, 0x00, 0x07, // ................
	0x00, 0x00, 0x00, 0xaa, 0x06, 0x00, 0x00, 0x96, 0x06, 0x00, 0x00, 0x96, 0x06, 0x00, 0x00, 0x0c, // ................
	0x00, 0x07, 0x00, 0x07, 0x00, 0x00, 0x00, 0xab, 0x06, 0x00, 0x00, 0x01, 0x00, 0x00, 0x00, 0x28, // ...............(
	0x00, 0x00, 0x00, 0xaa, 0x06, 0x00, 0x00, 0xa4, 0x04, 0x00, 0x00, 0x88, 0x00, 0x05, 0x00, 0x07, // ................
	0x00, 0x00, 0x00, 0xac, 0x06, 0x00, 0x00, 0xa7, 0x06, 0x00, 0x00, 0xab, 0x06, 0x00, 0x00, 0x41, // ...............A
	0x00, 0x06, 0x00, 0xeb, 0x03, 0x00, 0x00, 0xae, 0x06, 0x00, 0x00, 0x81, 0x01, 0x00, 0x00, 0xa8, // ................
	0x04, 0x00, 0x00, 0x14, 0x0d, 0x00, 0x00, 0x3d, 0x00, 0x04, 0x00, 0x0d, 0x00, 0x00, 0x00, 0xaf, // .......=........
	0x06, 0x00, 0x00, 0xae, 0x06, 0x00, 0x00, 0x4f, 0x00, 0x08, 0x00, 0x16, 0x00, 0x00, 0x00, 0xb0, // .......O........
	0x06, 0x00, 0x00, 0xaf, 0x06, 0x00, 0x00, 0xaf, 0x06, 0x00, 0x00, 0x00, 0x00, 0x00, 0x00, 0x01, // ................
	0x00, 0x00, 0x00, 0x02, 0x00, 0x00, 0x00, 0x41, 0x00, 0x07, 0x00, 0x84, 0x01, 0x00, 0x00, 0xb2, // .......A........
	0x06, 0x00, 0x00, 0x81, 0x01, 0x00, 0x00, 0xa8, 0x04, 0x00, 0x00, 0x14, 0x0d, 0x00, 0x00, 0x83, // ................
	0x01, 0x00, 0x00, 0x3d, 0x00, 0x04, 0x00, 0x07, 0x00, 0x00, 0x00, 0xb3, 0x06, 0x00, 0x00, 0xb2, // ...=............
	0x06, 0x00, 0x00, 0x8e, 0x00, 0x05, 0x00, 0x16, 0x00, 0x00, 0x00, 0xb4, 0x06, 0x00, 0x00, 0xb0, // ................
	0x06, 0x00, 0x00, 0xb3, 0x06, 0x00, 0x00, 0x8e, 0x00, 0x05, 0x00, 0x16, 0x00, 0x00, 0x00, 0xb6, // ................
	0x06, 0x00, 0x00, 0xb4, 0x06, 0x00, 0x00, 0xac, 0x06, 0x00, 0x00, 0x0c, 0x00, 0x06, 0x00, 0x16, // ................
	0x00, 0x00, 0x00, 0xb8, 0x06, 0x00, 0x00, 0x01, 0x00, 0x00, 0x00, 0x45, 0x00, 0x00, 0x00, 0x94, // ...........E....
	0x06, 0x00, 0x00, 0x4f, 0x00, 0x08, 0x00, 0x16, 0x00, 0x00, 0x00, 0xbd, 0x06, 0x00, 0x00, 0x2b, // ...O...........+
	0x06, 0x00, 0x00, 0x2b, 0x06, 0x00, 0x00, 0x00, 0x00, 0x00, 0x00, 0x01, 0x00, 0x00, 0x00, 0x02, // ...+............
	0x00, 0x00, 0x00, 0x81, 0x00, 0x05, 0x00, 0x16, 0x00, 0x00, 0x00, 0xdb, 0x0a, 0x00, 0x00, 0x0f, // ................
	0x0d, 0x00, 0x00, 0xb8, 0x06, 0x00, 0x00, 0xf7, 0x00, 0x03, 0x00, 0x3a, 0x0b, 0x00, 0x00, 0x00, // ...........:....
	0x00, 0x00, 0x00, 0xfb, 0x00, 0x03, 0x00, 0xf7, 0x00, 0x00, 0x00, 0x29, 0x0b, 0x00, 0x00, 0xf8, // ...........)....
	0x00, 0x02, 0x00, 0x29, 0x0b, 0x00, 0x00, 0x94, 0x00, 0x05, 0x00, 0x07, 0x00, 0x00, 0x00, 0x2c, // ...)...........,
	0x0b, 0x00, 0x00, 0xdb, 0x0a, 0x00, 0x00, 0xdb, 0x0a, 0x00, 0x00, 0xb7, 0x00, 0x05, 0x00, 0xe6, // ................
	0x00, 0x00, 0x00, 0x2f, 0x0b, 0x00, 0x00, 0x2c, 0x0b, 0x00, 0x00, 0x2c, 0x0b, 0x00, 0x00, 0xbc, // .../...,...,....
	0x00, 0x05, 0x00, 0xe6, 0x00, 0x00, 0x00, 0x31, 0x0b, 0x00, 0x00, 0x2c, 0x0b, 0x00, 0x00, 0xe9, // .......1...,....
	0x00, 0x00, 0x00, 0xa6, 0x00, 0x05, 0x00, 0xe6, 0x00, 0x00, 0x00, 0x32, 0x0b, 0x00, 0x00, 0x2f, // ...........2.../
	0x0b, 0x00, 0x00, 0x31, 0x0b, 0x00, 0x00, 0xf7, 0x00, 0x03, 0x00, 0x35, 0x0b, 0x00, 0x00, 0x00, // ...1.......5....
	0x00, 0x00, 0x00, 0xfa, 0x00, 0x04, 0x00, 0x32, 0x0b, 0x00, 0x00, 0x33, 0x0b, 0x00, 0x00, 0x35, // .......2...3...5
	0x0b, 0x00, 0x00, 0xf8, 0x00, 0x02, 0x00, 0x33, 0x0b, 0x00, 0x00, 0xf9, 0x00, 0x02, 0x00, 0x3a, // .......3.......:
	0x0b, 0x00, 0x00, 0xf8, 0x00, 0x02, 0x00, 0x35, 0x0b, 0x00, 0x00, 0x0c, 0x00, 0x06, 0x00, 0x07, // .......5........
	0x00, 0x00, 0x00, 0x38, 0x0b, 0x00, 0x00, 0x01, 0x00, 0x00, 0x00, 0x20, 0x00, 0x00, 0x00, 0x2c, // ...8....... ...,
	0x0b, 0x00, 0x00, 0x8e, 0x00, 0x05, 0x00, 0x16, 0x00, 0x00, 0x00, 0x39, 0x0b, 0x00, 0x00, 0xdb, // ...........9....
	0x0a, 0x00, 0x00, 0x38, 0x0b, 0x00, 0x00, 0xf9, 0x00, 0x02, 0x00, 0x3a, 0x0b, 0x00, 0x00, 0xf8, // ...8.......:....
	0x00, 0x02, 0x00, 0x3a, 0x0b, 0x00, 0x00, 0xf5, 0x00, 0x07, 0x00, 0x16, 0x00, 0x00, 0x00, 0x18, // ...:............
	0x0d, 0x00, 0x00, 0x3d, 0x06, 0x00, 0x00, 0x33, 0x0b, 0x00, 0x00, 0x39, 0x0b, 0x00, 0x00, 0x35, // ...=...3...9...5
	0x0b, 0x00, 0x00, 0x94, 0x00, 0x05, 0x00, 0x07, 0x00, 0x00, 0x00, 0xe0, 0x0a, 0x00, 0x00, 0x3d, // ...............=
	0x06, 0x00, 0x00, 0xb8, 0x06, 0x00, 0x00, 0x0c, 0x00, 0x08, 0x00, 0x07, 0x00, 0x00, 0x00, 0x3f, // ...............?
	0x0b, 0x00, 0x00, 0x01, 0x00, 0x00, 0x00, 0x2b, 0x00, 0x00, 0x00, 0xe0, 0x0a, 0x00, 0x00, 0xd1, // .......+........
	0x00, 0x00, 0x00, 0xd2, 0x00, 0x00, 0x00, 0x94, 0x00, 0x05, 0x00, 0x07, 0x00, 0x00, 0x00, 0xe4, // ................
	0x0a, 0x00, 0x00, 0x3d, 0x06, 0x00, 0x00, 0x0f, 0x0d, 0x00, 0x00, 0x0c, 0x00, 0x08, 0x00, 0x07, // ...=............
	0x00, 0x00, 0x00, 0x43, 0x0b, 0x00, 0x00, 0x01, 0x00, 0x00, 0x00, 0x2b, 0x00, 0x00, 0x00, 0xe4, // ...C.......+....
	0x0a, 0x00, 0x00, 0xd1, 0x00, 0x00, 0x00, 0xd2, 0x00, 0x00, 0x00, 0x0c, 0x00, 0x07, 0x00, 0x07, // ................
	0x00, 0x00, 0x00, 0xe6, 0x0a, 0x00, 0x00, 0x01, 0x00, 0x00, 0x00, 0x28, 0x00, 0x00, 0x00, 0x43, // ...........(...C
	0x0b, 0x00, 0x00, 0xe9, 0x00, 0x00, 0x00, 0x94, 0x00, 0x05, 0x00, 0x07, 0x00, 0x00, 0x00, 0xe9, // ................
	0x0a, 0x00, 0x00, 0x3d, 0x06, 0x00, 0x00, 0x18, 0x0d, 0x00, 0x00, 0x0c, 0x00, 0x08, 0x00, 0x07, // ...=............
	0x00, 0x00, 0x00, 0x47, 0x0b, 0x00, 0x00, 0x01, 0x00, 0x00, 0x00, 0x2b, 0x00, 0x00, 0x00, 0xe9, // ...G.......+....
	0x0a, 0x00, 0x00, 0xd1, 0x00, 0x00, 0x00, 0xd2, 0x00, 0x00, 0x00, 0x94, 0x00, 0x05, 0x00, 0x07, // ................
	0x00, 0x00, 0x00, 0xed, 0x0a, 0x00, 0x00, 0x18, 0x0d, 0x00, 0x00, 0x0f, 0x0d, 0x00, 0x00, 0x0c, // ................
	0x00, 0x08, 0x00, 0x07, 0x00, 0x00, 0x00, 0x4b, 0x0b, 0x00, 0x00, 0x01, 0x00, 0x00, 0x00, 0x2b, // .......K.......+
	0x00, 0x00, 0x00, 0xed, 0x0a, 0x00, 0x00, 0xd1, 0x00, 0x00, 0x00, 0xd2, 0x00, 0x00, 0x00, 0x83, // ................
	0x00, 0x05, 0x00, 0x16, 0x00, 0x00, 0x00, 0x51, 0x0b, 0x00, 0x00, 0x85, 0x07, 0x00, 0x00, 0x65, // .......Q.......e
	0x06, 0x00, 0x00, 0x83, 0x00, 0x05, 0x00, 0x07, 0x00, 0x00, 0x00, 0x53, 0x0b, 0x00, 0x00, 0xd2, // ...........S....
	0x00, 0x00, 0x00, 0x4b, 0x0b, 0x00, 0x00, 0x0c, 0x00, 0x07, 0x00, 0x07, 0x00, 0x00, 0x00, 0x54, // ...K...........T
	0x0b, 0x00, 0x00, 0x01, 0x00, 0x00, 0x00, 0x1a, 0x00, 0x00, 0x00, 0x53, 0x0b, 0x00, 0x00, 0x38, // ...........S...8
	0x01, 0x00, 0x00, 0x8e, 0x00, 0x05, 0x00, 0x16, 0x00, 0x00, 0x00, 0x55, 0x0b, 0x00, 0x00, 0x51, // ...........U...Q
	0x0b, 0x00, 0x00, 0x54, 0x0b, 0x00, 0x00, 0x81, 0x00, 0x05, 0x00, 0x16, 0x00, 0x00, 0x00, 0x56, // ...T...........V
	0x0b, 0x00, 0x00, 0x65, 0x06, 0x00, 0x00, 0x55, 0x0b, 0x00, 0x00, 0x83, 0x00, 0x05, 0x00, 0x16, // ...e...U........
	0x00, 0x00, 0x00, 0x60, 0x0b, 0x00, 0x00, 0x05, 0x0d, 0x00, 0x00, 0xbd, 0x06, 0x00, 0x00, 0x83, // ...`............
	0x00, 0x05, 0x00, 0x07, 0x00, 0x00, 0x00, 0x62, 0x0b, 0x00, 0x00, 0xd2, 0x00, 0x00, 0x00, 0x4b, // .......b.......K
	0x0b, 0x00, 0x00, 0x0c, 0x00, 0x07, 0x00, 0x07, 0x00, 0x00, 0x00, 0x63, 0x0b, 0x00, 0x00, 0x01, // ...........c....
	0x00, 0x00, 0x00, 0x1a, 0x00, 0x00, 0x00, 0x62, 0x0b, 0x00, 0x00, 0x38, 0x01, 0x00, 0x00, 0x8e, // .......b...8....
	0x00, 0x05, 0x00, 0x16, 0x00, 0x00, 0x00, 0x64, 0x0b, 0x00, 0x00, 0x60, 0x0b, 0x00, 0x00, 0x63, // .......d...`...c
	0x0b, 0x00, 0x00, 0x81, 0x00, 0x05, 0x00, 0x16, 0x00, 0x00, 0x00, 0x65, 0x0b, 0x00, 0x00, 0xbd, // ...........e....
	0x06, 0x00, 0x00, 0x64, 0x0b, 0x00, 0x00, 0x50, 0x00, 0x06, 0x00, 0x16, 0x00, 0x00, 0x00, 0xf8, // ...d...P........
	0x0a, 0x00, 0x00, 0x75, 0x07, 0x00, 0x00, 0x75, 0x07, 0x00, 0x00, 0x75, 0x07, 0x00, 0x00, 0x0c, // ...u...u...u....
	0x00, 0x08, 0x00, 0x16, 0x00, 0x00, 0x00, 0x6b, 0x0b, 0x00, 0x00, 0x01, 0x00, 0x00, 0x00, 0x2e, // .......k........
	0x00, 0x00, 0x00, 0x56, 0x0b, 0x00, 0x00, 0x65, 0x0b, 0x00, 0x00, 0xf8, 0x0a, 0x00, 0x00, 0x85, // ...V...e........
	0x00, 0x05, 0x00, 0x07, 0x00, 0x00, 0x00, 0x73, 0x0b, 0x00, 0x00, 0x50, 0x06, 0x00, 0x00, 0x50, // .......s...P...P
	0x06, 0x00, 0x00, 0x85, 0x00, 0x05, 0x00, 0x07, 0x00, 0x00, 0x00, 0x76, 0x0b, 0x00, 0x00, 0x73, // ...........v...s
	0x0b, 0x00, 0x00, 0x73, 0x0b, 0x00, 0x00, 0x85, 0x00, 0x05, 0x00, 0x07, 0x00, 0x00, 0x00, 0x79, // ...s...........y
	0x0b, 0x00, 0x00, 0x47, 0x0b, 0x00, 0x00, 0x47, 0x0b, 0x00, 0x00, 0x83, 0x00, 0x05, 0x00, 0x07, // ...G...G........
	0x00, 0x00, 0x00, 0x7b, 0x0b, 0x00, 0x00, 0x76, 0x0b, 0x00, 0x00, 0xd2, 0x00, 0x00, 0x00, 0x85, // ...{...v........
	0x00, 0x05, 0x00, 0x07, 0x00, 0x00, 0x00, 0x7c, 0x0b, 0x00, 0x00, 0x79, 0x0b, 0x00, 0x00, 0x7b, // .......|...y...{
	0x0b, 0x00, 0x00, 0x81, 0x00, 0x05, 0x00, 0x07, 0x00, 0x00, 0x00, 0x7d, 0x0b, 0x00, 0x00, 0x7c, // ...........}...|
	0x0b, 0x00, 0x00, 0xd2, 0x00, 0x00, 0x00, 0x85, 0x00, 0x05, 0x00, 0x07, 0x00, 0x00, 0x00, 0x80, // ................
	0x0b, 0x00, 0x00, 0x15, 0x01, 0x00, 0x00, 0x7d, 0x0b, 0x00, 0x00, 0x85, 0x00, 0x05, 0x00, 0x07, // .......}........
	0x00, 0x00, 0x00, 0x82, 0x0b, 0x00, 0x00, 0x80, 0x0b, 0x00, 0x00, 0x7d, 0x0b, 0x00, 0x00, 0x0c, // ...........}....
	0x00, 0x07, 0x00, 0x07, 0x00, 0x00, 0x00, 0x83, 0x0b, 0x00, 0x00, 0x01, 0x00, 0x00, 0x00, 0x28, // ...............(
	0x00, 0x00, 0x00, 0x82, 0x0b, 0x00, 0x00, 0xe9, 0x00, 0x00, 0x00, 0x88, 0x00, 0x05, 0x00, 0x07, // ................
	0x00, 0x00, 0x00, 0x84, 0x0b, 0x00, 0x00, 0x76, 0x0b, 0x00, 0x00, 0x83, 0x0b, 0x00, 0x00, 0x81, // .......v........
	0x00, 0x05, 0x00, 0x07, 0x00, 0x00, 0x00, 0x8a, 0x0b, 0x00, 0x00, 0x50, 0x06, 0x00, 0x00, 0xd2, // ...........P....
	0x00, 0x00, 0x00, 0x85, 0x00, 0x05, 0x00, 0x07, 0x00, 0x00, 0x00, 0x8d, 0x0b, 0x00, 0x00, 0x8a, // ................
	0x0b, 0x00, 0x00, 0x8a, 0x0b, 0x00, 0x00, 0x85, 0x00, 0x05, 0x00, 0x07, 0x00, 0x00, 0x00, 0x8e, // ................
	0x0b, 0x00, 0x00, 0x8d, 0x0b, 0x00, 0x00, 0x07, 0x0d, 0x00, 0x00, 0x83, 0x00, 0x05, 0x00, 0x07, // ................
	0x00, 0x00, 0x00, 0x92, 0x0b, 0x00, 0x00, 0xd2, 0x00, 0x00, 0x00, 0x8e, 0x0b, 0x00, 0x00, 0x85, // ................
	0x00, 0x05, 0x00, 0x07, 0x00, 0x00, 0x00, 0x93, 0x0b, 0x00, 0x00, 0xe6, 0x0a, 0x00, 0x00, 0x92, // ................
	0x0b, 0x00, 0x00, 0x81, 0x00, 0x05, 0x00, 0x07, 0x00, 0x00, 0x00, 0x95, 0x0b, 0x00, 0x00, 0x93, // ................
	0x0b, 0x00, 0x00, 0x8e, 0x0b, 0x00, 0x00, 0x0c, 0x00, 0x07, 0x00, 0x07, 0x00, 0x00, 0x00, 0x96, // ................
	0x0b, 0x00, 0x00, 0x01, 0x00, 0x00, 0x00, 0x28, 0x00, 0x00, 0x00, 0x95, 0x0b, 0x00, 0x00, 0xe9, // .......(........
	0x00, 0x00, 0x00, 0x88, 0x00, 0x05, 0x00, 0x07, 0x00, 0x00, 0x00, 0x97, 0x0b, 0x00, 0x00, 0xe6, // ................
	0x0a, 0x00, 0x00, 0x96, 0x0b, 0x00, 0x00, 0x81, 0x00, 0x05, 0x00, 0x07, 0x00, 0x00, 0x00, 0x9d, // ................
	0x0b, 0x00, 0x00, 0x50, 0x06, 0x00, 0x00, 0xd2, 0x00, 0x00, 0x00, 0x85, 0x00, 0x05, 0x00, 0x07, // ...P............
	0x00, 0x00, 0x00, 0xa0, 0x0b, 0x00, 0x00, 0x9d, 0x0b, 0x00, 0x00, 0x9d, 0x0b, 0x00, 0x00, 0x85, // ................
	0x00, 0x05, 0x00, 0x07, 0x00, 0x00, 0x00, 0xa1, 0x0b, 0x00, 0x00, 0xa0, 0x0b, 0x00, 0x00, 0x07, // ................
	0x0d, 0x00, 0x00, 0x83, 0x00, 0x05, 0x00, 0x07, 0x00, 0x00, 0x00, 0xa5, 0x0b, 0x00, 0x00, 0xd2, // ................
	0x00, 0x00, 0x00, 0xa1, 0x0b, 0x00, 0x00, 0x85, 0x00, 0x05, 0x00, 0x07, 0x00, 0x00, 0x00, 0xa6, // ................
	0x0b, 0x00, 0x00, 0x3f, 0x0b, 0x00, 0x00, 0xa5, 0x0b, 0x00, 0x00, 0x81, 0x00, 0x05, 0x00, 0x07, // ...?............
	0x00, 0x00, 0x00, 0xa8, 0x0b, 0x00, 0x00, 0xa6, 0x0b, 0x00, 0x00, 0xa1, 0x0b, 0x00, 0x00, 0x0c, // ................
	0x00, 0x07, 0x00, 0x07, 0x00, 0x00, 0x00, 0xa9, 0x0b, 0x00, 0x00, 0x01, 0x00, 0x00, 0x00, 0x28, // ...............(
	0x00, 0x00, 0x00, 0xa8, 0x0b, 0x00, 0x00, 0xe9, 0x00, 0x00, 0x00, 0x88, 0x00, 0x05, 0x00, 0x07, // ................
	0x00, 0x00, 0x00, 0xaa, 0x0b, 0x00, 0x00, 0x3f, 0x0b, 0x00, 0x00, 0xa9, 0x0b, 0x00, 0x00, 0x85, // .......?........
	0x00, 0x05, 0x00, 0x07, 0x00, 0x00, 0x00, 0x05, 0x0b, 0x00, 0x00, 0x97, 0x0b, 0x00, 0x00, 0xaa, // ................
	0x0b, 0x00, 0x00, 0x85, 0x00, 0x05, 0x00, 0x07, 0x00, 0x00, 0x00, 0x08, 0x0b, 0x00, 0x00, 0x84, // ................
	0x0b, 0x00, 0x00, 0x05, 0x0b, 0x00, 0x00, 0x8e, 0x00, 0x05, 0x00, 0x16, 0x00, 0x00, 0x00, 0x0a, // ................
	0x0b, 0x00, 0x00, 0x6b, 0x0b, 0x00, 0x00, 0x08, 0x0b, 0x00, 0x00, 0x85, 0x00, 0x05, 0x00, 0x07, // ...k............
	0x00, 0x00, 0x00, 0x0c, 0x0b, 0x00, 0x00, 0x77, 0x03, 0x00, 0x00, 0xe6, 0x0a, 0x00, 0x00, 0x85, // .......w........
	0x00, 0x05, 0x00, 0x07, 0x00, 0x00, 0x00, 0x0e, 0x0b, 0x00, 0x00, 0x0c, 0x0b, 0x00, 0x00, 0x3f, // ...............?
	0x0b, 0x00, 0x00, 0x0c, 0x00, 0x07, 0x00, 0x07, 0x00, 0x00, 0x00, 0x0f, 0x0b, 0x00, 0x00, 0x01, // ................
	0x00, 0x00, 0x00, 0x28, 0x00, 0x00, 0x00, 0x0e, 0x0b, 0x00, 0x00, 0xe9, 0x00, 0x00, 0x00, 0x50, // ...(...........P
	0x00, 0x06, 0x00, 0x16, 0x00, 0x00, 0x00, 0x10, 0x0b, 0x00, 0x00, 0x0f, 0x0b, 0x00, 0x00, 0x0f, // ................
	0x0b, 0x00, 0x00, 0x0f, 0x0b, 0x00, 0x00, 0x88, 0x00, 0x05, 0x00, 0x16, 0x00, 0x00, 0x00, 0x11, // ................
	0x0b, 0x00, 0x00, 0x0a, 0x0b, 0x00, 0x00, 0x10, 0x0b, 0x00, 0x00, 0x51, 0x00, 0x05, 0x00, 0x07, // ...........Q....
	0x00, 0x00, 0x00, 0xae, 0x0b, 0x00, 0x00, 0x56, 0x0b, 0x00, 0x00, 0x00, 0x00, 0x00, 0x00, 0x51, // .......V.......Q
	0x00, 0x05, 0x00, 0x07, 0x00, 0x00, 0x00, 0xb0, 0x0b, 0x00, 0x00, 0x56, 0x0b, 0x00, 0x00, 0x01, // ...........V....
	0x00, 0x00, 0x00, 0x51, 0x00, 0x05, 0x00, 0x07, 0x00, 0x00, 0x00, 0xb2, 0x0b, 0x00, 0x00, 0x56, // ...Q...........V
	0x0b, 0x00, 0x00, 0x02, 0x00, 0x00, 0x00, 0x0c, 0x00, 0x07, 0x00, 0x07, 0x00, 0x00, 0x00, 0xb3, // ................
	0x0b, 0x00, 0x00, 0x01, 0x00, 0x00, 0x00, 0x28, 0x00, 0x00, 0x00, 0xb0, 0x0b, 0x00, 0x00, 0xb2, // .......(........
	0x0b, 0x00, 0x00, 0x0c, 0x00, 0x07, 0x00, 0x07, 0x00, 0x00, 0x00, 0xb4, 0x0b, 0x00, 0x00, 0x01, // ................
	0x00, 0x00, 0x00, 0x28, 0x00, 0x00, 0x00, 0xae, 0x0b, 0x00, 0x00, 0xb3, 0x0b, 0x00, 0x00, 0x83, // ...(............
	0x00, 0x05, 0x00, 0x07, 0x00, 0x00, 0x00, 0x14, 0x0b, 0x00, 0x00, 0xd2, 0x00, 0x00, 0x00, 0xb4, // ................
	0x0b, 0x00, 0x00, 0x50, 0x00, 0x06, 0x00, 0x16, 0x00, 0x00, 0x00, 0xb8, 0x0b, 0x00, 0x00, 0x14, // ...P............
	0x0b, 0x00, 0x00, 0x14, 0x0b, 0x00, 0x00, 0x14, 0x0b, 0x00, 0x00, 0x83, 0x00, 0x05, 0x00, 0x07, // ................
	0x00, 0x00, 0x00, 0x17, 0x0b, 0x00, 0x00, 0xd2, 0x00, 0x00, 0x00, 0x75, 0x07, 0x00, 0x00, 0x8e, // ...........u....
	0x00, 0x05, 0x00, 0x16, 0x00, 0x00, 0x00, 0x18, 0x0b, 0x00, 0x00, 0xb8, 0x0b, 0x00, 0x00, 0x17, // ................
	0x0b, 0x00, 0x00, 0x85, 0x00, 0x05, 0x00, 0x16, 0x00, 0x00, 0x00, 0x1a, 0x0b, 0x00, 0x00, 0x18, // ................
	0x0b, 0x00, 0x00, 0xbd, 0x06, 0x00, 0x00, 0x85, 0x00, 0x05, 0x00, 0x16, 0x00, 0x00, 0x00, 0x1c, // ................
	0x0b, 0x00, 0x00, 0x1a, 0x0b, 0x00, 0x00, 0x0a, 0x0d, 0x00, 0x00, 0x81, 0x00, 0x05, 0x00, 0x16, // ................
	0x00, 0x00, 0x00, 0x1f, 0x0b, 0x00, 0x00, 0x1c, 0x0b, 0x00, 0x00, 0x11, 0x0b, 0x00, 0x00, 0x8e, // ................
	0x00, 0x05, 0x00, 0x16, 0x00, 0x00, 0x00, 0x21, 0x0b, 0x00, 0x00, 0x1f, 0x0b, 0x00, 0x00, 0x3f, // .......!.......?
	0x0b, 0x00, 0x00, 0x85, 0x00, 0x05, 0x00, 0x16, 0x00, 0x00, 0x00, 0x23, 0x0b, 0x00, 0x00, 0x21, // ...........#...!
	0x0b, 0x00, 0x00, 0xb6, 0x06, 0x00, 0x00, 0x81, 0x00, 0x05, 0x00, 0x16, 0x00, 0x00, 0x00, 0xc4, // ................
	0x06, 0x00, 0x00, 0x15, 0x0d, 0x00, 0x00, 0x23, 0x0b, 0x00, 0x00, 0xf9, 0x00, 0x02, 0x00, 0xc5, // .......#........
	0x06, 0x00, 0x00, 0xf8, 0x00, 0x02, 0x00, 0xc5, 0x06, 0x00, 0x00, 0xf5, 0x00, 0x07, 0x00, 0x16, // ................
	0x00, 0x00, 0x00, 0x1c, 0x0d, 0x00, 0x00, 0x15, 0x0d, 0x00, 0x00, 0x8a, 0x06, 0x00, 0x00, 0xc4, // ................
	0x06, 0x00, 0x00, 0x3a, 0x0b, 0x00, 0x00, 0xf9, 0x00, 0x02, 0x00, 0xc6, 0x06, 0x00, 0x00, 0xf8, // ...:............
	0x00, 0x02, 0x00, 0xc6, 0x06, 0x00, 0x00, 0x80, 0x00, 0x05, 0x00, 0x9a, 0x00, 0x00, 0x00, 0xc8, // ................
	0x06, 0x00, 0x00, 0x14, 0x0d, 0x00, 0x00, 0x9b, 0x00, 0x00, 0x00, 0xf9, 0x00, 0x02, 0x00, 0x86, // ................
	0x06, 0x00, 0x00, 0xf8, 0x00, 0x02, 0x00, 0xc9, 0x06, 0x00, 0x00, 0x83, 0x00, 0x05, 0x00, 0x07, // ................
	0x00, 0x00, 0x00, 0xbe, 0x0b, 0x00, 0x00, 0xd2, 0x00, 0x00, 0x00, 0x50, 0x06, 0x00, 0x00, 0x8e, // ...........P....
	0x00, 0x05, 0x00, 0x16, 0x00, 0x00, 0x00, 0xbf, 0x0b, 0x00, 0x00, 0x85, 0x07, 0x00, 0x00, 0xbe, // ................
	0x0b, 0x00, 0x00, 0x0c, 0x00, 0x07, 0x00, 0x16, 0x00, 0x00, 0x00, 0xc1, 0x0b, 0x00, 0x00, 0x01, // ................
	0x00, 0x00, 0x00, 0x28, 0x00, 0x00, 0x00, 0xbf, 0x0b, 0x00, 0x00, 0x65, 0x06, 0x00, 0x00, 0x83, // ...(.......e....
	0x00, 0x05, 0x00, 0x16, 0x00, 0x00, 0x00, 0xc5, 0x0b, 0x00, 0x00, 0xc1, 0x0b, 0x00, 0x00, 0x65, // ...............e
	0x06, 0x00, 0x00, 0x83, 0x00, 0x05, 0x00, 0x07, 0x00, 0x00, 0x00, 0xc7, 0x0b, 0x00, 0x00, 0xd2, // ................
	0x00, 0x00, 0x00, 0x4a, 0x06, 0x00, 0x00, 0x0c, 0x00, 0x07, 0x00, 0x07, 0x00, 0x00, 0x00, 0xc8, // ...J............
	0x0b, 0x00, 0x00, 0x01, 0x00, 0x00, 0x00, 0x1a, 0x00, 0x00, 0x00, 0xc7, 0x0b, 0x00, 0x00, 0x38, // ...............8
	0x01, 0x00, 0x00, 0x8e, 0x00, 0x05, 0x00, 0x16, 0x00, 0x00, 0x00, 0xc9, 0x0b, 0x00, 0x00, 0xc5, // ................
	0x0b, 0x00, 0x00, 0xc8, 0x0b, 0x00, 0x00, 0x81, 0x00, 0x05, 0x00, 0x16, 0x00, 0x00, 0x00, 0xca, // ................
	0x0b, 0x00, 0x00, 0x65, 0x06, 0x00, 0x00, 0xc9, 0x0b, 0x00, 0x00, 0x51, 0x00, 0x05, 0x00, 0x07, // ...e.......Q....
	0x00, 0x00, 0x00, 0xe4, 0x0b, 0x00, 0x00, 0xca, 0x0b, 0x00, 0x00, 0x00, 0x00, 0x00, 0x00, 0x51, // ...............Q
	0x00, 0x05, 0x00, 0x07, 0x00, 0x00, 0x00, 0xe6, 0x0b, 0x00, 0x00, 0xca, 0x0b, 0x00, 0x00, 0x01, // ................
	0x00, 0x00, 0x00, 0x51, 0x00, 0x05, 0x00, 0x07, 0x00, 0x00, 0x00, 0xe8, 0x0b, 0x00, 0x00, 0xca, // ...Q............
	0x0b, 0x00, 0x00, 0x02, 0x00, 0x00, 0x00, 0x0c, 0x00, 0x07, 0x00, 0x07, 0x00, 0x00, 0x00, 0xe9, // ................
	0x0b, 0x00, 0x00, 0x01, 0x00, 0x00, 0x00, 0x28, 0x00, 0x00, 0x00, 0xe6, 0x0b, 0x00, 0x00, 0xe8, // .......(........
	0x0b, 0x00, 0x00, 0x0c, 0x00, 0x07, 0x00, 0x07, 0x00, 0x00, 0x00, 0xea, 0x0b, 0x00, 0x00, 0x01, // ................
	0x00, 0x00, 0x00, 0x28, 0x00, 0x00, 0x00, 0xe4, 0x0b, 0x00, 0x00, 0xe9, 0x0b, 0x00, 0x00, 0x83, // ...(............
	0x00, 0x05, 0x00, 0x07, 0x00, 0x00, 0x00, 0xd7, 0x06, 0x00, 0x00, 0xd2, 0x00, 0x00, 0x00, 0xea, // ................
	0x0b, 0x00, 0x00, 0x50, 0x00, 0x06, 0x00, 0x16, 0x00, 0x00, 0x00, 0xee, 0x0b, 0x00, 0x00, 0xd7, // ...P............
	0x06, 0x00, 0x00, 0xd7, 0x06, 0x00, 0x00, 0xd7, 0x06, 0x00, 0x00, 0x83, 0x00, 0x05, 0x00, 0x07, // ................
	0x00, 0x00, 0x00, 0xda, 0x06, 0x00, 0x00, 0xd2, 0x00, 0x00, 0x00, 0x75, 0x07, 0x00, 0x00, 0x8e, // ...........u....
	0x00, 0x05, 0x00, 0x16, 0x00, 0x00, 0x00, 0xdb, 0x06, 0x00, 0x00, 0xee, 0x0b, 0x00, 0x00, 0xda, // ................
	0x06, 0x00, 0x00, 0x41, 0x00, 0x06, 0x00, 0xeb, 0x03, 0x00, 0x00, 0xdc, 0x06, 0x00, 0x00, 0x81, // ...A............
	0x01, 0x00, 0x00, 0xed, 0x04, 0x00, 0x00, 0x9f, 0x00, 0x00, 0x00, 0x3d, 0x00, 0x04, 0x00, 0x0d, // ...........=....
	0x00, 0x00, 0x00, 0xdd, 0x06, 0x00, 0x00, 0xdc, 0x06, 0x00, 0x00, 0x4f, 0x00, 0x08, 0x00, 0x16, // ...........O....
	0x00, 0x00, 0x00, 0xde, 0x06, 0x00, 0x00, 0xdd, 0x06, 0x00, 0x00, 0xdd, 0x06, 0x00, 0x00, 0x00, // ................
	0x00, 0x00, 0x00, 0x01, 0x00, 0x00, 0x00, 0x02, 0x00, 0x00, 0x00, 0x41, 0x00, 0x06, 0x00, 0xeb, // ...........A....
	0x03, 0x00, 0x00, 0xdf, 0x06, 0x00, 0x00, 0x81, 0x01, 0x00, 0x00, 0xed, 0x04, 0x00, 0x00, 0x9b, // ................
	0x00, 0x00, 0x00, 0x3d, 0x00, 0x04, 0x00, 0x0d, 0x00, 0x00, 0x00, 0xe0, 0x06, 0x00, 0x00, 0xdf, // ...=............
	0x06, 0x00, 0x00, 0x4f, 0x00, 0x08, 0x00, 0x16, 0x00, 0x00, 0x00, 0xe1, 0x06, 0x00, 0x00, 0xe0, // ...O............
	0x06, 0x00, 0x00, 0xe0, 0x06, 0x00, 0x00, 0x00, 0x00, 0x00, 0x00, 0x01, 0x00, 0x00, 0x00, 0x02, // ................
	0x00, 0x00, 0x00, 0x51, 0x00, 0x05, 0x00, 0x07, 0x00, 0x00, 0x00, 0xe3, 0x06, 0x00, 0x00, 0x3d, // ...Q...........=
	0x06, 0x00, 0x00, 0x00, 0x00, 0x00, 0x00, 0x8e, 0x00, 0x05, 0x00, 0x16, 0x00, 0x00, 0x00, 0xe4, // ................
	0x06, 0x00, 0x00, 0xe1, 0x06, 0x00, 0x00, 0xe3, 0x06, 0x00, 0x00, 0x81, 0x00, 0x05, 0x00, 0x16, // ................
	0x00, 0x00, 0x00, 0xe5, 0x06, 0x00, 0x00, 0xde, 0x06, 0x00, 0x00, 0xe4, 0x06, 0x00, 0x00, 0x41, // ...............A
	0x00, 0x06, 0x00, 0xeb, 0x03, 0x00, 0x00, 0xe6, 0x06, 0x00, 0x00, 0x81, 0x01, 0x00, 0x00, 0xed, // ................
	0x04, 0x00, 0x00, 0xf8, 0x04, 0x00, 0x00, 0x3d, 0x00, 0x04, 0x00, 0x0d, 0x00, 0x00, 0x00, 0xe7, // .......=........
	0x06, 0x00, 0x00, 0xe6, 0x06, 0x00, 0x00, 0x4f, 0x00, 0x08, 0x00, 0x16, 0x00, 0x00, 0x00, 0xe8, // .......O........
	0x06, 0x00, 0x00, 0xe7, 0x06, 0x00, 0x00, 0xe7, 0x06, 0x00, 0x00, 0x00, 0x00, 0x00, 0x00, 0x01, // ................
	0x00, 0x00, 0x00, 0x02, 0x00, 0x00, 0x00, 0x51, 0x00, 0x05, 0x00, 0x07, 0x00, 0x00, 0x00, 0xea, // .......Q........
	0x06, 0x00, 0x00, 0x3d, 0x06, 0x00, 0x00, 0x01, 0x00, 0x00, 0x00, 0x8e, 0x00, 0x05, 0x00, 0x16, // ...=............
	0x00, 0x00, 0x00, 0xeb, 0x06, 0x00, 0x00, 0xe8, 0x06, 0x00, 0x00, 0xea, 0x06, 0x00, 0x00, 0x81, // ................
	0x00, 0x05, 0x00, 0x16, 0x00, 0x00, 0x00, 0xec, 0x06, 0x00, 0x00, 0xe5, 0x06, 0x00, 0x00, 0xeb, // ................
	0x06, 0x00, 0x00, 0x41, 0x00, 0x06, 0x00, 0xeb, 0x03, 0x00, 0x00, 0xed, 0x06, 0x00, 0x00, 0x81, // ...A............
	0x01, 0x00, 0x00, 0xed, 0x04, 0x00, 0x00, 0x00, 0x05, 0x00, 0x00, 0x3d, 0x00, 0x04, 0x00, 0x0d, // ...........=....
	0x00, 0x00, 0x00, 0xee, 0x06, 0x00, 0x00, 0xed, 0x06, 0x00, 0x00, 0x4f, 0x00, 0x08, 0x00, 0x16, // ...........O....
	0x00, 0x00, 0x00, 0xef, 0x06, 0x00, 0x00, 0xee, 0x06, 0x00, 0x00, 0xee, 0x06, 0x00, 0x00, 0x00, // ................
	0x00, 0x00, 0x00, 0x01, 0x00, 0x00, 0x00, 0x02, 0x00, 0x00, 0x00, 0x51, 0x00, 0x05, 0x00, 0x07, // ...........Q....
	0x00, 0x00, 0x00, 0xf1, 0x06, 0x00, 0x00, 0x3d, 0x06, 0x00, 0x00, 0x02, 0x00, 0x00, 0x00, 0x8e, // .......=........
	0x00, 0x05, 0x00, 0x16, 0x00, 0x00, 0x00, 0xf2, 0x06, 0x00, 0x00, 0xef, 0x06, 0x00, 0x00, 0xf1, // ................
	0x06, 0x00, 0x00, 0x81, 0x00, 0x05, 0x00, 0x16, 0x00, 0x00, 0x00, 0xf3, 0x06, 0x00, 0x00, 0xec, // ................
	0x06, 0x00, 0x00, 0xf2, 0x06, 0x00, 0x00, 0x0c, 0x00, 0x07, 0x00, 0x16, 0x00, 0x00, 0x00, 0xf5, // ................
	0x06, 0x00, 0x00, 0x01, 0x00, 0x00, 0x00, 0x28, 0x00, 0x00, 0x00, 0xf3, 0x06, 0x00, 0x00, 0x06, // .......(........
	0x0d, 0x00, 0x00, 0x4f, 0x00, 0x08, 0x00, 0x16, 0x00, 0x00, 0x00, 0xf8, 0x06, 0x00, 0x00, 0x2b, // ...O...........+
	0x06, 0x00, 0x00, 0x2b, 0x06, 0x00, 0x00, 0x00, 0x00, 0x00, 0x00, 0x01, 0x00, 0x00, 0x00, 0x02, // ...+............
	0x00, 0x00, 0x00, 0x85, 0x00, 0x05, 0x00, 0x16, 0x00, 0x00, 0x00, 0xf9, 0x06, 0x00, 0x00, 0xdb, // ................
	0x06, 0x00, 0x00, 0xf8, 0x06, 0x00, 0x00, 0x85, 0x00, 0x05, 0x00, 0x16, 0x00, 0x00, 0x00, 0xfb, // ................
	0x06, 0x00, 0x00, 0xf9, 0x06, 0x00, 0x00, 0xf5, 0x06, 0x00, 0x00, 0x85, 0x00, 0x05, 0x00, 0x16, // ................
	0x00, 0x00, 0x00, 0xfd, 0x06, 0x00, 0x00, 0xfb, 0x06, 0x00, 0x00, 0x0a, 0x0d, 0x00, 0x00, 0x81, // ................
	0x00, 0x05, 0x00, 0x16, 0x00, 0x00, 0x00, 0xff, 0x06, 0x00, 0x00, 0x15, 0x0d, 0x00, 0x00, 0xfd, // ................
	0x06, 0x00, 0x00, 0x56, 0x00, 0x05, 0x00, 0xae, 0x00, 0x00, 0x00, 0xf9, 0x0b, 0x00, 0x00, 0x8a, // ...V............
	0x00, 0x00, 0x00, 0x87, 0x00, 0x00, 0x00, 0x57, 0x00, 0x05, 0x00, 0x0d, 0x00, 0x00, 0x00, 0xfb, // .......W........
	0x0b, 0x00, 0x00, 0xf9, 0x0b, 0x00, 0x00, 0x3d, 0x06, 0x00, 0x00, 0x4f, 0x00, 0x08, 0x00, 0x16, // .......=...O....
	0x00, 0x00, 0x00, 0x03, 0x07, 0x00, 0x00, 0xfb, 0x0b, 0x00, 0x00, 0xfb, 0x0b, 0x00, 0x00, 0x00, // ................
	0x00, 0x00, 0x00, 0x01, 0x00, 0x00, 0x00, 0x02, 0x00, 0x00, 0x00, 0x41, 0x00, 0x06, 0x00, 0x84, // ...........A....
	0x01, 0x00, 0x00, 0x04, 0x07, 0x00, 0x00, 0x81, 0x01, 0x00, 0x00, 0x9b, 0x00, 0x00, 0x00, 0x83, // ................
	0x01, 0x00, 0x00, 0x3d, 0x00, 0x04, 0x00, 0x07, 0x00, 0x00, 0x00, 0x05, 0x07, 0x00, 0x00, 0x04, // ...=............
	0x07, 0x00, 0x00, 0x8e, 0x00, 0x05, 0x00, 0x16, 0x00, 0x00, 0x00, 0x06, 0x07, 0x00, 0x00, 0x03, // ................
	0x07, 0x00, 0x00, 0x05, 0x07, 0x00, 0x00, 0x4f, 0x00, 0x08, 0x00, 0x16, 0x00, 0x00, 0x00, 0x09, // .......O........
	0x07, 0x00, 0x00, 0x2b, 0x06, 0x00, 0x00, 0x2b, 0x06, 0x00, 0x00, 0x00, 0x00, 0x00, 0x00, 0x01, // ...+...+........
	0x00, 0x00, 0x00, 0x02, 0x00, 0x00, 0x00, 0x85, 0x00, 0x05, 0x00, 0x16, 0x00, 0x00, 0x00, 0x0a, // ................
	0x07, 0x00, 0x00, 0xdb, 0x06, 0x00, 0x00, 0x09, 0x07, 0x00, 0x00, 0x85, 0x00, 0x05, 0x00, 0x16, // ................
	0x00, 0x00, 0x00, 0x0c, 0x07, 0x00, 0x00, 0x0a, 0x07, 0x00, 0x00, 0x06, 0x07, 0x00, 0x00, 0x85, // ................
	0x00, 0x05, 0x00, 0x16, 0x00, 0x00, 0x00, 0x0e, 0x07, 0x00, 0x00, 0x0c, 0x07, 0x00, 0x00, 0x0a, // ................
	0x0d, 0x00, 0x00, 0x7f, 0x00, 0x04, 0x00, 0x16, 0x00, 0x00, 0x00, 0x10, 0x07, 0x00, 0x00, 0x0f, // ................
	0x0d, 0x00, 0x00, 0x0c, 0x00, 0x07, 0x00, 0x16, 0x00, 0x00, 0x00, 0x12, 0x07, 0x00, 0x00, 0x01, // ................
	0x00, 0x00, 0x00, 0x47, 0x00, 0x00, 0x00, 0x10, 0x07, 0x00, 0x00, 0x3d, 0x06, 0x00, 0x00, 0x41, // ...G.......=...A
	0x00, 0x06, 0x00, 0x84, 0x01, 0x00, 0x00, 0x14, 0x07, 0x00, 0x00, 0x81, 0x01, 0x00, 0x00, 0xf8, // ................
	0x04, 0x00, 0x00, 0xfa, 0x00, 0x00, 0x00, 0x3d, 0x00, 0x04, 0x00, 0x07, 0x00, 0x00, 0x00, 0x15, // .......=........
	0x07, 0x00, 0x00, 0x14, 0x07, 0x00, 0x00, 0x85, 0x00, 0x05, 0x00, 0x07, 0x00, 0x00, 0x00, 0x16, // ................
	0x07, 0x00, 0x00, 0x50, 0x06, 0x00, 0x00, 0x15, 0x07, 0x00, 0x00, 0x56, 0x00, 0x05, 0x00, 0xae, // ...P.......V....
	0x00, 0x00, 0x00, 0x02, 0x0c, 0x00, 0x00, 0x90, 0x00, 0x00, 0x00, 0x8e, 0x00, 0x00, 0x00, 0x58, // ...............X
	0x00, 0x07, 0x00, 0x0d, 0x00, 0x00, 0x00, 0x05, 0x0c, 0x00, 0x00, 0x02, 0x0c, 0x00, 0x00, 0x12, // ................
	0x07, 0x00, 0x00, 0x02, 0x00, 0x00, 0x00, 0x16, 0x07, 0x00, 0x00, 0x4f, 0x00, 0x08, 0x00, 0x16, // ...........O....
	0x00, 0x00, 0x00, 0x1a, 0x07, 0x00, 0x00, 0x05, 0x0c, 0x00, 0x00, 0x05, 0x0c, 0x00, 0x00, 0x00, // ................
	0x00, 0x00, 0x00, 0x01, 0x00, 0x00, 0x00, 0x02, 0x00, 0x00, 0x00, 0x41, 0x00, 0x06, 0x00, 0x84, // ...........A....
	0x01, 0x00, 0x00, 0x1b, 0x07, 0x00, 0x00, 0x81, 0x01, 0x00, 0x00, 0xf8, 0x04, 0x00, 0x00, 0x83, // ................
	0x01, 0x00, 0x00, 0x3d, 0x00, 0x04, 0x00, 0x07, 0x00, 0x00, 0x00, 0x1c, 0x07, 0x00, 0x00, 0x1b, // ...=............
	0x07, 0x00, 0x00, 0x8e, 0x00, 0x05, 0x00, 0x16, 0x00, 0x00, 0x00, 0x1d, 0x07, 0x00, 0x00, 0x1a, // ................
	0x07, 0x00, 0x00, 0x1c, 0x07, 0x00, 0x00, 0x8e, 0x00, 0x05, 0x00, 0x0d, 0x00, 0x00, 0x00, 0x0e, // ................
	0x0c, 0x00, 0x00, 0x55, 0x01, 0x00, 0x00, 0x50, 0x06, 0x00, 0x00, 0x81, 0x00, 0x05, 0x00, 0x0d, // ...U...P........
	0x00, 0x00, 0x00, 0x10, 0x0c, 0x00, 0x00, 0x0e, 0x0c, 0x00, 0x00, 0x5a, 0x01, 0x00, 0x00, 0x51, // ...........Z...Q
	0x00, 0x05, 0x00, 0x07, 0x00, 0x00, 0x00, 0x12, 0x0c, 0x00, 0x00, 0x10, 0x0c, 0x00, 0x00, 0x00, // ................
	0x00, 0x00, 0x00, 0x51, 0x00, 0x05, 0x00, 0x07, 0x00, 0x00, 0x00, 0x14, 0x0c, 0x00, 0x00, 0x10, // ...Q............
	0x0c, 0x00, 0x00, 0x00, 0x00, 0x00, 0x00, 0x85, 0x00, 0x05, 0x00, 0x07, 0x00, 0x00, 0x00, 0x15, // ................
	0x0c, 0x00, 0x00, 0x12, 0x0c, 0x00, 0x00, 0x14, 0x0c, 0x00, 0x00, 0x85, 0x00, 0x05, 0x00, 0x07, // ................
	0x00, 0x00, 0x00, 0x17, 0x0c, 0x00, 0x00, 0x67, 0x01, 0x00, 0x00, 0x4a, 0x06, 0x00, 0x00, 0x0c, // .......g...J....
	0x00, 0x06, 0x00, 0x07, 0x00, 0x00, 0x00, 0x18, 0x0c, 0x00, 0x00, 0x01, 0x00, 0x00, 0x00, 0x1d, // ................
	0x00, 0x00, 0x00, 0x17, 0x0c, 0x00, 0x00, 0x0c, 0x00, 0x07, 0x00, 0x07, 0x00, 0x00, 0x00, 0x19, // ................
	0x0c, 0x00, 0x00, 0x01, 0x00, 0x00, 0x00, 0x25, 0x00, 0x00, 0x00, 0x15, 0x0c, 0x00, 0x00, 0x18, // .......%........
	0x0c, 0x00, 0x00, 0x51, 0x00, 0x05, 0x00, 0x07, 0x00, 0x00, 0x00, 0x1b, 0x0c, 0x00, 0x00, 0x10, // ...Q............
	0x0c, 0x00, 0x00, 0x00, 0x00, 0x00, 0x00, 0x85, 0x00, 0x05, 0x00, 0x07, 0x00, 0x00, 0x00, 0x1c, // ................
	0x0c, 0x00, 0x00, 0x19, 0x0c, 0x00, 0x00, 0x1b, 0x0c, 0x00, 0x00, 0x51, 0x00, 0x05, 0x00, 0x07, // ...........Q....
	0x00, 0x00, 0x00, 0x1e, 0x0c, 0x00, 0x00, 0x10, 0x0c, 0x00, 0x00, 0x01, 0x00, 0x00, 0x00, 0x81, // ................
	0x00, 0x05, 0x00, 0x07, 0x00, 0x00, 0x00, 0x1f, 0x0c, 0x00, 0x00, 0x1c, 0x0c, 0x00, 0x00, 0x1e, // ................
	0x0c, 0x00, 0x00, 0x8e, 0x00, 0x05, 0x00, 0x0b, 0x00, 0x00, 0x00, 0x21, 0x0c, 0x00, 0x00, 0x73, // ...........!...s
	0x01, 0x00, 0x00, 0x1f, 0x0c, 0x00, 0x00, 0x4f, 0x00, 0x07, 0x00, 0x0b, 0x00, 0x00, 0x00, 0x23, // .......O.......#
	0x0c, 0x00, 0x00, 0x10, 0x0c, 0x00, 0x00, 0x10, 0x0c, 0x00, 0x00, 0x02, 0x00, 0x00, 0x00, 0x03, // ................
	0x00, 0x00, 0x00, 0x81, 0x00, 0x05, 0x00, 0x0b, 0x00, 0x00, 0x00, 0x24, 0x0c, 0x00, 0x00, 0x21, // ...........$...!
	0x0c, 0x00, 0x00, 0x23, 0x0c, 0x00, 0x00, 0x51, 0x00, 0x05, 0x00, 0x07, 0x00, 0x00, 0x00, 0x24, // ...#...Q.......$
	0x07, 0x00, 0x00, 0x24, 0x0c, 0x00, 0x00, 0x00, 0x00, 0x00, 0x00, 0x8e, 0x00, 0x05, 0x00, 0x16, // ...$............
	0x00, 0x00, 0x00, 0x25, 0x07, 0x00, 0x00, 0x65, 0x06, 0x00, 0x00, 0x24, 0x07, 0x00, 0x00, 0x51, // ...%...e...$...Q
	0x00, 0x05, 0x00, 0x07, 0x00, 0x00, 0x00, 0x28, 0x07, 0x00, 0x00, 0x24, 0x0c, 0x00, 0x00, 0x01, // .......(...$....
	0x00, 0x00, 0x00, 0x8e, 0x00, 0x05, 0x00, 0x16, 0x00, 0x00, 0x00, 0x29, 0x07, 0x00, 0x00, 0x85, // ...........)....
	0x07, 0x00, 0x00, 0x28, 0x07, 0x00, 0x00, 0x81, 0x00, 0x05, 0x00, 0x16, 0x00, 0x00, 0x00, 0x2a, // ...(...........*
	0x07, 0x00, 0x00, 0x25, 0x07, 0x00, 0x00, 0x29, 0x07, 0x00, 0x00, 0x85, 0x00, 0x05, 0x00, 0x16, // ...%...)........
	0x00, 0x00, 0x00, 0x2b, 0x07, 0x00, 0x00, 0x1d, 0x07, 0x00, 0x00, 0x2a, 0x07, 0x00, 0x00, 0x4f, // ...+.......*...O
	0x00, 0x08, 0x00, 0x16, 0x00, 0x00, 0x00, 0x2e, 0x07, 0x00, 0x00, 0x2b, 0x06, 0x00, 0x00, 0x2b, // ...........+...+
	0x06, 0x00, 0x00, 0x00, 0x00, 0x00, 0x00, 0x01, 0x00, 0x00, 0x00, 0x02, 0x00, 0x00, 0x00, 0x51, // ...............Q
	0x00, 0x05, 0x00, 0x07, 0x00, 0x00, 0x00, 0x30, 0x07, 0x00, 0x00, 0x24, 0x0c, 0x00, 0x00, 0x00, // .......0...$....
	0x00, 0x00, 0x00, 0x8e, 0x00, 0x05, 0x00, 0x16, 0x00, 0x00, 0x00, 0x31, 0x07, 0x00, 0x00, 0x2e, // ...........1....
	0x07, 0x00, 0x00, 0x30, 0x07, 0x00, 0x00, 0x51, 0x00, 0x05, 0x00, 0x07, 0x00, 0x00, 0x00, 0x33, // ...0...Q.......3
	0x07, 0x00, 0x00, 0x24, 0x0c, 0x00, 0x00, 0x01, 0x00, 0x00, 0x00, 0x50, 0x00, 0x06, 0x00, 0x16, // ...$.......P....
	0x00, 0x00, 0x00, 0x28, 0x0c, 0x00, 0x00, 0x33, 0x07, 0x00, 0x00, 0x33, 0x07, 0x00, 0x00, 0x33, // ...(...3...3...3
	0x07, 0x00, 0x00, 0x81, 0x00, 0x05, 0x00, 0x16, 0x00, 0x00, 0x00, 0x35, 0x07, 0x00, 0x00, 0x31, // ...........5...1
	0x07, 0x00, 0x00, 0x28, 0x0c, 0x00, 0x00, 0x85, 0x00, 0x05, 0x00, 0x16, 0x00, 0x00, 0x00, 0x36, // ...(...........6
	0x07, 0x00, 0x00, 0x1d, 0x07, 0x00, 0x00, 0x35, 0x07, 0x00, 0x00, 0x50, 0x00, 0x06, 0x00, 0x16, // .......5...P....
	0x00, 0x00, 0x00, 0x39, 0x07, 0x00, 0x00, 0x75, 0x07, 0x00, 0x00, 0x75, 0x07, 0x00, 0x00, 0x75, // ...9...u...u...u
	0x07, 0x00, 0x00, 0x0c, 0x00, 0x08, 0x00, 0x16, 0x00, 0x00, 0x00, 0x2e, 0x0c, 0x00, 0x00, 0x01, // ................
	0x00, 0x00, 0x00, 0x2e, 0x00, 0x00, 0x00, 0x2b, 0x07, 0x00, 0x00, 0x36, 0x07, 0x00, 0x00, 0x39, // .......+...6...9
	0x07, 0x00, 0x00, 0x81, 0x00, 0x05, 0x00, 0x16, 0x00, 0x00, 0x00, 0x3d, 0x07, 0x00, 0x00, 0x0e, // ...........=....
	0x07, 0x00, 0x00, 0x2e, 0x0c, 0x00, 0x00, 0x81, 0x00, 0x05, 0x00, 0x16, 0x00, 0x00, 0x00, 0x3f, // ...............?
	0x07, 0x00, 0x00, 0x3d, 0x07, 0x00, 0x00, 0xff, 0x06, 0x00, 0x00, 0x41, 0x00, 0x05, 0x00, 0xeb, // ...=.......A....
	0x03, 0x00, 0x00, 0x40, 0x07, 0x00, 0x00, 0x81, 0x01, 0x00, 0x00, 0x68, 0x05, 0x00, 0x00, 0x3d, // ...@.......h...=
	0x00, 0x04, 0x00, 0x0d, 0x00, 0x00, 0x00, 0x41, 0x07, 0x00, 0x00, 0x40, 0x07, 0x00, 0x00, 0x4f, // .......A...@...O
	0x00, 0x08, 0x00, 0x16, 0x00, 0x00, 0x00, 0x42, 0x07, 0x00, 0x00, 0x41, 0x07, 0x00, 0x00, 0x41, // .......B...A...A
	0x07, 0x00, 0x00, 0x00, 0x00, 0x00, 0x00, 0x01, 0x00, 0x00, 0x00, 0x02, 0x00, 0x00, 0x00, 0x81, // ................
	0x00, 0x05, 0x00, 0x16, 0x00, 0x00, 0x00, 0x43, 0x07, 0x00, 0x00, 0x3f, 0x07, 0x00, 0x00, 0x42, // .......C...?...B
	0x07, 0x00, 0x00, 0x41, 0x00, 0x06, 0x00, 0x84, 0x01, 0x00, 0x00, 0x44, 0x07, 0x00, 0x00, 0x81, // ...A.......D....
	0x01, 0x00, 0x00, 0x00, 0x05, 0x00, 0x00, 0xf7, 0x00, 0x00, 0x00, 0x3d, 0x00, 0x04, 0x00, 0x07, // ...........=....
	0x00, 0x00, 0x00, 0x45, 0x07, 0x00, 0x00, 0x44, 0x07, 0x00, 0x00, 0x8e, 0x00, 0x05, 0x00, 0x16, // ...E...D........
	0x00, 0x00, 0x00, 0x46, 0x07, 0x00, 0x00, 0x43, 0x07, 0x00, 0x00, 0x45, 0x07, 0x00, 0x00, 0xf7, // ...F...C...E....
	0x00, 0x03, 0x00, 0x7b, 0x0c, 0x00, 0x00, 0x00, 0x00, 0x00, 0x00, 0xfb, 0x00, 0x03, 0x00, 0xf7, // ...{............
	0x00, 0x00, 0x00, 0x3d, 0x0c, 0x00, 0x00, 0xf8, 0x00, 0x02, 0x00, 0x3d, 0x0c, 0x00, 0x00, 0x51, // ...=.......=...Q
	0x00, 0x05, 0x00, 0x07, 0x00, 0x00, 0x00, 0x3f, 0x0c, 0x00, 0x00, 0x46, 0x07, 0x00, 0x00, 0x00, // .......?...F....
	0x00, 0x00, 0x00, 0x51, 0x00, 0x05, 0x00, 0x07, 0x00, 0x00, 0x00, 0x41, 0x0c, 0x00, 0x00, 0x46, // ...Q.......A...F
	0x07, 0x00, 0x00, 0x01, 0x00, 0x00, 0x00, 0x51, 0x00, 0x05, 0x00, 0x07, 0x00, 0x00, 0x00, 0x43, // .......Q.......C
	0x0c, 0x00, 0x00, 0x46, 0x07, 0x00, 0x00, 0x02, 0x00, 0x00, 0x00, 0x0c, 0x00, 0x07, 0x00, 0x07, // ...F............
	0x00, 0x00, 0x00, 0x44, 0x0c, 0x00, 0x00, 0x01, 0x00, 0x00, 0x00, 0x25, 0x00, 0x00, 0x00, 0x41, // ...D.......%...A
	0x0c, 0x00, 0x00, 0x43, 0x0c, 0x00, 0x00, 0x0c, 0x00, 0x07, 0x00, 0x07, 0x00, 0x00, 0x00, 0x45, // ...C...........E
	0x0c, 0x00, 0x00, 0x01, 0x00, 0x00, 0x00, 0x25, 0x00, 0x00, 0x00, 0x3f, 0x0c, 0x00, 0x00, 0x44, // .......%...?...D
	0x0c, 0x00, 0x00, 0xb8, 0x00, 0x05, 0x00, 0xe6, 0x00, 0x00, 0x00, 0x47, 0x0c, 0x00, 0x00, 0x45, // ...........G...E
	0x0c, 0x00, 0x00, 0xa1, 0x03, 0x00, 0x00, 0x85, 0x00, 0x05, 0x00, 0x07, 0x00, 0x00, 0x00, 0x4a, // ...............J
	0x0c, 0x00, 0x00, 0xa4, 0x03, 0x00, 0x00, 0x45, 0x0c, 0x00, 0x00, 0x85, 0x00, 0x05, 0x00, 0x07, // .......E........
	0x00, 0x00, 0x00, 0x4c, 0x0c, 0x00, 0x00, 0x4a, 0x0c, 0x00, 0x00, 0x45, 0x0c, 0x00, 0x00, 0x83, // ...L...J...E....
	0x00, 0x05, 0x00, 0x07, 0x00, 0x00, 0x00, 0x4d, 0x0c, 0x00, 0x00, 0x45, 0x0c, 0x00, 0x00, 0x4c, // .......M...E...L
	0x0c, 0x00, 0x00, 0xa9, 0x00, 0x06, 0x00, 0x07, 0x00, 0x00, 0x00, 0x4e, 0x0c, 0x00, 0x00, 0x47, // ...........N...G
	0x0c, 0x00, 0x00, 0x4d, 0x0c, 0x00, 0x00, 0xaa, 0x03, 0x00, 0x00, 0x50, 0x00, 0x06, 0x00, 0x16, // ...M.......P....
	0x00, 0x00, 0x00, 0x51, 0x0c, 0x00, 0x00, 0x4e, 0x0c, 0x00, 0x00, 0x4e, 0x0c, 0x00, 0x00, 0x4e, // ...Q...N...N...N
	0x0c, 0x00, 0x00, 0x83, 0x00, 0x05, 0x00, 0x16, 0x00, 0x00, 0x00, 0x52, 0x0c, 0x00, 0x00, 0x46, // ...........R...F
	0x07, 0x00, 0x00, 0x51, 0x0c, 0x00, 0x00, 0x51, 0x00, 0x05, 0x00, 0x07, 0x00, 0x00, 0x00, 0x54, // ...Q...Q.......T
	0x0c, 0x00, 0x00, 0x52, 0x0c, 0x00, 0x00, 0x00, 0x00, 0x00, 0x00, 0x51, 0x00, 0x05, 0x00, 0x07, // ...R.......Q....
	0x00, 0x00, 0x00, 0x56, 0x0c, 0x00, 0x00, 0x52, 0x0c, 0x00, 0x00, 0x01, 0x00, 0x00, 0x00, 0x51, // ...V...R.......Q
	0x00, 0x05, 0x00, 0x07, 0x00, 0x00, 0x00, 0x58, 0x0c, 0x00, 0x00, 0x52, 0x0c, 0x00, 0x00, 0x02, // .......X...R....
	0x00, 0x00, 0x00, 0x0c, 0x00, 0x07, 0x00, 0x07, 0x00, 0x00, 0x00, 0x59, 0x0c, 0x00, 0x00, 0x01, // ...........Y....
	0x00, 0x00, 0x00, 0x28, 0x00, 0x00, 0x00, 0x56, 0x0c, 0x00, 0x00, 0x58, 0x0c, 0x00, 0x00, 0x0c, // ...(...V...X....
	0x00, 0x07, 0x00, 0x07, 0x00, 0x00, 0x00, 0x5a, 0x0c, 0x00, 0x00, 0x01, 0x00, 0x00, 0x00, 0x28, // .......Z.......(
	0x00, 0x00, 0x00, 0x54, 0x0c, 0x00, 0x00, 0x59, 0x0c, 0x00, 0x00, 0xb8, 0x00, 0x05, 0x00, 0xe6, // ...T...Y........
	0x00, 0x00, 0x00, 0x5c, 0x0c, 0x00, 0x00, 0x5a, 0x0c, 0x00, 0x00, 0xba, 0x03, 0x00, 0x00, 0xf7, // .......Z........
	0x00, 0x03, 0x00, 0x5f, 0x0c, 0x00, 0x00, 0x00, 0x00, 0x00, 0x00, 0xfa, 0x00, 0x04, 0x00, 0x5c, // ..._............
	0x0c, 0x00, 0x00, 0x5d, 0x0c, 0x00, 0x00, 0x5f, 0x0c, 0x00, 0x00, 0xf8, 0x00, 0x02, 0x00, 0x5d, // ...]..._.......]
	0x0c, 0x00, 0x00, 0xf9, 0x00, 0x02, 0x00, 0x7b, 0x0c, 0x00, 0x00, 0xf8, 0x00, 0x02, 0x00, 0x5f, // .......{......._
	0x0c, 0x00, 0x00, 0x81, 0x00, 0x05, 0x00, 0x07, 0x00, 0x00, 0x00, 0x66, 0x0c, 0x00, 0x00, 0x5a, // ...........f...Z
	0x0c, 0x00, 0x00, 0x0d, 0x0d, 0x00, 0x00, 0x88, 0x00, 0x05, 0x00, 0x07, 0x00, 0x00, 0x00, 0x67, // ...............g
	0x0c, 0x00, 0x00, 0x0c, 0x0d, 0x00, 0x00, 0x66, 0x0c, 0x00, 0x00, 0x83, 0x00, 0x05, 0x00, 0x07, // .......f........
	0x00, 0x00, 0x00, 0x68, 0x0c, 0x00, 0x00, 0xd2, 0x00, 0x00, 0x00, 0x67, 0x0c, 0x00, 0x00, 0x88, // ...h.......g....
	0x00, 0x05, 0x00, 0x07, 0x00, 0x00, 0x00, 0x6b, 0x0c, 0x00, 0x00, 0x68, 0x0c, 0x00, 0x00, 0x5a, // .......k...h...Z
	0x0c, 0x00, 0x00, 0x8e, 0x00, 0x05, 0x00, 0x16, 0x00, 0x00, 0x00, 0x6d, 0x0c, 0x00, 0x00, 0x52, // ...........m...R
	0x0c, 0x00, 0x00, 0x6b, 0x0c, 0x00, 0x00, 0x83, 0x00, 0x05, 0x00, 0x07, 0x00, 0x00, 0x00, 0x70, // ...k...........p
	0x0c, 0x00, 0x00, 0x5a, 0x0c, 0x00, 0x00, 0x68, 0x0c, 0x00, 0x00, 0x85, 0x00, 0x05, 0x00, 0x07, // ...Z...h........
	0x00, 0x00, 0x00, 0x71, 0x0c, 0x00, 0x00, 0xd2, 0x03, 0x00, 0x00, 0x70, 0x0c, 0x00, 0x00, 0x81, // ...q.......p....
	0x00, 0x05, 0x00, 0x07, 0x00, 0x00, 0x00, 0x72, 0x0c, 0x00, 0x00, 0x71, 0x0c, 0x00, 0x00, 0xd2, // .......r...q....
	0x00, 0x00, 0x00, 0x88, 0x00, 0x05, 0x00, 0x07, 0x00, 0x00, 0x00, 0x73, 0x0c, 0x00, 0x00, 0xd2, // ...........s....
	0x00, 0x00, 0x00, 0x72, 0x0c, 0x00, 0x00, 0x83, 0x00, 0x05, 0x00, 0x07, 0x00, 0x00, 0x00, 0x74, // ...r...........t
	0x0c, 0x00, 0x00, 0xd2, 0x00, 0x00, 0x00, 0x73, 0x0c, 0x00, 0x00, 0x50, 0x00, 0x06, 0x00, 0x16, // .......s...P....
	0x00, 0x00, 0x00, 0x80, 0x0c, 0x00, 0x00, 0x68, 0x0c, 0x00, 0x00, 0x68, 0x0c, 0x00, 0x00, 0x68, // .......h...h...h
	0x0c, 0x00, 0x00, 0x50, 0x00, 0x06, 0x00, 0x16, 0x00, 0x00, 0x00, 0x78, 0x0c, 0x00, 0x00, 0x74, // ...P.......x...t
	0x0c, 0x00, 0x00, 0x74, 0x0c, 0x00, 0x00, 0x74, 0x0c, 0x00, 0x00, 0x0c, 0x00, 0x08, 0x00, 0x16, // ...t...t........
	0x00, 0x00, 0x00, 0x86, 0x0c, 0x00, 0x00, 0x01, 0x00, 0x00, 0x00, 0x2e, 0x00, 0x00, 0x00, 0x6d, // ...............m
	0x0c, 0x00, 0x00, 0x80, 0x0c, 0x00, 0x00, 0x78, 0x0c, 0x00, 0x00, 0xf9, 0x00, 0x02, 0x00, 0x7b, // .......x.......{
	0x0c, 0x00, 0x00, 0xf8, 0x00, 0x02, 0x00, 0x7b, 0x0c, 0x00, 0x00, 0xf5, 0x00, 0x07, 0x00, 0x16, // .......{........
	0x00, 0x00, 0x00, 0x17, 0x0d, 0x00, 0x00, 0x52, 0x0c, 0x00, 0x00, 0x5d, 0x0c, 0x00, 0x00, 0x86, // .......R...]....
	0x0c, 0x00, 0x00, 0x5f, 0x0c, 0x00, 0x00, 0x0c, 0x00, 0x07, 0x00, 0x16, 0x00, 0x00, 0x00, 0x8d, // ..._............
	0x0c, 0x00, 0x00, 0x01, 0x00, 0x00, 0x00, 0x28, 0x00, 0x00, 0x00, 0x17, 0x0d, 0x00, 0x00, 0x06, // .......(........
	0x0d, 0x00, 0x00, 0x0c, 0x00, 0x07, 0x00, 0x16, 0x00, 0x00, 0x00, 0x8f, 0x0c, 0x00, 0x00, 0x01, // ................
	0x00, 0x00, 0x00, 0x1a, 0x00, 0x00, 0x00, 0x8d, 0x0c, 0x00, 0x00, 0x0e, 0x0d, 0x00, 0x00, 0x51, // ...............Q
	0x00, 0x05, 0x00, 0x07, 0x00, 0x00, 0x00, 0x4c, 0x07, 0x00, 0x00, 0x2b, 0x06, 0x00, 0x00, 0x03, // .......L...+....
	0x00, 0x00, 0x00, 0x51, 0x00, 0x05, 0x00, 0x07, 0x00, 0x00, 0x00, 0x4d, 0x07, 0x00, 0x00, 0x8f, // ...Q.......M....
	0x0c, 0x00, 0x00, 0x00, 0x00, 0x00, 0x00, 0x51, 0x00, 0x05, 0x00, 0x07, 0x00, 0x00, 0x00, 0x4e, // .......Q.......N
	0x07, 0x00, 0x00, 0x8f, 0x0c, 0x00, 0x00, 0x01, 0x00, 0x00, 0x00, 0x51, 0x00, 0x05, 0x00, 0x07, // ...........Q....
	0x00, 0x00, 0x00, 0x4f, 0x07, 0x00, 0x00, 0x8f, 0x0c, 0x00, 0x00, 0x02, 0x00, 0x00, 0x00, 0x50, // ...O...........P
	0x00, 0x07, 0x00, 0x0d, 0x00, 0x00, 0x00, 0x50, 0x07, 0x00, 0x00, 0x4d, 0x07, 0x00, 0x00, 0x4e, // .......P...M...N
	0x07, 0x00, 0x00, 0x4f, 0x07, 0x00, 0x00, 0x4c, 0x07, 0x00, 0x00, 0x3e, 0x00, 0x03, 0x00, 0xa5, // ...O...L...>....
	0x05, 0x00, 0x00, 0x50, 0x07, 0x00, 0x00, 0xfd, 0x00, 0x01, 0x00, 0x38, 0x00, 0x01, 0x00, 0x00, // ...P.......8....
	0x00, 0x90, 0x01,                                                                               // ...
};
static const uint8_t fs_model3d_simple_mtl[13688] =
{
	0x46, 0x53, 0x48, 0x0b, 0x24, 0x8e, 0x5c, 0xd3, 0x00, 0x00, 0x00, 0x00, 0x19, 0x00, 0x13, 0x73, // FSH.$..........s
	0x5f, 0x69, 0x72, 0x72, 0x61, 0x64, 0x69, 0x61, 0x6e, 0x63, 0x65, 0x53, 0x61, 0x6d, 0x70, 0x6c, // _irradianceSampl
	0x65, 0x72, 0x11, 0x01, 0xff, 0xff, 0x01, 0x00, 0x00, 0x00, 0x00, 0x00, 0x13, 0x73, 0x5f, 0x69, // er...........s_i
	0x72, 0x72, 0x61, 0x64, 0x69, 0x61, 0x6e, 0x63, 0x65, 0x54, 0x65, 0x78, 0x74, 0x75, 0x72, 0x65, // rradianceTexture
	0x11, 0x01, 0xff, 0xff, 0x01, 0x00, 0x00, 0x00, 0x00, 0x00, 0x12, 0x73, 0x5f, 0x70, 0x72, 0x65, // ...........s_pre
	0x66, 0x69, 0x6c, 0x74, 0x65, 0x72, 0x53, 0x61, 0x6d, 0x70, 0x6c, 0x65, 0x72, 0x11, 0x01, 0xff, // filterSampler...
	0xff, 0x01, 0x00, 0x00, 0x00, 0x00, 0x00, 0x12, 0x73, 0x5f, 0x70, 0x72, 0x65, 0x66, 0x69, 0x6c, // ........s_prefil
	0x74, 0x65, 0x72, 0x54, 0x65, 0x78, 0x74, 0x75, 0x72, 0x65, 0x11, 0x01, 0xff, 0xff, 0x01, 0x00, // terTexture......
	0x00, 0x00, 0x00, 0x00, 0x12, 0x73, 0x5f, 0x73, 0x68, 0x61, 0x64, 0x6f, 0x77, 0x4d, 0x61, 0x70, // .....s_shadowMap
	0x53, 0x61, 0x6d, 0x70, 0x6c, 0x65, 0x72, 0x11, 0x01, 0xff, 0xff, 0x01, 0x00, 0x00, 0x00, 0x00, // Sampler.........
	0x00, 0x12, 0x73, 0x5f, 0x73, 0x68, 0x61, 0x64, 0x6f, 0x77, 0x4d, 0x61, 0x70, 0x54, 0x65, 0x78, // ..s_shadowMapTex
	0x74, 0x75, 0x72, 0x65, 0x11, 0x01, 0xff, 0xff, 0x01, 0x00, 0x00, 0x00, 0x00, 0x00, 0x0e, 0x75, // ture...........u
	0x5f, 0x73, 0x68, 0x61, 0x64, 0x6f, 0x77, 0x50, 0x61, 0x72, 0x61, 0x6d, 0x73, 0x12, 0x01, 0x20, // _shadowParams..
	0x01, 0x01, 0x00, 0x00, 0x00, 0x00, 0x00, 0x0b, 0x75, 0x5f, 0x62, 0x61, 0x73, 0x65, 0x43, 0x6f, // ........u_baseCo
	0x6c, 0x6f, 0x72, 0x12, 0x01, 0x30, 0x01, 0x01, 0x00, 0x00, 0x00, 0x00, 0x00, 0x0b, 0x75, 0x5f, // lor..0........u_
	0x61, 0x6c, 0x70, 0x68, 0x61, 0x4d, 0x6f, 0x64, 0x65, 0x12, 0x01, 0x60, 0x01, 0x01, 0x00, 0x00, // alphaMode..`....
	0x00, 0x00, 0x00, 0x09, 0x75, 0x5f, 0x76, 0x69, 0x65, 0x77, 0x50, 0x6f, 0x73, 0x12, 0x01, 0x00, // ....u_viewPos...
	0x00, 0x01, 0x00, 0x00, 0x00, 0x00, 0x00, 0x13, 0x75, 0x5f, 0x6d, 0x65, 0x74, 0x61, 0x6c, 0x6c, // ........u_metall
	0x69, 0x63, 0x52, 0x6f, 0x75, 0x67, 0x68, 0x6e, 0x65, 0x73, 0x73, 0x12, 0x01, 0x50, 0x01, 0x01, // icRoughness..P..
	0x00, 0x00, 0x00, 0x00, 0x00, 0x0d, 0x75, 0x5f, 0x6d, 0x61, 0x74, 0x65, 0x72, 0x69, 0x61, 0x6c, // ......u_material
	0x45, 0x78, 0x74, 0x12, 0x01, 0x70, 0x01, 0x01, 0x00, 0x00, 0x00, 0x00, 0x00, 0x0f, 0x75, 0x5f, // Ext..p........u_
	0x73, 0x70, 0x65, 0x63, 0x75, 0x6c, 0x61, 0x72, 0x43, 0x6f, 0x6c, 0x6f, 0x72, 0x12, 0x01, 0x80, // specularColor...
	0x01, 0x01, 0x00, 0x00, 0x00, 0x00, 0x00, 0x1b, 0x75, 0x5f, 0x64, 0x69, 0x72, 0x65, 0x63, 0x74, // ........u_direct
	0x69, 0x6f, 0x6e, 0x61, 0x6c, 0x4c, 0x69, 0x67, 0x68, 0x74, 0x44, 0x69, 0x72, 0x65, 0x63, 0x74, // ionalLightDirect
	0x69, 0x6f, 0x6e, 0x12, 0x01, 0x40, 0x00, 0x01, 0x00, 0x00, 0x00, 0x00, 0x00, 0x17, 0x75, 0x5f, // ion..@........u_
	0x64, 0x69, 0x72, 0x65, 0x63, 0x74, 0x69, 0x6f, 0x6e, 0x61, 0x6c, 0x4c, 0x69, 0x67, 0x68, 0x74, // directionalLight
	0x43, 0x6f, 0x6c, 0x6f, 0x72, 0x12, 0x01, 0x50, 0x00, 0x01, 0x00, 0x00, 0x00, 0x00, 0x00, 0x19, // Color..P........
	0x75, 0x5f, 0x70, 0x6f, 0x69, 0x6e, 0x74, 0x4c, 0x69, 0x67, 0x68, 0x74, 0x50, 0x6f, 0x73, 0x69, // u_pointLightPosi
	0x74, 0x69, 0x6f, 0x6e, 0x52, 0x61, 0x6e, 0x67, 0x65, 0x12, 0x04, 0x60, 0x00, 0x04, 0x00, 0x00, // tionRange..`....
	0x00, 0x00, 0x00, 0x1a, 0x75, 0x5f, 0x70, 0x6f, 0x69, 0x6e, 0x74, 0x4c, 0x69, 0x67, 0x68, 0x74, // ....u_pointLight
	0x43, 0x6f, 0x6c, 0x6f, 0x72, 0x49, 0x6e, 0x74, 0x65, 0x6e, 0x73, 0x69, 0x74, 0x79, 0x12, 0x04, // ColorIntensity..
	0xa0, 0x00, 0x04, 0x00, 0x00, 0x00, 0x00, 0x00, 0x11, 0x75, 0x5f, 0x6f, 0x76, 0x65, 0x72, 0x66, // .........u_overf
	0x6c, 0x6f, 0x77, 0x4c, 0x69, 0x67, 0x68, 0x74, 0x53, 0x48, 0x12, 0x04, 0xe0, 0x00, 0x04, 0x00, // lowLightSH......
	0x00, 0x00, 0x00, 0x00, 0x0c, 0x75, 0x5f, 0x65, 0x6e, 0x76, 0x44, 0x69, 0x66, 0x66, 0x75, 0x73, // .....u_envDiffus
	0x65, 0x12, 0x01, 0x10, 0x00, 0x01, 0x00, 0x00, 0x00, 0x00, 0x00, 0x0d, 0x75, 0x5f, 0x65, 0x6e, // e...........u_en
	0x76, 0x53, 0x70, 0x65, 0x63, 0x75, 0x6c, 0x61, 0x72, 0x12, 0x01, 0x20, 0x00, 0x01, 0x00, 0x00, // vSpecular.. ....
	0x00, 0x00, 0x00, 0x10, 0x75, 0x5f, 0x65, 0x6d, 0x69, 0x73, 0x73, 0x69, 0x76, 0x65, 0x46, 0x61, // ....u_emissiveFa
	0x63, 0x74, 0x6f, 0x72, 0x12, 0x01, 0x40, 0x01, 0x01, 0x00, 0x00, 0x00, 0x00, 0x00, 0x0b, 0x75, // ctor..@........u
	0x5f, 0x70, 0x62, 0x72, 0x50, 0x61, 0x72, 0x61, 0x6d, 0x73, 0x12, 0x01, 0x30, 0x00, 0x01, 0x00, // _pbrParams..0...
	0x00, 0x00, 0x00, 0x00, 0x0c, 0x73, 0x5f, 0x69, 0x72, 0x72, 0x61, 0x64, 0x69, 0x61, 0x6e, 0x63, // .....s_irradianc
	0x65, 0x10, 0x00, 0x00, 0x00, 0x00, 0x00, 0x00, 0x00, 0x00, 0x00, 0x0b, 0x73, 0x5f, 0x70, 0x72, // e...........s_pr
	0x65, 0x66, 0x69, 0x6c, 0x74, 0x65, 0x72, 0x10, 0x00, 0x00, 0x00, 0x00, 0x00, 0x00, 0x00, 0x00, // efilter.........
	0x00, 0x0b, 0x73, 0x5f, 0x73, 0x68, 0x61, 0x64, 0x6f, 0x77, 0x4d, 0x61, 0x70, 0x10, 0x00, 0x00, // ..s_shadowMap...
	0x00, 0x00, 0x00, 0x00, 0x00, 0x00, 0x00, 0xb9, 0x32, 0x00, 0x00, 0x23, 0x69, 0x6e, 0x63, 0x6c, // ........2..#incl
	0x75, 0x64, 0x65, 0x20, 0x3c, 0x6d, 0x65, 0x74, 0x61, 0x6c, 0x5f, 0x73, 0x74, 0x64, 0x6c, 0x69, // ude <metal_stdli
	0x62, 0x3e, 0x0a, 0x23, 0x69, 0x6e, 0x63, 0x6c, 0x75, 0x64, 0x65, 0x20, 0x3c, 0x73, 0x69, 0x6d, // b>.#include <sim
	0x64, 0x2f, 0x73, 0x69, 0x6d, 0x64, 0x2e, 0x68, 0x3e, 0x0a, 0x0a, 0x75, 0x73, 0x69, 0x6e, 0x67, // d/simd.h>..using
	0x20, 0x6e, 0x61, 0x6d, 0x65, 0x73, 0x70, 0x61, 0x63, 0x65, 0x20, 0x6d, 0x65, 0x74, 0x61, 0x6c, //  namespace metal
	0x3b, 0x0a, 0x0a, 0x73, 0x74, 0x72, 0x75, 0x63, 0x74, 0x20, 0x5f, 0x47, 0x6c, 0x6f, 0x62, 0x61, // ;..struct _Globa
	0x6c, 0x0a, 0x7b, 0x0a, 0x20, 0x20, 0x20, 0x20, 0x66, 0x6c, 0x6f, 0x61, 0x74, 0x34, 0x20, 0x75, // l.{.    float4 u
	0x5f, 0x76, 0x69, 0x65, 0x77, 0x50, 0x6f, 0x73, 0x3b, 0x0a, 0x20, 0x20, 0x20, 0x20, 0x66, 0x6c, // _viewPos;.    fl
	0x6f, 0x61, 0x74, 0x34, 0x20, 0x75, 0x5f, 0x65, 0x6e, 0x76, 0x44, 0x69, 0x66, 0x66, 0x75, 0x73, // oat4 u_envDiffus
	0x65, 0x3b, 0x0a, 0x20, 0x20, 0x20, 0x20, 0x66, 0x6c, 0x6f, 0x61, 0x74, 0x34, 0x20, 0x75, 0x5f, // e;.    float4 u_
	0x65, 0x6e, 0x76, 0x53, 0x70, 0x65, 0x63, 0x75, 0x6c, 0x61, 0x72, 0x3b, 0x0a, 0x20, 0x20, 0x20, // envSpecular;.
	0x20, 0x66, 0x6c, 0x6f, 0x61, 0x74, 0x34, 0x20, 0x75, 0x5f, 0x70, 0x62, 0x72, 0x50, 0x61, 0x72, //  float4 u_pbrPar
	0x61, 0x6d, 0x73, 0x3b, 0x0a, 0x20, 0x20, 0x20, 0x20, 0x66, 0x6c, 0x6f, 0x61, 0x74, 0x34, 0x20, // ams;.    float4
	0x75, 0x5f, 0x64, 0x69, 0x72, 0x65, 0x63, 0x74, 0x69, 0x6f, 0x6e, 0x61, 0x6c, 0x4c, 0x69, 0x67, // u_directionalLig
	0x68, 0x74, 0x44, 0x69, 0x72, 0x65, 0x63, 0x74, 0x69, 0x6f, 0x6e, 0x3b, 0x0a, 0x20, 0x20, 0x20, // htDirection;.
	0x20, 0x66, 0x6c, 0x6f, 0x61, 0x74, 0x34, 0x20, 0x75, 0x5f, 0x64, 0x69, 0x72, 0x65, 0x63, 0x74, //  float4 u_direct
	0x69, 0x6f, 0x6e, 0x61, 0x6c, 0x4c, 0x69, 0x67, 0x68, 0x74, 0x43, 0x6f, 0x6c, 0x6f, 0x72, 0x3b, // ionalLightColor;
	0x0a, 0x20, 0x20, 0x20, 0x20, 0x66, 0x6c, 0x6f, 0x61, 0x74, 0x34, 0x20, 0x75, 0x5f, 0x70, 0x6f, // .    float4 u_po
	0x69, 0x6e, 0x74, 0x4c, 0x69, 0x67, 0x68, 0x74, 0x50, 0x6f, 0x73, 0x69, 0x74, 0x69, 0x6f, 0x6e, // intLightPosition
	0x52, 0x61, 0x6e, 0x67, 0x65, 0x5b, 0x34, 0x5d, 0x3b, 0x0a, 0x20, 0x20, 0x20, 0x20, 0x66, 0x6c, // Range[4];.    fl
	0x6f, 0x61, 0x74, 0x34, 0x20, 0x75, 0x5f, 0x70, 0x6f, 0x69, 0x6e, 0x74, 0x4c, 0x69, 0x67, 0x68, // oat4 u_pointLigh
	0x74, 0x43, 0x6f, 0x6c, 0x6f, 0x72, 0x49, 0x6e, 0x74, 0x65, 0x6e, 0x73, 0x69, 0x74, 0x79, 0x5b, // tColorIntensity[
	0x34, 0x5d, 0x3b, 0x0a, 0x20, 0x20, 0x20, 0x20, 0x66, 0x6c, 0x6f, 0x61, 0x74, 0x34, 0x20, 0x75, // 4];.    float4 u
	0x5f, 0x6f, 0x76, 0x65, 0x72, 0x66, 0x6c, 0x6f, 0x77, 0x4c, 0x69, 0x67, 0x68, 0x74, 0x53, 0x48, // _overflowLightSH
	0x5b, 0x34, 0x5d, 0x3b, 0x0a, 0x20, 0x20, 0x20, 0x20, 0x66, 0x6c, 0x6f, 0x61, 0x74, 0x34, 0x20, // [4];.    float4
	0x75, 0x5f, 0x73, 0x68, 0x61, 0x64, 0x6f, 0x77, 0x50, 0x61, 0x72, 0x61, 0x6d, 0x73, 0x3b, 0x0a, // u_shadowParams;.
	0x20, 0x20, 0x20, 0x20, 0x66, 0x6c, 0x6f, 0x61, 0x74, 0x34, 0x20, 0x75, 0x5f, 0x62, 0x61, 0x73, //     float4 u_bas
	0x65, 0x43, 0x6f, 0x6c, 0x6f, 0x72, 0x3b, 0x0a, 0x20, 0x20, 0x20, 0x20, 0x66, 0x6c, 0x6f, 0x61, // eColor;.    floa
	0x74, 0x34, 0x20, 0x75, 0x5f, 0x65, 0x6d, 0x69, 0x73, 0x73, 0x69, 0x76, 0x65, 0x46, 0x61, 0x63, // t4 u_emissiveFac
	0x74, 0x6f, 0x72, 0x3b, 0x0a, 0x20, 0x20, 0x20, 0x20, 0x66, 0x6c, 0x6f, 0x61, 0x74, 0x34, 0x20, // tor;.    float4
	0x75, 0x5f, 0x6d, 0x65, 0x74, 0x61, 0x6c, 0x6c, 0x69, 0x63, 0x52, 0x6f, 0x75, 0x67, 0x68, 0x6e, // u_metallicRoughn
	0x65, 0x73, 0x73, 0x3b, 0x0a, 0x20, 0x20, 0x20, 0x20, 0x66, 0x6c, 0x6f, 0x61, 0x74, 0x34, 0x20, // ess;.    float4
	0x75, 0x5f, 0x61, 0x6c, 0x70, 0x68, 0x61, 0x4d, 0x6f, 0x64, 0x65, 0x3b, 0x0a, 0x20, 0x20, 0x20, // u_alphaMode;.
	0x20, 0x66, 0x6c, 0x6f, 0x61, 0x74, 0x34, 0x20, 0x75, 0x5f, 0x6d, 0x61, 0x74, 0x65, 0x72, 0x69, //  float4 u_materi
	0x61, 0x6c, 0x45, 0x78, 0x74, 0x3b, 0x0a, 0x20, 0x20, 0x20, 0x20, 0x66, 0x6c, 0x6f, 0x61, 0x74, // alExt;.    float
	0x34, 0x20, 0x75, 0x5f, 0x73, 0x70, 0x65, 0x63, 0x75, 0x6c, 0x61, 0x72, 0x43, 0x6f, 0x6c, 0x6f, // 4 u_specularColo
	0x72, 0x3b, 0x0a, 0x7d, 0x3b, 0x0a, 0x0a, 0x73, 0x74, 0x72, 0x75, 0x63, 0x74, 0x20, 0x78, 0x6c, // r;.};..struct xl
	0x61, 0x74, 0x4d, 0x74, 0x6c, 0x4d, 0x61, 0x69, 0x6e, 0x5f, 0x6f, 0x75, 0x74, 0x0a, 0x7b, 0x0a, // atMtlMain_out.{.
	0x20, 0x20, 0x20, 0x20, 0x66, 0x6c, 0x6f, 0x61, 0x74, 0x34, 0x20, 0x62, 0x67, 0x66, 0x78, 0x5f, //     float4 bgfx_
	0x46, 0x72, 0x61, 0x67, 0x44, 0x61, 0x74, 0x61, 0x30, 0x20, 0x5b, 0x5b, 0x63, 0x6f, 0x6c, 0x6f, // FragData0 [[colo
	0x72, 0x28, 0x30, 0x29, 0x5d, 0x5d, 0x3b, 0x0a, 0x7d, 0x3b, 0x0a, 0x0a, 0x73, 0x74, 0x72, 0x75, // r(0)]];.};..stru
	0x63, 0x74, 0x20, 0x78, 0x6c, 0x61, 0x74, 0x4d, 0x74, 0x6c, 0x4d, 0x61, 0x69, 0x6e, 0x5f, 0x69, // ct xlatMtlMain_i
	0x6e, 0x0a, 0x7b, 0x0a, 0x20, 0x20, 0x20, 0x20, 0x66, 0x6c, 0x6f, 0x61, 0x74, 0x34, 0x20, 0x76, // n.{.    float4 v
	0x5f, 0x63, 0x6f, 0x6c, 0x6f, 0x72, 0x30, 0x20, 0x5b, 0x5b, 0x75, 0x73, 0x65, 0x72, 0x28, 0x6c, // _color0 [[user(l
	0x6f, 0x63, 0x6e, 0x30, 0x29, 0x5d, 0x5d, 0x3b, 0x0a, 0x20, 0x20, 0x20, 0x20, 0x66, 0x6c, 0x6f, // ocn0)]];.    flo
	0x61, 0x74, 0x34, 0x20, 0x76, 0x5f, 0x73, 0x68, 0x61, 0x64, 0x6f, 0x77, 0x43, 0x6f, 0x6f, 0x72, // at4 v_shadowCoor
	0x64, 0x20, 0x5b, 0x5b, 0x75, 0x73, 0x65, 0x72, 0x28, 0x6c, 0x6f, 0x63, 0x6e, 0x31, 0x29, 0x5d, // d [[user(locn1)]
	0x5d, 0x3b, 0x0a, 0x20, 0x20, 0x20, 0x20, 0x66, 0x6c, 0x6f, 0x61, 0x74, 0x34, 0x20, 0x76, 0x5f, // ];.    float4 v_
	0x77, 0x6f, 0x72, 0x6c, 0x64, 0x4e, 0x6f, 0x72, 0x6d, 0x61, 0x6c, 0x20, 0x5b, 0x5b, 0x75, 0x73, // worldNormal [[us
	0x65, 0x72, 0x28, 0x6c, 0x6f, 0x63, 0x6e, 0x33, 0x29, 0x5d, 0x5d, 0x3b, 0x0a, 0x20, 0x20, 0x20, // er(locn3)]];.
	0x20, 0x66, 0x6c, 0x6f, 0x61, 0x74, 0x34, 0x20, 0x76, 0x5f, 0x77, 0x6f, 0x72, 0x6c, 0x64, 0x50, //  float4 v_worldP
	0x6f, 0x73, 0x20, 0x5b, 0x5b, 0x75, 0x73, 0x65, 0x72, 0x28, 0x6c, 0x6f, 0x63, 0x6e, 0x34, 0x29, // os [[user(locn4)
	0x5d, 0x5d, 0x3b, 0x0a, 0x7d, 0x3b, 0x0a, 0x0a, 0x66, 0x72, 0x61, 0x67, 0x6d, 0x65, 0x6e, 0x74, // ]];.};..fragment
	0x20, 0x78, 0x6c, 0x61, 0x74, 0x4d, 0x74, 0x6c, 0x4d, 0x61, 0x69, 0x6e, 0x5f, 0x6f, 0x75, 0x74, //  xlatMtlMain_out
	0x20, 0x78, 0x6c, 0x61, 0x74, 0x4d, 0x74, 0x6c, 0x4d, 0x61, 0x69, 0x6e, 0x28, 0x78, 0x6c, 0x61, //  xlatMtlMain(xla
	0x74, 0x4d, 0x74, 0x6c, 0x4d, 0x61, 0x69, 0x6e, 0x5f, 0x69, 0x6e, 0x20, 0x69, 0x6e, 0x20, 0x5b, // tMtlMain_in in [
	0x5b, 0x73, 0x74, 0x61, 0x67, 0x65, 0x5f, 0x69, 0x6e, 0x5d, 0x5d, 0x2c, 0x20, 0x63, 0x6f, 0x6e, // [stage_in]], con
	0x73, 0x74, 0x61, 0x6e, 0x74, 0x20, 0x5f, 0x47, 0x6c, 0x6f, 0x62, 0x61, 0x6c, 0x26, 0x20, 0x5f, // stant _Global& _
	0x6d, 0x74, 0x6c, 0x5f, 0x75, 0x20, 0x5b, 0x5b, 0x62, 0x75, 0x66, 0x66, 0x65, 0x72, 0x28, 0x30, // mtl_u [[buffer(0
	0x29, 0x5d, 0x5d, 0x2c, 0x20, 0x74, 0x65, 0x78, 0x74, 0x75, 0x72, 0x65, 0x63, 0x75, 0x62, 0x65, // )]], texturecube
	0x3c, 0x66, 0x6c, 0x6f, 0x61, 0x74, 0x3e, 0x20, 0x73, 0x5f, 0x69, 0x72, 0x72, 0x61, 0x64, 0x69, // <float> s_irradi
	0x61, 0x6e, 0x63, 0x65, 0x20, 0x5b, 0x5b, 0x74, 0x65, 0x78, 0x74, 0x75, 0x72, 0x65, 0x28, 0x38, // ance [[texture(8
	0x29, 0x5d, 0x5d, 0x2c, 0x20, 0x74, 0x65, 0x78, 0x74, 0x75, 0x72, 0x65, 0x63, 0x75, 0x62, 0x65, // )]], texturecube
	0x3c, 0x66, 0x6c, 0x6f, 0x61, 0x74, 0x3e, 0x20, 0x73, 0x5f, 0x70, 0x72, 0x65, 0x66, 0x69, 0x6c, // <float> s_prefil
	0x74, 0x65, 0x72, 0x20, 0x5b, 0x5b, 0x74, 0x65, 0x78, 0x74, 0x75, 0x72, 0x65, 0x28, 0x39, 0x29, // ter [[texture(9)
	0x5d, 0x5d, 0x2c, 0x20, 0x74, 0x65, 0x78, 0x74, 0x75, 0x72, 0x65, 0x32, 0x64, 0x3c, 0x66, 0x6c, // ]], texture2d<fl
	0x6f, 0x61, 0x74, 0x3e, 0x20, 0x73, 0x5f, 0x73, 0x68, 0x61, 0x64, 0x6f, 0x77, 0x4d, 0x61, 0x70, // oat> s_shadowMap
	0x20, 0x5b, 0x5b, 0x74, 0x65, 0x78, 0x74, 0x75, 0x72, 0x65, 0x28, 0x31, 0x30, 0x29, 0x5d, 0x5d, //  [[texture(10)]]
	0x2c, 0x20, 0x73, 0x61, 0x6d, 0x70, 0x6c, 0x65, 0x72, 0x20, 0x73, 0x5f, 0x69, 0x72, 0x72, 0x61, // , sampler s_irra
	0x64, 0x69, 0x61, 0x6e, 0x63, 0x65, 0x53, 0x61, 0x6d, 0x70, 0x6c, 0x65, 0x72, 0x20, 0x5b, 0x5b, // dianceSampler [[
	0x73, 0x61, 0x6d, 0x70, 0x6c, 0x65, 0x72, 0x28, 0x38, 0x29, 0x5d, 0x5d, 0x2c, 0x20, 0x73, 0x61, // sampler(8)]], sa
	0x6d, 0x70, 0x6c, 0x65, 0x72, 0x20, 0x73, 0x5f, 0x70, 0x72, 0x65, 0x66, 0x69, 0x6c, 0x74, 0x65, // mpler s_prefilte
	0x72, 0x53, 0x61, 0x6d, 0x70, 0x6c, 0x65, 0x72, 0x20, 0x5b, 0x5b, 0x73, 0x61, 0x6d, 0x70, 0x6c, // rSampler [[sampl
	0x65, 0x72, 0x28, 0x39, 0x29, 0x5d, 0x5d, 0x2c, 0x20, 0x73, 0x61, 0x6d, 0x70, 0x6c, 0x65, 0x72, // er(9)]], sampler
	0x20, 0x73, 0x5f, 0x73, 0x68, 0x61, 0x64, 0x6f, 0x77, 0x4d, 0x61, 0x70, 0x53, 0x61, 0x6d, 0x70, //  s_shadowMapSamp
	0x6c, 0x65, 0x72, 0x20, 0x5b, 0x5b, 0x73, 0x61, 0x6d, 0x70, 0x6c, 0x65, 0x72, 0x28, 0x31, 0x30, // ler [[sampler(10
	0x29, 0x5d, 0x5d, 0x29, 0x0a, 0x7b, 0x0a, 0x20, 0x20, 0x20, 0x20, 0x78, 0x6c, 0x61, 0x74, 0x4d, // )]]).{.    xlatM
	0x74, 0x6c, 0x4d, 0x61, 0x69, 0x6e, 0x5f, 0x6f, 0x75, 0x74, 0x20, 0x6f, 0x75, 0x74, 0x20, 0x3d, // tlMain_out out =
	0x20, 0x7b, 0x7d, 0x3b, 0x0a, 0x20, 0x20, 0x20, 0x20, 0x66, 0x6c, 0x6f, 0x61, 0x74, 0x34, 0x20, //  {};.    float4
	0x5f, 0x31, 0x35, 0x37, 0x39, 0x20, 0x3d, 0x20, 0x5f, 0x6d, 0x74, 0x6c, 0x5f, 0x75, 0x2e, 0x75, // _1579 = _mtl_u.u
	0x5f, 0x62, 0x61, 0x73, 0x65, 0x43, 0x6f, 0x6c, 0x6f, 0x72, 0x20, 0x2a, 0x20, 0x69, 0x6e, 0x2e, // _baseColor * in.
	0x76, 0x5f, 0x63, 0x6f, 0x6c, 0x6f, 0x72, 0x30, 0x3b, 0x0a, 0x20, 0x20, 0x20, 0x20, 0x69, 0x66, // v_color0;.    if
	0x20, 0x28, 0x28, 0x28, 0x5f, 0x6d, 0x74, 0x6c, 0x5f, 0x75, 0x2e, 0x75, 0x5f, 0x61, 0x6c, 0x70, //  (((_mtl_u.u_alp
	0x68, 0x61, 0x4d, 0x6f, 0x64, 0x65, 0x2e, 0x78, 0x20, 0x3e, 0x20, 0x30, 0x2e, 0x35, 0x29, 0x20, // haMode.x > 0.5)
	0x26, 0x26, 0x20, 0x28, 0x5f, 0x6d, 0x74, 0x6c, 0x5f, 0x75, 0x2e, 0x75, 0x5f, 0x61, 0x6c, 0x70, // && (_mtl_u.u_alp
	0x68, 0x61, 0x4d, 0x6f, 0x64, 0x65, 0x2e, 0x78, 0x20, 0x3c, 0x20, 0x31, 0x2e, 0x35, 0x29, 0x29, // haMode.x < 1.5))
	0x20, 0x26, 0x26, 0x20, 0x28, 0x5f, 0x31, 0x35, 0x37, 0x39, 0x2e, 0x77, 0x20, 0x3c, 0x20, 0x5f, //  && (_1579.w < _
	0x6d, 0x74, 0x6c, 0x5f, 0x75, 0x2e, 0x75, 0x5f, 0x61, 0x6c, 0x70, 0x68, 0x61, 0x4d, 0x6f, 0x64, // mtl_u.u_alphaMod
	0x65, 0x2e, 0x79, 0x29, 0x29, 0x0a, 0x20, 0x20, 0x20, 0x20, 0x7b, 0x0a, 0x20, 0x20, 0x20, 0x20, // e.y)).    {.
	0x20, 0x20, 0x20, 0x20, 0x64, 0x69, 0x73, 0x63, 0x61, 0x72, 0x64, 0x5f, 0x66, 0x72, 0x61, 0x67, //     discard_frag
	0x6d, 0x65, 0x6e, 0x74, 0x28, 0x29, 0x3b, 0x0a, 0x20, 0x20, 0x20, 0x20, 0x7d, 0x0a, 0x20, 0x20, // ment();.    }.
	0x20, 0x20, 0x66, 0x6c, 0x6f, 0x61, 0x74, 0x33, 0x20, 0x5f, 0x31, 0x35, 0x39, 0x37, 0x20, 0x3d, //   float3 _1597 =
	0x20, 0x66, 0x61, 0x73, 0x74, 0x3a, 0x3a, 0x6e, 0x6f, 0x72, 0x6d, 0x61, 0x6c, 0x69, 0x7a, 0x65, //  fast::normalize
	0x28, 0x69, 0x6e, 0x2e, 0x76, 0x5f, 0x77, 0x6f, 0x72, 0x6c, 0x64, 0x4e, 0x6f, 0x72, 0x6d, 0x61, // (in.v_worldNorma
	0x6c, 0x2e, 0x78, 0x79, 0x7a, 0x29, 0x3b, 0x0a, 0x20, 0x20, 0x20, 0x20, 0x66, 0x6c, 0x6f, 0x61, // l.xyz);.    floa
	0x74, 0x33, 0x20, 0x5f, 0x31, 0x36, 0x30, 0x33, 0x20, 0x3d, 0x20, 0x5f, 0x6d, 0x74, 0x6c, 0x5f, // t3 _1603 = _mtl_
	0x75, 0x2e, 0x75, 0x5f, 0x76, 0x69, 0x65, 0x77, 0x50, 0x6f, 0x73, 0x2e, 0x78, 0x79, 0x7a, 0x20, // u.u_viewPos.xyz
	0x2d, 0x20, 0x69, 0x6e, 0x2e, 0x76, 0x5f, 0x77, 0x6f, 0x72, 0x6c, 0x64, 0x50, 0x6f, 0x73, 0x2e, // - in.v_worldPos.
	0x78, 0x79, 0x7a, 0x3b, 0x0a, 0x20, 0x20, 0x20, 0x20, 0x66, 0x6c, 0x6f, 0x61, 0x74, 0x33, 0x20, // xyz;.    float3
	0x5f, 0x33, 0x33, 0x34, 0x33, 0x3b, 0x0a, 0x20, 0x20, 0x20, 0x20, 0x64, 0x6f, 0x0a, 0x20, 0x20, // _3343;.    do.
	0x20, 0x20, 0x7b, 0x0a, 0x20, 0x20, 0x20, 0x20, 0x20, 0x20, 0x20, 0x20, 0x66, 0x6c, 0x6f, 0x61, //   {.        floa
	0x74, 0x20, 0x5f, 0x31, 0x38, 0x38, 0x36, 0x20, 0x3d, 0x20, 0x64, 0x6f, 0x74, 0x28, 0x5f, 0x31, // t _1886 = dot(_1
	0x36, 0x30, 0x33, 0x2c, 0x20, 0x5f, 0x31, 0x36, 0x30, 0x33, 0x29, 0x3b, 0x0a, 0x20, 0x20, 0x20, // 603, _1603);.
	0x20, 0x20, 0x20, 0x20, 0x20, 0x69, 0x66, 0x20, 0x28, 0x28, 0x5f, 0x31, 0x38, 0x38, 0x36, 0x20, //      if ((_1886
	0x21, 0x3d, 0x20, 0x5f, 0x31, 0x38, 0x38, 0x36, 0x29, 0x20, 0x7c, 0x7c, 0x20, 0x28, 0x5f, 0x31, // != _1886) || (_1
	0x38, 0x38, 0x36, 0x20, 0x3c, 0x3d, 0x20, 0x39, 0x2e, 0x39, 0x39, 0x39, 0x39, 0x39, 0x39, 0x39, // 886 <= 9.9999999
	0x37, 0x34, 0x37, 0x35, 0x32, 0x34, 0x32, 0x37, 0x30, 0x37, 0x38, 0x37, 0x38, 0x33, 0x35, 0x31, // 7475242707878351
	0x32, 0x31, 0x31, 0x35, 0x34, 0x37, 0x38, 0x35, 0x65, 0x2d, 0x30, 0x37, 0x29, 0x29, 0x0a, 0x20, // 21154785e-07)).
	0x20, 0x20, 0x20, 0x20, 0x20, 0x20, 0x20, 0x7b, 0x0a, 0x20, 0x20, 0x20, 0x20, 0x20, 0x20, 0x20, //        {.
	0x20, 0x20, 0x20, 0x20, 0x20, 0x5f, 0x33, 0x33, 0x34, 0x33, 0x20, 0x3d, 0x20, 0x5f, 0x31, 0x35, //      _3343 = _15
	0x39, 0x37, 0x3b, 0x0a, 0x20, 0x20, 0x20, 0x20, 0x20, 0x20, 0x20, 0x20, 0x20, 0x20, 0x20, 0x20, // 97;.
	0x62, 0x72, 0x65, 0x61, 0x6b, 0x3b, 0x0a, 0x20, 0x20, 0x20, 0x20, 0x20, 0x20, 0x20, 0x20, 0x7d, // break;.        }
	0x0a, 0x20, 0x20, 0x20, 0x20, 0x20, 0x20, 0x20, 0x20, 0x5f, 0x33, 0x33, 0x34, 0x33, 0x20, 0x3d, // .        _3343 =
	0x20, 0x5f, 0x31, 0x36, 0x30, 0x33, 0x20, 0x2a, 0x20, 0x72, 0x73, 0x71, 0x72, 0x74, 0x28, 0x5f, //  _1603 * rsqrt(_
	0x31, 0x38, 0x38, 0x36, 0x29, 0x3b, 0x0a, 0x20, 0x20, 0x20, 0x20, 0x20, 0x20, 0x20, 0x20, 0x62, // 1886);.        b
	0x72, 0x65, 0x61, 0x6b, 0x3b, 0x0a, 0x20, 0x20, 0x20, 0x20, 0x7d, 0x20, 0x77, 0x68, 0x69, 0x6c, // reak;.    } whil
	0x65, 0x28, 0x66, 0x61, 0x6c, 0x73, 0x65, 0x29, 0x3b, 0x0a, 0x20, 0x20, 0x20, 0x20, 0x66, 0x6c, // e(false);.    fl
	0x6f, 0x61, 0x74, 0x20, 0x5f, 0x31, 0x36, 0x31, 0x30, 0x20, 0x3d, 0x20, 0x66, 0x61, 0x73, 0x74, // oat _1610 = fast
	0x3a, 0x3a, 0x6d, 0x61, 0x78, 0x28, 0x66, 0x61, 0x73, 0x74, 0x3a, 0x3a, 0x63, 0x6c, 0x61, 0x6d, // ::max(fast::clam
	0x70, 0x28, 0x64, 0x6f, 0x74, 0x28, 0x5f, 0x31, 0x35, 0x39, 0x37, 0x2c, 0x20, 0x5f, 0x33, 0x33, // p(dot(_1597, _33
	0x34, 0x33, 0x29, 0x2c, 0x20, 0x30, 0x2e, 0x30, 0x2c, 0x20, 0x31, 0x2e, 0x30, 0x29, 0x2c, 0x20, // 43), 0.0, 1.0),
	0x39, 0x2e, 0x39, 0x39, 0x39, 0x39, 0x39, 0x39, 0x39, 0x37, 0x34, 0x37, 0x35, 0x32, 0x34, 0x32, // 9.99999997475242
	0x37, 0x30, 0x37, 0x38, 0x37, 0x38, 0x33, 0x35, 0x31, 0x32, 0x31, 0x31, 0x35, 0x34, 0x37, 0x38, // 7078783512115478
	0x35, 0x65, 0x2d, 0x30, 0x37, 0x29, 0x3b, 0x0a, 0x20, 0x20, 0x20, 0x20, 0x66, 0x6c, 0x6f, 0x61, // 5e-07);.    floa
	0x74, 0x20, 0x5f, 0x31, 0x39, 0x30, 0x39, 0x20, 0x3d, 0x20, 0x66, 0x61, 0x73, 0x74, 0x3a, 0x3a, // t _1909 = fast::
	0x63, 0x6c, 0x61, 0x6d, 0x70, 0x28, 0x5f, 0x6d, 0x74, 0x6c, 0x5f, 0x75, 0x2e, 0x75, 0x5f, 0x6d, // clamp(_mtl_u.u_m
	0x65, 0x74, 0x61, 0x6c, 0x6c, 0x69, 0x63, 0x52, 0x6f, 0x75, 0x67, 0x68, 0x6e, 0x65, 0x73, 0x73, // etallicRoughness
	0x2e, 0x78, 0x2c, 0x20, 0x30, 0x2e, 0x30, 0x2c, 0x20, 0x31, 0x2e, 0x30, 0x29, 0x3b, 0x0a, 0x20, // .x, 0.0, 1.0);.
	0x20, 0x20, 0x20, 0x66, 0x6c, 0x6f, 0x61, 0x74, 0x20, 0x5f, 0x31, 0x36, 0x31, 0x36, 0x20, 0x3d, //    float _1616 =
	0x20, 0x66, 0x61, 0x73, 0x74, 0x3a, 0x3a, 0x6d, 0x61, 0x78, 0x28, 0x5f, 0x6d, 0x74, 0x6c, 0x5f, //  fast::max(_mtl_
	0x75, 0x2e, 0x75, 0x5f, 0x6d, 0x65, 0x74, 0x61, 0x6c, 0x6c, 0x69, 0x63, 0x52, 0x6f, 0x75, 0x67, // u.u_metallicRoug
	0x68, 0x6e, 0x65, 0x73, 0x73, 0x2e, 0x79, 0x2c, 0x20, 0x30, 0x2e, 0x30, 0x33, 0x39, 0x39, 0x39, // hness.y, 0.03999
	0x39, 0x39, 0x39, 0x39, 0x31, 0x30, 0x35, 0x39, 0x33, 0x30, 0x33, 0x32, 0x38, 0x33, 0x36, 0x39, // 9999105930328369
	0x31, 0x34, 0x30, 0x36, 0x32, 0x35, 0x29, 0x3b, 0x0a, 0x20, 0x20, 0x20, 0x20, 0x66, 0x6c, 0x6f, // 140625);.    flo
	0x61, 0x74, 0x20, 0x5f, 0x31, 0x39, 0x31, 0x33, 0x20, 0x3d, 0x20, 0x66, 0x61, 0x73, 0x74, 0x3a, // at _1913 = fast:
	0x3a, 0x63, 0x6c, 0x61, 0x6d, 0x70, 0x28, 0x5f, 0x6d, 0x74, 0x6c, 0x5f, 0x75, 0x2e, 0x75, 0x5f, // :clamp(_mtl_u.u_
	0x6d, 0x61, 0x74, 0x65, 0x72, 0x69, 0x61, 0x6c, 0x45, 0x78, 0x74, 0x2e, 0x78, 0x2c, 0x20, 0x30, // materialExt.x, 0
	0x2e, 0x30, 0x2c, 0x20, 0x31, 0x2e, 0x30, 0x29, 0x3b, 0x0a, 0x20, 0x20, 0x20, 0x20, 0x66, 0x6c, // .0, 1.0);.    fl
	0x6f, 0x61, 0x74, 0x33, 0x20, 0x5f, 0x31, 0x36, 0x33, 0x37, 0x20, 0x3d, 0x20, 0x66, 0x61, 0x73, // oat3 _1637 = fas
	0x74, 0x3a, 0x3a, 0x6d, 0x69, 0x6e, 0x28, 0x66, 0x6c, 0x6f, 0x61, 0x74, 0x33, 0x28, 0x70, 0x6f, // t::min(float3(po
	0x77, 0x72, 0x28, 0x28, 0x5f, 0x6d, 0x74, 0x6c, 0x5f, 0x75, 0x2e, 0x75, 0x5f, 0x6d, 0x61, 0x74, // wr((_mtl_u.u_mat
	0x65, 0x72, 0x69, 0x61, 0x6c, 0x45, 0x78, 0x74, 0x2e, 0x79, 0x20, 0x2d, 0x20, 0x31, 0x2e, 0x30, // erialExt.y - 1.0
	0x29, 0x20, 0x2f, 0x20, 0x28, 0x5f, 0x6d, 0x74, 0x6c, 0x5f, 0x75, 0x2e, 0x75, 0x5f, 0x6d, 0x61, // ) / (_mtl_u.u_ma
	0x74, 0x65, 0x72, 0x69, 0x61, 0x6c, 0x45, 0x78, 0x74, 0x2e, 0x79, 0x20, 0x2b, 0x20, 0x31, 0x2e, // terialExt.y + 1.
	0x30, 0x29, 0x2c, 0x20, 0x32, 0x2e, 0x30, 0x29, 0x29, 0x20, 0x2a, 0x20, 0x5f, 0x6d, 0x74, 0x6c, // 0), 2.0)) * _mtl
	0x5f, 0x75, 0x2e, 0x75, 0x5f, 0x73, 0x70, 0x65, 0x63, 0x75, 0x6c, 0x61, 0x72, 0x43, 0x6f, 0x6c, // _u.u_specularCol
	0x6f, 0x72, 0x2e, 0x78, 0x79, 0x7a, 0x2c, 0x20, 0x66, 0x6c, 0x6f, 0x61, 0x74, 0x33, 0x28, 0x31, // or.xyz, float3(1
	0x2e, 0x30, 0x29, 0x29, 0x20, 0x2a, 0x20, 0x5f, 0x31, 0x39, 0x31, 0x33, 0x3b, 0x0a, 0x20, 0x20, // .0)) * _1913;.
	0x20, 0x20, 0x66, 0x6c, 0x6f, 0x61, 0x74, 0x33, 0x20, 0x5f, 0x31, 0x39, 0x32, 0x35, 0x20, 0x3d, //   float3 _1925 =
	0x20, 0x66, 0x6c, 0x6f, 0x61, 0x74, 0x33, 0x28, 0x5f, 0x31, 0x39, 0x31, 0x33, 0x29, 0x3b, 0x0a, //  float3(_1913);.
	0x20, 0x20, 0x20, 0x20, 0x66, 0x6c, 0x6f, 0x61, 0x74, 0x33, 0x20, 0x5f, 0x33, 0x33, 0x35, 0x30, //     float3 _3350
	0x3b, 0x0a, 0x20, 0x20, 0x20, 0x20, 0x69, 0x66, 0x20, 0x28, 0x5f, 0x6d, 0x74, 0x6c, 0x5f, 0x75, // ;.    if (_mtl_u
	0x2e, 0x75, 0x5f, 0x64, 0x69, 0x72, 0x65, 0x63, 0x74, 0x69, 0x6f, 0x6e, 0x61, 0x6c, 0x4c, 0x69, // .u_directionalLi
	0x67, 0x68, 0x74, 0x44, 0x69, 0x72, 0x65, 0x63, 0x74, 0x69, 0x6f, 0x6e, 0x2e, 0x77, 0x20, 0x3e, // ghtDirection.w >
	0x20, 0x30, 0x2e, 0x35, 0x29, 0x0a, 0x20, 0x20, 0x20, 0x20, 0x7b, 0x0a, 0x20, 0x20, 0x20, 0x20, //  0.5).    {.
	0x20, 0x20, 0x20, 0x20, 0x66, 0x6c, 0x6f, 0x61, 0x74, 0x33, 0x20, 0x5f, 0x31, 0x36, 0x34, 0x38, //     float3 _1648
	0x20, 0x3d, 0x20, 0x66, 0x61, 0x73, 0x74, 0x3a, 0x3a, 0x6e, 0x6f, 0x72, 0x6d, 0x61, 0x6c, 0x69, //  = fast::normali
	0x7a, 0x65, 0x28, 0x5f, 0x6d, 0x74, 0x6c, 0x5f, 0x75, 0x2e, 0x75, 0x5f, 0x64, 0x69, 0x72, 0x65, // ze(_mtl_u.u_dire
	0x63, 0x74, 0x69, 0x6f, 0x6e, 0x61, 0x6c, 0x4c, 0x69, 0x67, 0x68, 0x74, 0x44, 0x69, 0x72, 0x65, // ctionalLightDire
	0x63, 0x74, 0x69, 0x6f, 0x6e, 0x2e, 0x78, 0x79, 0x7a, 0x29, 0x3b, 0x0a, 0x20, 0x20, 0x20, 0x20, // ction.xyz);.
	0x20, 0x20, 0x20, 0x20, 0x66, 0x6c, 0x6f, 0x61, 0x74, 0x33, 0x20, 0x5f, 0x31, 0x36, 0x35, 0x36, //     float3 _1656
	0x20, 0x3d, 0x20, 0x5f, 0x31, 0x35, 0x37, 0x39, 0x2e, 0x78, 0x79, 0x7a, 0x3b, 0x0a, 0x20, 0x20, //  = _1579.xyz;.
	0x20, 0x20, 0x20, 0x20, 0x20, 0x20, 0x66, 0x6c, 0x6f, 0x61, 0x74, 0x33, 0x20, 0x5f, 0x31, 0x39, //       float3 _19
	0x37, 0x30, 0x20, 0x3d, 0x20, 0x5f, 0x33, 0x33, 0x34, 0x33, 0x20, 0x2b, 0x20, 0x5f, 0x31, 0x36, // 70 = _3343 + _16
	0x34, 0x38, 0x3b, 0x0a, 0x20, 0x20, 0x20, 0x20, 0x20, 0x20, 0x20, 0x20, 0x66, 0x6c, 0x6f, 0x61, // 48;.        floa
	0x74, 0x33, 0x20, 0x5f, 0x33, 0x33, 0x34, 0x34, 0x3b, 0x0a, 0x20, 0x20, 0x20, 0x20, 0x20, 0x20, // t3 _3344;.
	0x20, 0x20, 0x64, 0x6f, 0x0a, 0x20, 0x20, 0x20, 0x20, 0x20, 0x20, 0x20, 0x20, 0x7b, 0x0a, 0x20, //   do.        {.
	0x20, 0x20, 0x20, 0x20, 0x20, 0x20, 0x20, 0x20, 0x20, 0x20, 0x20, 0x66, 0x6c, 0x6f, 0x61, 0x74, //            float
	0x20, 0x5f, 0x32, 0x30, 0x35, 0x31, 0x20, 0x3d, 0x20, 0x64, 0x6f, 0x74, 0x28, 0x5f, 0x31, 0x39, //  _2051 = dot(_19
	0x37, 0x30, 0x2c, 0x20, 0x5f, 0x31, 0x39, 0x37, 0x30, 0x29, 0x3b, 0x0a, 0x20, 0x20, 0x20, 0x20, // 70, _1970);.
	0x20, 0x20, 0x20, 0x20, 0x20, 0x20, 0x20, 0x20, 0x69, 0x66, 0x20, 0x28, 0x28, 0x5f, 0x32, 0x30, //         if ((_20
	0x35, 0x31, 0x20, 0x21, 0x3d, 0x20, 0x5f, 0x32, 0x30, 0x35, 0x31, 0x29, 0x20, 0x7c, 0x7c, 0x20, // 51 != _2051) ||
	0x28, 0x5f, 0x32, 0x30, 0x35, 0x31, 0x20, 0x3c, 0x3d, 0x20, 0x39, 0x2e, 0x39, 0x39, 0x39, 0x39, // (_2051 <= 9.9999
	0x39, 0x39, 0x39, 0x37, 0x34, 0x37, 0x35, 0x32, 0x34, 0x32, 0x37, 0x30, 0x37, 0x38, 0x37, 0x38, // 9997475242707878
	0x33, 0x35, 0x31, 0x32, 0x31, 0x31, 0x35, 0x34, 0x37, 0x38, 0x35, 0x65, 0x2d, 0x30, 0x37, 0x29, // 35121154785e-07)
	0x29, 0x0a, 0x20, 0x20, 0x20, 0x20, 0x20, 0x20, 0x20, 0x20, 0x20, 0x20, 0x20, 0x20, 0x7b, 0x0a, // ).            {.
	0x20, 0x20, 0x20, 0x20, 0x20, 0x20, 0x20, 0x20, 0x20, 0x20, 0x20, 0x20, 0x20, 0x20, 0x20, 0x20, //
	0x5f, 0x33, 0x33, 0x34, 0x34, 0x20, 0x3d, 0x20, 0x5f, 0x31, 0x35, 0x39, 0x37, 0x3b, 0x0a, 0x20, // _3344 = _1597;.
	0x20, 0x20, 0x20, 0x20, 0x20, 0x20, 0x20, 0x20, 0x20, 0x20, 0x20, 0x20, 0x20, 0x20, 0x20, 0x62, //                b
	0x72, 0x65, 0x61, 0x6b, 0x3b, 0x0a, 0x20, 0x20, 0x20, 0x20, 0x20, 0x20, 0x20, 0x20, 0x20, 0x20, // reak;.
	0x20, 0x20, 0x7d, 0x0a, 0x20, 0x20, 0x20, 0x20, 0x20, 0x20, 0x20, 0x20, 0x20, 0x20, 0x20, 0x20, //   }.
	0x5f, 0x33, 0x33, 0x34, 0x34, 0x20, 0x3d, 0x20, 0x5f, 0x31, 0x39, 0x37, 0x30, 0x20, 0x2a, 0x20, // _3344 = _1970 *
	0x72, 0x73, 0x71, 0x72, 0x74, 0x28, 0x5f, 0x32, 0x30, 0x35, 0x31, 0x29, 0x3b, 0x0a, 0x20, 0x20, // rsqrt(_2051);.
	0x20, 0x20, 0x20, 0x20, 0x20, 0x20, 0x20, 0x20, 0x20, 0x20, 0x62, 0x72, 0x65, 0x61, 0x6b, 0x3b, //           break;
	0x0a, 0x20, 0x20, 0x20, 0x20, 0x20, 0x20, 0x20, 0x20, 0x7d, 0x20, 0x77, 0x68, 0x69, 0x6c, 0x65, // .        } while
	0x28, 0x66, 0x61, 0x6c, 0x73, 0x65, 0x29, 0x3b, 0x0a, 0x20, 0x20, 0x20, 0x20, 0x20, 0x20, 0x20, // (false);.
	0x20, 0x66, 0x6c, 0x6f, 0x61, 0x74, 0x20, 0x5f, 0x32, 0x30, 0x37, 0x30, 0x20, 0x3d, 0x20, 0x66, //  float _2070 = f
	0x61, 0x73, 0x74, 0x3a, 0x3a, 0x63, 0x6c, 0x61, 0x6d, 0x70, 0x28, 0x64, 0x6f, 0x74, 0x28, 0x5f, // ast::clamp(dot(_
	0x31, 0x35, 0x39, 0x37, 0x2c, 0x20, 0x5f, 0x31, 0x36, 0x34, 0x38, 0x29, 0x2c, 0x20, 0x30, 0x2e, // 1597, _1648), 0.
	0x30, 0x2c, 0x20, 0x31, 0x2e, 0x30, 0x29, 0x3b, 0x0a, 0x20, 0x20, 0x20, 0x20, 0x20, 0x20, 0x20, // 0, 1.0);.
	0x20, 0x66, 0x6c, 0x6f, 0x61, 0x74, 0x20, 0x5f, 0x31, 0x39, 0x38, 0x31, 0x20, 0x3d, 0x20, 0x66, //  float _1981 = f
	0x61, 0x73, 0x74, 0x3a, 0x3a, 0x6d, 0x61, 0x78, 0x28, 0x66, 0x61, 0x73, 0x74, 0x3a, 0x3a, 0x63, // ast::max(fast::c
	0x6c, 0x61, 0x6d, 0x70, 0x28, 0x64, 0x6f, 0x74, 0x28, 0x5f, 0x31, 0x35, 0x39, 0x37, 0x2c, 0x20, // lamp(dot(_1597,
	0x5f, 0x33, 0x33, 0x34, 0x33, 0x29, 0x2c, 0x20, 0x30, 0x2e, 0x30, 0x2c, 0x20, 0x31, 0x2e, 0x30, // _3343), 0.0, 1.0
	0x29, 0x2c, 0x20, 0x39, 0x2e, 0x39, 0x39, 0x39, 0x39, 0x39, 0x39, 0x39, 0x37, 0x34, 0x37, 0x35, // ), 9.99999997475
	0x32, 0x34, 0x32, 0x37, 0x30, 0x37, 0x38, 0x37, 0x38, 0x33, 0x35, 0x31, 0x32, 0x31, 0x31, 0x35, // 2427078783512115
	0x34, 0x37, 0x38, 0x35, 0x65, 0x2d, 0x30, 0x37, 0x29, 0x3b, 0x0a, 0x20, 0x20, 0x20, 0x20, 0x20, // 4785e-07);.
	0x20, 0x20, 0x20, 0x66, 0x6c, 0x6f, 0x61, 0x74, 0x20, 0x5f, 0x32, 0x30, 0x37, 0x38, 0x20, 0x3d, //    float _2078 =
	0x20, 0x66, 0x61, 0x73, 0x74, 0x3a, 0x3a, 0x63, 0x6c, 0x61, 0x6d, 0x70, 0x28, 0x64, 0x6f, 0x74, //  fast::clamp(dot
	0x28, 0x5f, 0x31, 0x35, 0x39, 0x37, 0x2c, 0x20, 0x5f, 0x33, 0x33, 0x34, 0x34, 0x29, 0x2c, 0x20, // (_1597, _3344),
	0x30, 0x2e, 0x30, 0x2c, 0x20, 0x31, 0x2e, 0x30, 0x29, 0x3b, 0x0a, 0x20, 0x20, 0x20, 0x20, 0x20, // 0.0, 1.0);.
	0x20, 0x20, 0x20, 0x66, 0x6c, 0x6f, 0x61, 0x74, 0x20, 0x5f, 0x32, 0x30, 0x38, 0x32, 0x20, 0x3d, //    float _2082 =
	0x20, 0x66, 0x61, 0x73, 0x74, 0x3a, 0x3a, 0x63, 0x6c, 0x61, 0x6d, 0x70, 0x28, 0x64, 0x6f, 0x74, //  fast::clamp(dot
	0x28, 0x5f, 0x33, 0x33, 0x34, 0x34, 0x2c, 0x20, 0x5f, 0x33, 0x33, 0x34, 0x33, 0x29, 0x2c, 0x20, // (_3344, _3343),
	0x30, 0x2e, 0x30, 0x2c, 0x20, 0x31, 0x2e, 0x30, 0x29, 0x3b, 0x0a, 0x20, 0x20, 0x20, 0x20, 0x20, // 0.0, 1.0);.
	0x20, 0x20, 0x20, 0x66, 0x6c, 0x6f, 0x61, 0x74, 0x33, 0x20, 0x5f, 0x32, 0x30, 0x39, 0x33, 0x20, //    float3 _2093
	0x3d, 0x20, 0x5f, 0x31, 0x36, 0x33, 0x37, 0x20, 0x2b, 0x20, 0x28, 0x28, 0x5f, 0x31, 0x39, 0x32, // = _1637 + ((_192
	0x35, 0x20, 0x2d, 0x20, 0x5f, 0x31, 0x36, 0x33, 0x37, 0x29, 0x20, 0x2a, 0x20, 0x70, 0x6f, 0x77, // 5 - _1637) * pow
	0x72, 0x28, 0x31, 0x2e, 0x30, 0x20, 0x2d, 0x20, 0x5f, 0x32, 0x30, 0x38, 0x32, 0x2c, 0x20, 0x35, // r(1.0 - _2082, 5
	0x2e, 0x30, 0x29, 0x29, 0x3b, 0x0a, 0x20, 0x20, 0x20, 0x20, 0x20, 0x20, 0x20, 0x20, 0x66, 0x6c, // .0));.        fl
	0x6f, 0x61, 0x74, 0x20, 0x5f, 0x32, 0x31, 0x32, 0x32, 0x20, 0x3d, 0x20, 0x5f, 0x31, 0x36, 0x31, // oat _2122 = _161
	0x36, 0x20, 0x2a, 0x20, 0x5f, 0x31, 0x36, 0x31, 0x36, 0x3b, 0x0a, 0x20, 0x20, 0x20, 0x20, 0x20, // 6 * _1616;.
	0x20, 0x20, 0x20, 0x66, 0x6c, 0x6f, 0x61, 0x74, 0x20, 0x5f, 0x32, 0x31, 0x32, 0x35, 0x20, 0x3d, //    float _2125 =
	0x20, 0x5f, 0x32, 0x31, 0x32, 0x32, 0x20, 0x2a, 0x20, 0x5f, 0x32, 0x31, 0x32, 0x32, 0x3b, 0x0a, //  _2122 * _2122;.
	0x20, 0x20, 0x20, 0x20, 0x20, 0x20, 0x20, 0x20, 0x66, 0x6c, 0x6f, 0x61, 0x74, 0x20, 0x5f, 0x32, //         float _2
	0x31, 0x33, 0x32, 0x20, 0x3d, 0x20, 0x28, 0x28, 0x5f, 0x32, 0x30, 0x37, 0x38, 0x20, 0x2a, 0x20, // 132 = ((_2078 *
	0x5f, 0x32, 0x30, 0x37, 0x38, 0x29, 0x20, 0x2a, 0x20, 0x28, 0x5f, 0x32, 0x31, 0x32, 0x35, 0x20, // _2078) * (_2125
	0x2d, 0x20, 0x31, 0x2e, 0x30, 0x29, 0x29, 0x20, 0x2b, 0x20, 0x31, 0x2e, 0x30, 0x3b, 0x0a, 0x20, // - 1.0)) + 1.0;.
	0x20, 0x20, 0x20, 0x20, 0x20, 0x20, 0x20, 0x66, 0x6c, 0x6f, 0x61, 0x74, 0x20, 0x5f, 0x32, 0x31, //        float _21
	0x34, 0x35, 0x20, 0x3d, 0x20, 0x5f, 0x31, 0x36, 0x31, 0x36, 0x20, 0x2b, 0x20, 0x31, 0x2e, 0x30, // 45 = _1616 + 1.0
	0x3b, 0x0a, 0x20, 0x20, 0x20, 0x20, 0x20, 0x20, 0x20, 0x20, 0x66, 0x6c, 0x6f, 0x61, 0x74, 0x20, // ;.        float
	0x5f, 0x32, 0x31, 0x34, 0x39, 0x20, 0x3d, 0x20, 0x28, 0x5f, 0x32, 0x31, 0x34, 0x35, 0x20, 0x2a, // _2149 = (_2145 *
	0x20, 0x5f, 0x32, 0x31, 0x34, 0x35, 0x29, 0x20, 0x2a, 0x20, 0x30, 0x2e, 0x31, 0x32, 0x35, 0x3b, //  _2145) * 0.125;
	0x0a, 0x20, 0x20, 0x20, 0x20, 0x20, 0x20, 0x20, 0x20, 0x66, 0x6c, 0x6f, 0x61, 0x74, 0x20, 0x5f, // .        float _
	0x32, 0x31, 0x36, 0x34, 0x20, 0x3d, 0x20, 0x5f, 0x31, 0x36, 0x31, 0x36, 0x20, 0x2b, 0x20, 0x31, // 2164 = _1616 + 1
	0x2e, 0x30, 0x3b, 0x0a, 0x20, 0x20, 0x20, 0x20, 0x20, 0x20, 0x20, 0x20, 0x66, 0x6c, 0x6f, 0x61, // .0;.        floa
	0x74, 0x20, 0x5f, 0x32, 0x31, 0x36, 0x38, 0x20, 0x3d, 0x20, 0x28, 0x5f, 0x32, 0x31, 0x36, 0x34, // t _2168 = (_2164
	0x20, 0x2a, 0x20, 0x5f, 0x32, 0x31, 0x36, 0x34, 0x29, 0x20, 0x2a, 0x20, 0x30, 0x2e, 0x31, 0x32, //  * _2164) * 0.12
	0x35, 0x3b, 0x0a, 0x20, 0x20, 0x20, 0x20, 0x20, 0x20, 0x20, 0x20, 0x66, 0x6c, 0x6f, 0x61, 0x74, // 5;.        float
	0x20, 0x5f, 0x33, 0x33, 0x34, 0x35, 0x3b, 0x0a, 0x20, 0x20, 0x20, 0x20, 0x20, 0x20, 0x20, 0x20, //  _3345;.
	0x64, 0x6f, 0x0a, 0x20, 0x20, 0x20, 0x20, 0x20, 0x20, 0x20, 0x20, 0x7b, 0x0a, 0x20, 0x20, 0x20, // do.        {.
	0x20, 0x20, 0x20, 0x20, 0x20, 0x20, 0x20, 0x20, 0x20, 0x69, 0x66, 0x20, 0x28, 0x5f, 0x6d, 0x74, //          if (_mt
	0x6c, 0x5f, 0x75, 0x2e, 0x75, 0x5f, 0x73, 0x68, 0x61, 0x64, 0x6f, 0x77, 0x50, 0x61, 0x72, 0x61, // l_u.u_shadowPara
	0x6d, 0x73, 0x2e, 0x77, 0x20, 0x3c, 0x20, 0x30, 0x2e, 0x35, 0x29, 0x0a, 0x20, 0x20, 0x20, 0x20, // ms.w < 0.5).
	0x20, 0x20, 0x20, 0x20, 0x20, 0x20, 0x20, 0x20, 0x7b, 0x0a, 0x20, 0x20, 0x20, 0x20, 0x20, 0x20, //         {.
	0x20, 0x20, 0x20, 0x20, 0x20, 0x20, 0x20, 0x20, 0x20, 0x20, 0x5f, 0x33, 0x33, 0x34, 0x35, 0x20, //           _3345
	0x3d, 0x20, 0x31, 0x2e, 0x30, 0x3b, 0x0a, 0x20, 0x20, 0x20, 0x20, 0x20, 0x20, 0x20, 0x20, 0x20, // = 1.0;.
	0x20, 0x20, 0x20, 0x20, 0x20, 0x20, 0x20, 0x62, 0x72, 0x65, 0x61, 0x6b, 0x3b, 0x0a, 0x20, 0x20, //        break;.
	0x20, 0x20, 0x20, 0x20, 0x20, 0x20, 0x20, 0x20, 0x20, 0x20, 0x7d, 0x0a, 0x20, 0x20, 0x20, 0x20, //           }.
	0x20, 0x20, 0x20, 0x20, 0x20, 0x20, 0x20, 0x20, 0x66, 0x6c, 0x6f, 0x61, 0x74, 0x33, 0x20, 0x5f, //         float3 _
	0x32, 0x32, 0x37, 0x39, 0x20, 0x3d, 0x20, 0x69, 0x6e, 0x2e, 0x76, 0x5f, 0x73, 0x68, 0x61, 0x64, // 2279 = in.v_shad
	0x6f, 0x77, 0x43, 0x6f, 0x6f, 0x72, 0x64, 0x2e, 0x78, 0x79, 0x7a, 0x20, 0x2f, 0x20, 0x66, 0x6c, // owCoord.xyz / fl
	0x6f, 0x61, 0x74, 0x33, 0x28, 0x66, 0x61, 0x73, 0x74, 0x3a, 0x3a, 0x6d, 0x61, 0x78, 0x28, 0x69, // oat3(fast::max(i
	0x6e, 0x2e, 0x76, 0x5f, 0x73, 0x68, 0x61, 0x64, 0x6f, 0x77, 0x43, 0x6f, 0x6f, 0x72, 0x64, 0x2e, // n.v_shadowCoord.
	0x77, 0x2c, 0x20, 0x39, 0x2e, 0x39, 0x39, 0x39, 0x39, 0x39, 0x39, 0x39, 0x37, 0x34, 0x37, 0x35, // w, 9.99999997475
	0x32, 0x34, 0x32, 0x37, 0x30, 0x37, 0x38, 0x37, 0x38, 0x33, 0x35, 0x31, 0x32, 0x31, 0x31, 0x35, // 2427078783512115
	0x34, 0x37, 0x38, 0x35, 0x65, 0x2d, 0x30, 0x37, 0x29, 0x29, 0x3b, 0x0a, 0x20, 0x20, 0x20, 0x20, // 4785e-07));.
	0x20, 0x20, 0x20, 0x20, 0x20, 0x20, 0x20, 0x20, 0x69, 0x66, 0x20, 0x28, 0x28, 0x28, 0x28, 0x28, //         if (((((
	0x28, 0x5f, 0x32, 0x32, 0x37, 0x39, 0x2e, 0x78, 0x20, 0x3c, 0x3d, 0x20, 0x30, 0x2e, 0x30, 0x29, // (_2279.x <= 0.0)
	0x20, 0x7c, 0x7c, 0x20, 0x28, 0x5f, 0x32, 0x32, 0x37, 0x39, 0x2e, 0x78, 0x20, 0x3e, 0x3d, 0x20, //  || (_2279.x >=
	0x31, 0x2e, 0x30, 0x29, 0x29, 0x20, 0x7c, 0x7c, 0x20, 0x28, 0x5f, 0x32, 0x32, 0x37, 0x39, 0x2e, // 1.0)) || (_2279.
	0x79, 0x20, 0x3c, 0x3d, 0x20, 0x30, 0x2e, 0x30, 0x29, 0x29, 0x20, 0x7c, 0x7c, 0x20, 0x28, 0x5f, // y <= 0.0)) || (_
	0x32, 0x32, 0x37, 0x39, 0x2e, 0x79, 0x20, 0x3e, 0x3d, 0x20, 0x31, 0x2e, 0x30, 0x29, 0x29, 0x20, // 2279.y >= 1.0))
	0x7c, 0x7c, 0x20, 0x28, 0x5f, 0x32, 0x32, 0x37, 0x39, 0x2e, 0x7a, 0x20, 0x3c, 0x3d, 0x20, 0x30, // || (_2279.z <= 0
	0x2e, 0x30, 0x29, 0x29, 0x20, 0x7c, 0x7c, 0x20, 0x28, 0x5f, 0x32, 0x32, 0x37, 0x39, 0x2e, 0x7a, // .0)) || (_2279.z
	0x20, 0x3e, 0x3d, 0x20, 0x31, 0x2e, 0x30, 0x29, 0x29, 0x0a, 0x20, 0x20, 0x20, 0x20, 0x20, 0x20, //  >= 1.0)).
	0x20, 0x20, 0x20, 0x20, 0x20, 0x20, 0x7b, 0x0a, 0x20, 0x20, 0x20, 0x20, 0x20, 0x20, 0x20, 0x20, //       {.
	0x20, 0x20, 0x20, 0x20, 0x20, 0x20, 0x20, 0x20, 0x5f, 0x33, 0x33, 0x34, 0x35, 0x20, 0x3d, 0x20, //         _3345 =
	0x31, 0x2e, 0x30, 0x3b, 0x0a, 0x20, 0x20, 0x20, 0x20, 0x20, 0x20, 0x20, 0x20, 0x20, 0x20, 0x20, // 1.0;.
	0x20, 0x20, 0x20, 0x20, 0x20, 0x62, 0x72, 0x65, 0x61, 0x6b, 0x3b, 0x0a, 0x20, 0x20, 0x20, 0x20, //      break;.
	0x20, 0x20, 0x20, 0x20, 0x20, 0x20, 0x20, 0x20, 0x7d, 0x0a, 0x20, 0x20, 0x20, 0x20, 0x20, 0x20, //         }.
	0x20, 0x20, 0x20, 0x20, 0x20, 0x20, 0x66, 0x6c, 0x6f, 0x61, 0x74, 0x20, 0x5f, 0x32, 0x33, 0x31, //       float _231
	0x39, 0x20, 0x3d, 0x20, 0x28, 0x5f, 0x32, 0x32, 0x37, 0x39, 0x2e, 0x7a, 0x20, 0x2d, 0x20, 0x5f, // 9 = (_2279.z - _
	0x6d, 0x74, 0x6c, 0x5f, 0x75, 0x2e, 0x75, 0x5f, 0x73, 0x68, 0x61, 0x64, 0x6f, 0x77, 0x50, 0x61, // mtl_u.u_shadowPa
	0x72, 0x61, 0x6d, 0x73, 0x2e, 0x78, 0x29, 0x20, 0x2d, 0x20, 0x28, 0x5f, 0x6d, 0x74, 0x6c, 0x5f, // rams.x) - (_mtl_
	0x75, 0x2e, 0x75, 0x5f, 0x73, 0x68, 0x61, 0x64, 0x6f, 0x77, 0x50, 0x61, 0x72, 0x61, 0x6d, 0x73, // u.u_shadowParams
	0x2e, 0x79, 0x20, 0x2a, 0x20, 0x28, 0x31, 0x2e, 0x30, 0x20, 0x2d, 0x20, 0x66, 0x61, 0x73, 0x74, // .y * (1.0 - fast
	0x3a, 0x3a, 0x63, 0x6c, 0x61, 0x6d, 0x70, 0x28, 0x64, 0x6f, 0x74, 0x28, 0x5f, 0x31, 0x35, 0x39, // ::clamp(dot(_159
	0x37, 0x2c, 0x20, 0x5f, 0x31, 0x36, 0x34, 0x38, 0x29, 0x2c, 0x20, 0x30, 0x2e, 0x30, 0x2c, 0x20, // 7, _1648), 0.0,
	0x31, 0x2e, 0x30, 0x29, 0x29, 0x29, 0x3b, 0x0a, 0x20, 0x20, 0x20, 0x20, 0x20, 0x20, 0x20, 0x20, // 1.0)));.
	0x20, 0x20, 0x20, 0x20, 0x66, 0x6c, 0x6f, 0x61, 0x74, 0x32, 0x20, 0x5f, 0x32, 0x35, 0x39, 0x30, //     float2 _2590
	0x20, 0x3d, 0x20, 0x66, 0x6c, 0x6f, 0x61, 0x74, 0x32, 0x28, 0x5f, 0x6d, 0x74, 0x6c, 0x5f, 0x75, //  = float2(_mtl_u
	0x2e, 0x75, 0x5f, 0x73, 0x68, 0x61, 0x64, 0x6f, 0x77, 0x50, 0x61, 0x72, 0x61, 0x6d, 0x73, 0x2e, // .u_shadowParams.
	0x7a, 0x29, 0x3b, 0x0a, 0x20, 0x20, 0x20, 0x20, 0x20, 0x20, 0x20, 0x20, 0x20, 0x20, 0x20, 0x20, // z);.
	0x66, 0x6c, 0x6f, 0x61, 0x74, 0x20, 0x5f, 0x32, 0x34, 0x36, 0x36, 0x20, 0x3d, 0x20, 0x28, 0x28, // float _2466 = ((
	0x28, 0x28, 0x28, 0x28, 0x28, 0x66, 0x6c, 0x6f, 0x61, 0x74, 0x28, 0x5f, 0x32, 0x33, 0x31, 0x39, // (((((float(_2319
	0x20, 0x3c, 0x3d, 0x20, 0x64, 0x6f, 0x74, 0x28, 0x73, 0x5f, 0x73, 0x68, 0x61, 0x64, 0x6f, 0x77, //  <= dot(s_shadow
	0x4d, 0x61, 0x70, 0x2e, 0x73, 0x61, 0x6d, 0x70, 0x6c, 0x65, 0x28, 0x73, 0x5f, 0x73, 0x68, 0x61, // Map.sample(s_sha
	0x64, 0x6f, 0x77, 0x4d, 0x61, 0x70, 0x53, 0x61, 0x6d, 0x70, 0x6c, 0x65, 0x72, 0x2c, 0x20, 0x28, // dowMapSampler, (
	0x5f, 0x32, 0x32, 0x37, 0x39, 0x2e, 0x78, 0x79, 0x20, 0x2b, 0x20, 0x28, 0x66, 0x6c, 0x6f, 0x61, // _2279.xy + (floa
	0x74, 0x32, 0x28, 0x2d, 0x31, 0x2e, 0x35, 0x29, 0x20, 0x2a, 0x20, 0x5f, 0x32, 0x35, 0x39, 0x30, // t2(-1.5) * _2590
	0x29, 0x29, 0x29, 0x2c, 0x20, 0x66, 0x6c, 0x6f, 0x61, 0x74, 0x34, 0x28, 0x35, 0x2e, 0x39, 0x36, // ))), float4(5.96
	0x30, 0x34, 0x36, 0x34, 0x34, 0x37, 0x37, 0x35, 0x33, 0x39, 0x30, 0x36, 0x32, 0x35, 0x65, 0x2d, // 04644775390625e-
	0x30, 0x38, 0x2c, 0x20, 0x31, 0x2e, 0x35, 0x32, 0x35, 0x38, 0x37, 0x38, 0x39, 0x30, 0x36, 0x32, // 08, 1.5258789062
	0x35, 0x65, 0x2d, 0x30, 0x35, 0x2c, 0x20, 0x30, 0x2e, 0x30, 0x30, 0x33, 0x39, 0x30, 0x36, 0x32, // 5e-05, 0.0039062
	0x35, 0x2c, 0x20, 0x31, 0x2e, 0x30, 0x29, 0x29, 0x29, 0x20, 0x2b, 0x20, 0x28, 0x66, 0x6c, 0x6f, // 5, 1.0))) + (flo
	0x61, 0x74, 0x28, 0x5f, 0x32, 0x33, 0x31, 0x39, 0x20, 0x3c, 0x3d, 0x20, 0x64, 0x6f, 0x74, 0x28, // at(_2319 <= dot(
	0x73, 0x5f, 0x73, 0x68, 0x61, 0x64, 0x6f, 0x77, 0x4d, 0x61, 0x70, 0x2e, 0x73, 0x61, 0x6d, 0x70, // s_shadowMap.samp
	0x6c, 0x65, 0x28, 0x73, 0x5f, 0x73, 0x68, 0x61, 0x64, 0x6f, 0x77, 0x4d, 0x61, 0x70, 0x53, 0x61, // le(s_shadowMapSa
	0x6d, 0x70, 0x6c, 0x65, 0x72, 0x2c, 0x20, 0x28, 0x5f, 0x32, 0x32, 0x37, 0x39, 0x2e, 0x78, 0x79, // mpler, (_2279.xy
	0x20, 0x2b, 0x20, 0x28, 0x66, 0x6c, 0x6f, 0x61, 0x74, 0x32, 0x28, 0x2d, 0x31, 0x2e, 0x35, 0x2c, //  + (float2(-1.5,
	0x20, 0x2d, 0x30, 0x2e, 0x35, 0x29, 0x20, 0x2a, 0x20, 0x5f, 0x32, 0x35, 0x39, 0x30, 0x29, 0x29, //  -0.5) * _2590))
	0x29, 0x2c, 0x20, 0x66, 0x6c, 0x6f, 0x61, 0x74, 0x34, 0x28, 0x35, 0x2e, 0x39, 0x36, 0x30, 0x34, // ), float4(5.9604
	0x36, 0x34, 0x34, 0x37, 0x37, 0x35, 0x33, 0x39, 0x30, 0x36, 0x32, 0x35, 0x65, 0x2d, 0x30, 0x38, // 644775390625e-08
	0x2c, 0x20, 0x31, 0x2e, 0x35, 0x32, 0x35, 0x38, 0x37, 0x38, 0x39, 0x30, 0x36, 0x32, 0x35, 0x65, // , 1.52587890625e
	0x2d, 0x30, 0x35, 0x2c, 0x20, 0x30, 0x2e, 0x30, 0x30, 0x33, 0x39, 0x30, 0x36, 0x32, 0x35, 0x2c, // -05, 0.00390625,
	0x20, 0x31, 0x2e, 0x30, 0x29, 0x29, 0x29, 0x20, 0x2a, 0x20, 0x33, 0x2e, 0x30, 0x29, 0x29, 0x20, //  1.0))) * 3.0))
	0x2b, 0x20, 0x28, 0x66, 0x6c, 0x6f, 0x61, 0x74, 0x28, 0x5f, 0x32, 0x33, 0x31, 0x39, 0x20, 0x3c, // + (float(_2319 <
	0x3d, 0x20, 0x64, 0x6f, 0x74, 0x28, 0x73, 0x5f, 0x73, 0x68, 0x61, 0x64, 0x6f, 0x77, 0x4d, 0x61, // = dot(s_shadowMa
	0x70, 0x2e, 0x73, 0x61, 0x6d, 0x70, 0x6c, 0x65, 0x28, 0x73, 0x5f, 0x73, 0x68, 0x61, 0x64, 0x6f, // p.sample(s_shado
	0x77, 0x4d, 0x61, 0x70, 0x53, 0x61, 0x6d, 0x70, 0x6c, 0x65, 0x72, 0x2c, 0x20, 0x28, 0x5f, 0x32, // wMapSampler, (_2
	0x32, 0x37, 0x39, 0x2e, 0x78, 0x79, 0x20, 0x2b, 0x20, 0x28, 0x66, 0x6c, 0x6f, 0x61, 0x74, 0x32, // 279.xy + (float2
	0x28, 0x2d, 0x31, 0x2e, 0x35, 0x2c, 0x20, 0x30, 0x2e, 0x35, 0x29, 0x20, 0x2a, 0x20, 0x5f, 0x32, // (-1.5, 0.5) * _2
	0x35, 0x39, 0x30, 0x29, 0x29, 0x29, 0x2c, 0x20, 0x66, 0x6c, 0x6f, 0x61, 0x74, 0x34, 0x28, 0x35, // 590))), float4(5
	0x2e, 0x39, 0x36, 0x30, 0x34, 0x36, 0x34, 0x34, 0x37, 0x37, 0x35, 0x33, 0x39, 0x30, 0x36, 0x32, // .960464477539062
	0x35, 0x65, 0x2d, 0x30, 0x38, 0x2c, 0x20, 0x31, 0x2e, 0x35, 0x32, 0x35, 0x38, 0x37, 0x38, 0x39, // 5e-08, 1.5258789
	0x30, 0x36, 0x32, 0x35, 0x65, 0x2d, 0x30, 0x35, 0x2c, 0x20, 0x30, 0x2e, 0x30, 0x30, 0x33, 0x39, // 0625e-05, 0.0039
	0x30, 0x36, 0x32, 0x35, 0x2c, 0x20, 0x31, 0x2e, 0x30, 0x29, 0x29, 0x29, 0x20, 0x2a, 0x20, 0x33, // 0625, 1.0))) * 3
	0x2e, 0x30, 0x29, 0x29, 0x20, 0x2b, 0x20, 0x66, 0x6c, 0x6f, 0x61, 0x74, 0x28, 0x5f, 0x32, 0x33, // .0)) + float(_23
	0x31, 0x39, 0x20, 0x3c, 0x3d, 0x20, 0x64, 0x6f, 0x74, 0x28, 0x73, 0x5f, 0x73, 0x68, 0x61, 0x64, // 19 <= dot(s_shad
	0x6f, 0x77, 0x4d, 0x61, 0x70, 0x2e, 0x73, 0x61, 0x6d, 0x70, 0x6c, 0x65, 0x28, 0x73, 0x5f, 0x73, // owMap.sample(s_s
	0x68, 0x61, 0x64, 0x6f, 0x77, 0x4d, 0x61, 0x70, 0x53, 0x61, 0x6d, 0x70, 0x6c, 0x65, 0x72, 0x2c, // hadowMapSampler,
	0x20, 0x28, 0x5f, 0x32, 0x32, 0x37, 0x39, 0x2e, 0x78, 0x79, 0x20, 0x2b, 0x20, 0x28, 0x66, 0x6c, //  (_2279.xy + (fl
	0x6f, 0x61, 0x74, 0x32, 0x28, 0x2d, 0x31, 0x2e, 0x35, 0x2c, 0x20, 0x31, 0x2e, 0x35, 0x29, 0x20, // oat2(-1.5, 1.5)
	0x2a, 0x20, 0x5f, 0x32, 0x35, 0x39, 0x30, 0x29, 0x29, 0x29, 0x2c, 0x20, 0x66, 0x6c, 0x6f, 0x61, // * _2590))), floa
	0x74, 0x34, 0x28, 0x35, 0x2e, 0x39, 0x36, 0x30, 0x34, 0x36, 0x34, 0x34, 0x37, 0x37, 0x35, 0x33, // t4(5.96046447753
	0x39, 0x30, 0x36, 0x32, 0x35, 0x65, 0x2d, 0x30, 0x38, 0x2c, 0x20, 0x31, 0x2e, 0x35, 0x32, 0x35, // 90625e-08, 1.525
	0x38, 0x37, 0x38, 0x39, 0x30, 0x36, 0x32, 0x35, 0x65, 0x2d, 0x30, 0x35, 0x2c, 0x20, 0x30, 0x2e, // 87890625e-05, 0.
	0x30, 0x30, 0x33, 0x39, 0x30, 0x36, 0x32, 0x35, 0x2c, 0x20, 0x31, 0x2e, 0x30, 0x29, 0x29, 0x29, // 00390625, 1.0)))
	0x29, 0x20, 0x2b, 0x20, 0x28, 0x66, 0x6c, 0x6f, 0x61, 0x74, 0x28, 0x5f, 0x32, 0x33, 0x31, 0x39, // ) + (float(_2319
	0x20, 0x3c, 0x3d, 0x20, 0x64, 0x6f, 0x74, 0x28, 0x73, 0x5f, 0x73, 0x68, 0x61, 0x64, 0x6f, 0x77, //  <= dot(s_shadow
	0x4d, 0x61, 0x70, 0x2e, 0x73, 0x61, 0x6d, 0x70, 0x6c, 0x65, 0x28, 0x73, 0x5f, 0x73, 0x68, 0x61, // Map.sample(s_sha
	0x64, 0x6f, 0x77, 0x4d, 0x61, 0x70, 0x53, 0x61, 0x6d, 0x70, 0x6c, 0x65, 0x72, 0x2c, 0x20, 0x28, // dowMapSampler, (
	0x5f, 0x32, 0x32, 0x37, 0x39, 0x2e, 0x78, 0x79, 0x20, 0x2b, 0x20, 0x28, 0x66, 0x6c, 0x6f, 0x61, // _2279.xy + (floa
	0x74, 0x32, 0x28, 0x2d, 0x30, 0x2e, 0x35, 0x2c, 0x20, 0x2d, 0x31, 0x2e, 0x35, 0x29, 0x20, 0x2a, // t2(-0.5, -1.5) *
	0x20, 0x5f, 0x32, 0x35, 0x39, 0x30, 0x29, 0x29, 0x29, 0x2c, 0x20, 0x66, 0x6c, 0x6f, 0x61, 0x74, //  _2590))), float
	0x34, 0x28, 0x35, 0x2e, 0x39, 0x36, 0x30, 0x34, 0x36, 0x34, 0x34, 0x37, 0x37, 0x35, 0x33, 0x39, // 4(5.960464477539
	0x30, 0x36, 0x32, 0x35, 0x65, 0x2d, 0x30, 0x38, 0x2c, 0x20, 0x31, 0x2e, 0x35, 0x32, 0x35, 0x38, // 0625e-08, 1.5258
	0x37, 0x38, 0x39, 0x30, 0x36, 0x32, 0x35, 0x65, 0x2d, 0x30, 0x35, 0x2c, 0x20, 0x30, 0x2e, 0x30, // 7890625e-05, 0.0
	0x30, 0x33, 0x39, 0x30, 0x36, 0x32, 0x35, 0x2c, 0x20, 0x31, 0x2e, 0x30, 0x29, 0x29, 0x29, 0x20, // 0390625, 1.0)))
	0x2a, 0x20, 0x33, 0x2e, 0x30, 0x29, 0x29, 0x20, 0x2b, 0x20, 0x28, 0x66, 0x6c, 0x6f, 0x61, 0x74, // * 3.0)) + (float
	0x28, 0x5f, 0x32, 0x33, 0x31, 0x39, 0x20, 0x3c, 0x3d, 0x20, 0x64, 0x6f, 0x74, 0x28, 0x73, 0x5f, // (_2319 <= dot(s_
	0x73, 0x68, 0x61, 0x64, 0x6f, 0x77, 0x4d, 0x61, 0x70, 0x2e, 0x73, 0x61, 0x6d, 0x70, 0x6c, 0x65, // shadowMap.sample
	0x28, 0x73, 0x5f, 0x73, 0x68, 0x61, 0x64, 0x6f, 0x77, 0x4d, 0x61, 0x70, 0x53, 0x61, 0x6d, 0x70, // (s_shadowMapSamp
	0x6c, 0x65, 0x72, 0x2c, 0x20, 0x28, 0x5f, 0x32, 0x32, 0x37, 0x39, 0x2e, 0x78, 0x79, 0x20, 0x2b, // ler, (_2279.xy +
	0x20, 0x28, 0x66, 0x6c, 0x6f, 0x61, 0x74, 0x32, 0x28, 0x2d, 0x30, 0x2e, 0x35, 0x29, 0x20, 0x2a, //  (float2(-0.5) *
	0x20, 0x5f, 0x32, 0x35, 0x39, 0x30, 0x29, 0x29, 0x29, 0x2c, 0x20, 0x66, 0x6c, 0x6f, 0x61, 0x74, //  _2590))), float
	0x34, 0x28, 0x35, 0x2e, 0x39, 0x36, 0x30, 0x34, 0x36, 0x34, 0x34, 0x37, 0x37, 0x35, 0x33, 0x39, // 4(5.960464477539
	0x30, 0x36, 0x32, 0x35, 0x65, 0x2d, 0x30, 0x38, 0x2c, 0x20, 0x31, 0x2e, 0x35, 0x32, 0x35, 0x38, // 0625e-08, 1.5258
	0x37, 0x38, 0x39, 0x30, 0x36, 0x32, 0x35, 0x65, 0x2d, 0x30, 0x35, 0x2c, 0x20, 0x30, 0x2e, 0x30, // 7890625e-05, 0.0
	0x30, 0x33, 0x39, 0x30, 0x36, 0x32, 0x35, 0x2c, 0x20, 0x31, 0x2e, 0x30, 0x29, 0x29, 0x29, 0x20, // 0390625, 1.0)))
	0x2a, 0x20, 0x39, 0x2e, 0x30, 0x29, 0x29, 0x20, 0x2b, 0x20, 0x28, 0x66, 0x6c, 0x6f, 0x61, 0x74, // * 9.0)) + (float
	0x28, 0x5f, 0x32, 0x33, 0x31, 0x39, 0x20, 0x3c, 0x3d, 0x20, 0x64, 0x6f, 0x74, 0x28, 0x73, 0x5f, // (_2319 <= dot(s_
	0x73, 0x68, 0x61, 0x64, 0x6f, 0x77, 0x4d, 0x61, 0x70, 0x2e, 0x73, 0x61, 0x6d, 0x70, 0x6c, 0x65, // shadowMap.sample
	0x28, 0x73, 0x5f, 0x73, 0x68, 0x61, 0x64, 0x6f, 0x77, 0x4d, 0x61, 0x70, 0x53, 0x61, 0x6d, 0x70, // (s_shadowMapSamp
	0x6c, 0x65, 0x72, 0x2c, 0x20, 0x28, 0x5f, 0x32, 0x32, 0x37, 0x39, 0x2e, 0x78, 0x79, 0x20, 0x2b, // ler, (_2279.xy +
	0x20, 0x28, 0x66, 0x6c, 0x6f, 0x61, 0x74, 0x32, 0x28, 0x2d, 0x30, 0x2e, 0x35, 0x2c, 0x20, 0x30, //  (float2(-0.5, 0
	0x2e, 0x35, 0x29, 0x20, 0x2a, 0x20, 0x5f, 0x32, 0x35, 0x39, 0x30, 0x29, 0x29, 0x29, 0x2c, 0x20, // .5) * _2590))),
	0x66, 0x6c, 0x6f, 0x61, 0x74, 0x34, 0x28, 0x35, 0x2e, 0x39, 0x36, 0x30, 0x34, 0x36, 0x34, 0x34, // float4(5.9604644
	0x37, 0x37, 0x35, 0x33, 0x39, 0x30, 0x36, 0x32, 0x35, 0x65, 0x2d, 0x30, 0x38, 0x2c, 0x20, 0x31, // 775390625e-08, 1
	0x2e, 0x35, 0x32, 0x35, 0x38, 0x37, 0x38, 0x39, 0x30, 0x36, 0x32, 0x35, 0x65, 0x2d, 0x30, 0x35, // .52587890625e-05
	0x2c, 0x20, 0x30, 0x2e, 0x30, 0x30, 0x33, 0x39, 0x30, 0x36, 0x32, 0x35, 0x2c, 0x20, 0x31, 0x2e, // , 0.00390625, 1.
	0x30, 0x29, 0x29, 0x29, 0x20, 0x2a, 0x20, 0x39, 0x2e, 0x30, 0x29, 0x29, 0x20, 0x2b, 0x20, 0x28, // 0))) * 9.0)) + (
	0x66, 0x6c, 0x6f, 0x61, 0x74, 0x28, 0x5f, 0x32, 0x33, 0x31, 0x39, 0x20, 0x3c, 0x3d, 0x20, 0x64, // float(_2319 <= d
	0x6f, 0x74, 0x28, 0x73, 0x5f, 0x73, 0x68, 0x61, 0x64, 0x6f, 0x77, 0x4d, 0x61, 0x70, 0x2e, 0x73, // ot(s_shadowMap.s
	0x61, 0x6d, 0x70, 0x6c, 0x65, 0x28, 0x73, 0x5f, 0x73, 0x68, 0x61, 0x64, 0x6f, 0x77, 0x4d, 0x61, // ample(s_shadowMa
	0x70, 0x53, 0x61, 0x6d, 0x70, 0x6c, 0x65, 0x72, 0x2c, 0x20, 0x28, 0x5f, 0x32, 0x32, 0x37, 0x39, // pSampler, (_2279
	0x2e, 0x78, 0x79, 0x20, 0x2b, 0x20, 0x28, 0x66, 0x6c, 0x6f, 0x61, 0x74, 0x32, 0x28, 0x2d, 0x30, // .xy + (float2(-0
	0x2e, 0x35, 0x2c, 0x20, 0x31, 0x2e, 0x35, 0x29, 0x20, 0x2a, 0x20, 0x5f, 0x32, 0x35, 0x39, 0x30, // .5, 1.5) * _2590
	0x29, 0x29, 0x29, 0x2c, 0x20, 0x66, 0x6c, 0x6f, 0x61, 0x74, 0x34, 0x28, 0x35, 0x2e, 0x39, 0x36, // ))), float4(5.96
	0x30, 0x34, 0x36, 0x34, 0x34, 0x37, 0x37, 0x35, 0x33, 0x39, 0x30, 0x36, 0x32, 0x35, 0x65, 0x2d, // 04644775390625e-
	0x30, 0x38, 0x2c, 0x20, 0x31, 0x2e, 0x35, 0x32, 0x35, 0x38, 0x37, 0x38, 0x39, 0x30, 0x36, 0x32, // 08, 1.5258789062
	0x35, 0x65, 0x2d, 0x30, 0x35, 0x2c, 0x20, 0x30, 0x2e, 0x30, 0x30, 0x33, 0x39, 0x30, 0x36, 0x32, // 5e-05, 0.0039062
	0x35, 0x2c, 0x20, 0x31, 0x2e, 0x30, 0x29, 0x29, 0x29, 0x20, 0x2a, 0x20, 0x33, 0x2e, 0x30, 0x29, // 5, 1.0))) * 3.0)
	0x29, 0x20, 0x2b, 0x20, 0x28, 0x66, 0x6c, 0x6f, 0x61, 0x74, 0x28, 0x5f, 0x32, 0x33, 0x31, 0x39, // ) + (float(_2319
	0x20, 0x3c, 0x3d, 0x20, 0x64, 0x6f, 0x74, 0x28, 0x73, 0x5f, 0x73, 0x68, 0x61, 0x64, 0x6f, 0x77, //  <= dot(s_shadow
	0x4d, 0x61, 0x70, 0x2e, 0x73, 0x61, 0x6d, 0x70, 0x6c, 0x65, 0x28, 0x73, 0x5f, 0x73, 0x68, 0x61, // Map.sample(s_sha
	0x64, 0x6f, 0x77, 0x4d, 0x61, 0x70, 0x53, 0x61, 0x6d, 0x70, 0x6c, 0x65, 0x72, 0x2c, 0x20, 0x28, // dowMapSampler, (
	0x5f, 0x32, 0x32, 0x37, 0x39, 0x2e, 0x78, 0x79, 0x20, 0x2b, 0x20, 0x28, 0x66, 0x6c, 0x6f, 0x61, // _2279.xy + (floa
	0x74, 0x32, 0x28, 0x30, 0x2e, 0x35, 0x2c, 0x20, 0x2d, 0x31, 0x2e, 0x35, 0x29, 0x20, 0x2a, 0x20, // t2(0.5, -1.5) *
	0x5f, 0x32, 0x35, 0x39, 0x30, 0x29, 0x29, 0x29, 0x2c, 0x20, 0x66, 0x6c, 0x6f, 0x61, 0x74, 0x34, // _2590))), float4
	0x28, 0x35, 0x2e, 0x39, 0x36, 0x30, 0x34, 0x36, 0x34, 0x34, 0x37, 0x37, 0x35, 0x33, 0x39, 0x30, // (5.9604644775390
	0x36, 0x32, 0x35, 0x65, 0x2d, 0x30, 0x38, 0x2c, 0x20, 0x31, 0x2e, 0x35, 0x32, 0x35, 0x38, 0x37, // 625e-08, 1.52587
	0x38, 0x39, 0x30, 0x36, 0x32, 0x35, 0x65, 0x2d, 0x30, 0x35, 0x2c, 0x20, 0x30, 0x2e, 0x30, 0x30, // 890625e-05, 0.00
	0x33, 0x39, 0x30, 0x36, 0x32, 0x35, 0x2c, 0x20, 0x31, 0x2e, 0x30, 0x29, 0x29, 0x29, 0x20, 0x2a, // 390625, 1.0))) *
	0x20, 0x33, 0x2e, 0x30, 0x29, 0x3b, 0x0a, 0x20, 0x20, 0x20, 0x20, 0x20, 0x20, 0x20, 0x20, 0x20, //  3.0);.
	0x20, 0x20, 0x20, 0x66, 0x6c, 0x6f, 0x61, 0x74, 0x20, 0x5f, 0x32, 0x35, 0x38, 0x30, 0x20, 0x3d, //    float _2580 =
	0x20, 0x28, 0x28, 0x28, 0x28, 0x28, 0x28, 0x28, 0x5f, 0x32, 0x34, 0x36, 0x36, 0x20, 0x2b, 0x20, //  (((((((_2466 +
	0x28, 0x66, 0x6c, 0x6f, 0x61, 0x74, 0x28, 0x5f, 0x32, 0x33, 0x31, 0x39, 0x20, 0x3c, 0x3d, 0x20, // (float(_2319 <=
	0x64, 0x6f, 0x74, 0x28, 0x73, 0x5f, 0x73, 0x68, 0x61, 0x64, 0x6f, 0x77, 0x4d, 0x61, 0x70, 0x2e, // dot(s_shadowMap.
	0x73, 0x61, 0x6d, 0x70, 0x6c, 0x65, 0x28, 0x73, 0x5f, 0x73, 0x68, 0x61, 0x64, 0x6f, 0x77, 0x4d, // sample(s_shadowM
	0x61, 0x70, 0x53, 0x61, 0x6d, 0x70, 0x6c, 0x65, 0x72, 0x2c, 0x20, 0x28, 0x5f, 0x32, 0x32, 0x37, // apSampler, (_227
	0x39, 0x2e, 0x78, 0x79, 0x20, 0x2b, 0x20, 0x28, 0x66, 0x6c, 0x6f, 0x61, 0x74, 0x32, 0x28, 0x30, // 9.xy + (float2(0
	0x2e, 0x35, 0x2c, 0x20, 0x2d, 0x30, 0x2e, 0x35, 0x29, 0x20, 0x2a, 0x20, 0x5f, 0x32, 0x35, 0x39, // .5, -0.5) * _259
	0x30, 0x29, 0x29, 0x29, 0x2c, 0x20, 0x66, 0x6c, 0x6f, 0x61, 0x74, 0x34, 0x28, 0x35, 0x2e, 0x39, // 0))), float4(5.9
	0x36, 0x30, 0x34, 0x36, 0x34, 0x34, 0x37, 0x37, 0x35, 0x33, 0x39, 0x30, 0x36, 0x32, 0x35, 0x65, // 604644775390625e
	0x2d, 0x30, 0x38, 0x2c, 0x20, 0x31, 0x2e, 0x35, 0x32, 0x35, 0x38, 0x37, 0x38, 0x39, 0x30, 0x36, // -08, 1.525878906
	0x32, 0x35, 0x65, 0x2d, 0x30, 0x35, 0x2c, 0x20, 0x30, 0x2e, 0x30, 0x30, 0x33, 0x39, 0x30, 0x36, // 25e-05, 0.003906
	0x32, 0x35, 0x2c, 0x20, 0x31, 0x2e, 0x30, 0x29, 0x29, 0x29, 0x20, 0x2a, 0x20, 0x39, 0x2e, 0x30, // 25, 1.0))) * 9.0
	0x29, 0x29, 0x20, 0x2b, 0x20, 0x28, 0x66, 0x6c, 0x6f, 0x61, 0x74, 0x28, 0x5f, 0x32, 0x33, 0x31, // )) + (float(_231
	0x39, 0x20, 0x3c, 0x3d, 0x20, 0x64, 0x6f, 0x74, 0x28, 0x73, 0x5f, 0x73, 0x68, 0x61, 0x64, 0x6f, // 9 <= dot(s_shado
	0x77, 0x4d, 0x61, 0x70, 0x2e, 0x73, 0x61, 0x6d, 0x70, 0x6c, 0x65, 0x28, 0x73, 0x5f, 0x73, 0x68, // wMap.sample(s_sh
	0x61, 0x64, 0x6f, 0x77, 0x4d, 0x61, 0x70, 0x53, 0x61, 0x6d, 0x70, 0x6c, 0x65, 0x72, 0x2c, 0x20, // adowMapSampler,
	0x28, 0x5f, 0x32, 0x32, 0x37, 0x39, 0x2e, 0x78, 0x79, 0x20, 0x2b, 0x20, 0x28, 0x66, 0x6c, 0x6f, // (_2279.xy + (flo
	0x61, 0x74, 0x32, 0x28, 0x30, 0x2e, 0x35, 0x29, 0x20, 0x2a, 0x20, 0x5f, 0x32, 0x35, 0x39, 0x30, // at2(0.5) * _2590
	0x29, 0x29, 0x29, 0x2c, 0x20, 0x66, 0x6c, 0x6f, 0x61, 0x74, 0x34, 0x28, 0x35, 0x2e, 0x39, 0x36, // ))), float4(5.96
	0x30, 0x34, 0x36, 0x34, 0x34, 0x37, 0x37, 0x35, 0x33, 0x39, 0x30, 0x36, 0x32, 0x35, 0x65, 0x2d, // 04644775390625e-
	0x30, 0x38, 0x2c, 0x20, 0x31, 0x2e, 0x35, 0x32, 0x35, 0x38, 0x37, 0x38, 0x39, 0x30, 0x36, 0x32, // 08, 1.5258789062
	0x35, 0x65, 0x2d, 0x30, 0x35, 0x2c, 0x20, 0x30, 0x2e, 0x30, 0x30, 0x33, 0x39, 0x30, 0x36, 0x32, // 5e-05, 0.0039062
	0x35, 0x2c, 0x20, 0x31, 0x2e, 0x30, 0x29, 0x29, 0x29, 0x20, 0x2a, 0x20, 0x39, 0x2e, 0x30, 0x29, // 5, 1.0))) * 9.0)
	0x29, 0x20, 0x2b, 0x20, 0x28, 0x66, 0x6c, 0x6f, 0x61, 0x74, 0x28, 0x5f, 0x32, 0x33, 0x31, 0x39, // ) + (float(_2319
	0x20, 0x3c, 0x3d, 0x20, 0x64, 0x6f, 0x74, 0x28, 0x73, 0x5f, 0x73, 0x68, 0x61, 0x64, 0x6f, 0x77, //  <= dot(s_shadow
	0x4d, 0x61, 0x70, 0x2e, 0x73, 0x61, 0x6d, 0x70, 0x6c, 0x65, 0x28, 0x73, 0x5f, 0x73, 0x68, 0x61, // Map.sample(s_sha
	0x64, 0x6f, 0x77, 0x4d, 0x61, 0x70, 0x53, 0x61, 0x6d, 0x70, 0x6c, 0x65, 0x72, 0x2c, 0x20, 0x28, // dowMapSampler, (
	0x5f, 0x32, 0x32, 0x37, 0x39, 0x2e, 0x78, 0x79, 0x20, 0x2b, 0x20, 0x28, 0x66, 0x6c, 0x6f, 0x61, // _2279.xy + (floa
	0x74, 0x32, 0x28, 0x30, 0x2e, 0x35, 0x2c, 0x20, 0x31, 0x2e, 0x35, 0x29, 0x20, 0x2a, 0x20, 0x5f, // t2(0.5, 1.5) * _
	0x32, 0x35, 0x39, 0x30, 0x29, 0x29, 0x29, 0x2c, 0x20, 0x66, 0x6c, 0x6f, 0x61, 0x74, 0x34, 0x28, // 2590))), float4(
	0x35, 0x2e, 0x39, 0x36, 0x30, 0x34, 0x36, 0x34, 0x34, 0x37, 0x37, 0x35, 0x33, 0x39, 0x30, 0x36, // 5.96046447753906
	0x32, 0x35, 0x65, 0x2d, 0x30, 0x38, 0x2c, 0x20, 0x31, 0x2e, 0x35, 0x32, 0x35, 0x38, 0x37, 0x38, // 25e-08, 1.525878
	0x39, 0x30, 0x36, 0x32, 0x35, 0x65, 0x2d, 0x30, 0x35, 0x2c, 0x20, 0x30, 0x2e, 0x30, 0x30, 0x33, // 90625e-05, 0.003
	0x39, 0x30, 0x36, 0x32, 0x35, 0x2c, 0x20, 0x31, 0x2e, 0x30, 0x29, 0x29, 0x29, 0x20, 0x2a, 0x20, // 90625, 1.0))) *
	0x33, 0x2e, 0x30, 0x29, 0x29, 0x20, 0x2b, 0x20, 0x66, 0x6c, 0x6f, 0x61, 0x74, 0x28, 0x5f, 0x32, // 3.0)) + float(_2
	0x33, 0x31, 0x39, 0x20, 0x3c, 0x3d, 0x20, 0x64, 0x6f, 0x74, 0x28, 0x73, 0x5f, 0x73, 0x68, 0x61, // 319 <= dot(s_sha
	0x64, 0x6f, 0x77, 0x4d, 0x61, 0x70, 0x2e, 0x73, 0x61, 0x6d, 0x70, 0x6c, 0x65, 0x28, 0x73, 0x5f, // dowMap.sample(s_
	0x73, 0x68, 0x61, 0x64, 0x6f, 0x77, 0x4d, 0x61, 0x70, 0x53, 0x61, 0x6d, 0x70, 0x6c, 0x65, 0x72, // shadowMapSampler
	0x2c, 0x20, 0x28, 0x5f, 0x32, 0x32, 0x37, 0x39, 0x2e, 0x78, 0x79, 0x20, 0x2b, 0x20, 0x28, 0x66, // , (_2279.xy + (f
	0x6c, 0x6f, 0x61, 0x74, 0x32, 0x28, 0x31, 0x2e, 0x35, 0x2c, 0x20, 0x2d, 0x31, 0x2e, 0x35, 0x29, // loat2(1.5, -1.5)
	0x20, 0x2a, 0x20, 0x5f, 0x32, 0x35, 0x39, 0x30, 0x29, 0x29, 0x29, 0x2c, 0x20, 0x66, 0x6c, 0x6f, //  * _2590))), flo
	0x61, 0x74, 0x34, 0x28, 0x35, 0x2e, 0x39, 0x36, 0x30, 0x34, 0x36, 0x34, 0x34, 0x37, 0x37, 0x35, // at4(5.9604644775
	0x33, 0x39, 0x30, 0x36, 0x32, 0x35, 0x65, 0x2d, 0x30, 0x38, 0x2c, 0x20, 0x31, 0x2e, 0x35, 0x32, // 390625e-08, 1.52
	0x35, 0x38, 0x37, 0x38, 0x39, 0x30, 0x36, 0x32, 0x35, 0x65, 0x2d, 0x30, 0x35, 0x2c, 0x20, 0x30, // 587890625e-05, 0
	0x2e, 0x30, 0x30, 0x33, 0x39, 0x30, 0x36, 0x32, 0x35, 0x2c, 0x20, 0x31, 0x2e, 0x30, 0x29, 0x29, // .00390625, 1.0))
	0x29, 0x29, 0x20, 0x2b, 0x20, 0x28, 0x66, 0x6c, 0x6f, 0x61, 0x74, 0x28, 0x5f, 0x32, 0x33, 0x31, // )) + (float(_231
	0x39, 0x20, 0x3c, 0x3d, 0x20, 0x64, 0x6f, 0x74, 0x28, 0x73, 0x5f, 0x73, 0x68, 0x61, 0x64, 0x6f, // 9 <= dot(s_shado
	0x77, 0x4d, 0x61, 0x70, 0x2e, 0x73, 0x61, 0x6d, 0x70, 0x6c, 0x65, 0x28, 0x73, 0x5f, 0x73, 0x68, // wMap.sample(s_sh
	0x61, 0x64, 0x6f, 0x77, 0x4d, 0x61, 0x70, 0x53, 0x61, 0x6d, 0x70, 0x6c, 0x65, 0x72, 0x2c, 0x20, // adowMapSampler,
	0x28, 0x5f, 0x32, 0x32, 0x37, 0x39, 0x2e, 0x78, 0x79, 0x20, 0x2b, 0x20, 0x28, 0x66, 0x6c, 0x6f, // (_2279.xy + (flo
	0x61, 0x74, 0x32, 0x28, 0x31, 0x2e, 0x35, 0x2c, 0x20, 0x2d, 0x30, 0x2e, 0x35, 0x29, 0x20, 0x2a, // at2(1.5, -0.5) *
	0x20, 0x5f, 0x32, 0x35, 0x39, 0x30, 0x29, 0x29, 0x29, 0x2c, 0x20, 0x66, 0x6c, 0x6f, 0x61, 0x74, //  _2590))), float
	0x34, 0x28, 0x35, 0x2e, 0x39, 0x36, 0x30, 0x34, 0x36, 0x34, 0x34, 0x37, 0x37, 0x35, 0x33, 0x39, // 4(5.960464477539
	0x30, 0x36, 0x32, 0x35, 0x65, 0x2d, 0x30, 0x38, 0x2c, 0x20, 0x31, 0x2e, 0x35, 0x32, 0x35, 0x38, // 0625e-08, 1.5258
	0x37, 0x38, 0x39, 0x30, 0x36, 0x32, 0x35, 0x65, 0x2d, 0x30, 0x35, 0x2c, 0x20, 0x30, 0x2e, 0x30, // 7890625e-05, 0.0
	0x30, 0x33, 0x39, 0x30, 0x36, 0x32, 0x35, 0x2c, 0x20, 0x31, 0x2e, 0x30, 0x29, 0x29, 0x29, 0x20, // 0390625, 1.0)))
	0x2a, 0x20, 0x33, 0x2e, 0x30, 0x29, 0x29, 0x20, 0x2b, 0x20, 0x28, 0x66, 0x6c, 0x6f, 0x61, 0x74, // * 3.0)) + (float
	0x28, 0x5f, 0x32, 0x33, 0x31, 0x39, 0x20, 0x3c, 0x3d, 0x20, 0x64, 0x6f, 0x74, 0x28, 0x73, 0x5f, // (_2319 <= dot(s_
	0x73, 0x68, 0x61, 0x64, 0x6f, 0x77, 0x4d, 0x61, 0x70, 0x2e, 0x73, 0x61, 0x6d, 0x70, 0x6c, 0x65, // shadowMap.sample
	0x28, 0x73, 0x5f, 0x73, 0x68, 0x61, 0x64, 0x6f, 0x77, 0x4d, 0x61, 0x70, 0x53, 0x61, 0x6d, 0x70, // (s_shadowMapSamp
	0x6c, 0x65, 0x72, 0x2c, 0x20, 0x28, 0x5f, 0x32, 0x32, 0x37, 0x39, 0x2e, 0x78, 0x79, 0x20, 0x2b, // ler, (_2279.xy +
	0x20, 0x28, 0x66, 0x6c, 0x6f, 0x61, 0x74, 0x32, 0x28, 0x31, 0x2e, 0x35, 0x2c, 0x20, 0x30, 0x2e, //  (float2(1.5, 0.
	0x35, 0x29, 0x20, 0x2a, 0x20, 0x5f, 0x32, 0x35, 0x39, 0x30, 0x29, 0x29, 0x29, 0x2c, 0x20, 0x66, // 5) * _2590))), f
	0x6c, 0x6f, 0x61, 0x74, 0x34, 0x28, 0x35, 0x2e, 0x39, 0x36, 0x30, 0x34, 0x36, 0x34, 0x34, 0x37, // loat4(5.96046447
	0x37, 0x35, 0x33, 0x39, 0x30, 0x36, 0x32, 0x35, 0x65, 0x2d, 0x30, 0x38, 0x2c, 0x20, 0x31, 0x2e, // 75390625e-08, 1.
	0x35, 0x32, 0x35, 0x38, 0x37, 0x38, 0x39, 0x30, 0x36, 0x32, 0x35, 0x65, 0x2d, 0x30, 0x35, 0x2c, // 52587890625e-05,
	0x20, 0x30, 0x2e, 0x30, 0x30, 0x33, 0x39, 0x30, 0x36, 0x32, 0x35, 0x2c, 0x20, 0x31, 0x2e, 0x30, //  0.00390625, 1.0
	0x29, 0x29, 0x29, 0x20, 0x2a, 0x20, 0x33, 0x2e, 0x30, 0x29, 0x29, 0x20, 0x2b, 0x20, 0x66, 0x6c, // ))) * 3.0)) + fl
	0x6f, 0x61, 0x74, 0x28, 0x5f, 0x32, 0x33, 0x31, 0x39, 0x20, 0x3c, 0x3d, 0x20, 0x64, 0x6f, 0x74, // oat(_2319 <= dot
	0x28, 0x73, 0x5f, 0x73, 0x68, 0x61, 0x64, 0x6f, 0x77, 0x4d, 0x61, 0x70, 0x2e, 0x73, 0x61, 0x6d, // (s_shadowMap.sam
	0x70, 0x6c, 0x65, 0x28, 0x73, 0x5f, 0x73, 0x68, 0x61, 0x64, 0x6f, 0x77, 0x4d, 0x61, 0x70, 0x53, // ple(s_shadowMapS
	0x61, 0x6d, 0x70, 0x6c, 0x65, 0x72, 0x2c, 0x20, 0x28, 0x5f, 0x32, 0x32, 0x37, 0x39, 0x2e, 0x78, // ampler, (_2279.x
	0x79, 0x20, 0x2b, 0x20, 0x28, 0x66, 0x6c, 0x6f, 0x61, 0x74, 0x32, 0x28, 0x31, 0x2e, 0x35, 0x29, // y + (float2(1.5)
	0x20, 0x2a, 0x20, 0x5f, 0x32, 0x35, 0x39, 0x30, 0x29, 0x29, 0x29, 0x2c, 0x20, 0x66, 0x6c, 0x6f, //  * _2590))), flo
	0x61, 0x74, 0x34, 0x28, 0x35, 0x2e, 0x39, 0x36, 0x30, 0x34, 0x36, 0x34, 0x34, 0x37, 0x37, 0x35, // at4(5.9604644775
	0x33, 0x39, 0x30, 0x36, 0x32, 0x35, 0x65, 0x2d, 0x30, 0x38, 0x2c, 0x20, 0x31, 0x2e, 0x35, 0x32, // 390625e-08, 1.52
	0x35, 0x38, 0x37, 0x38, 0x39, 0x30, 0x36, 0x32, 0x35, 0x65, 0x2d, 0x30, 0x35, 0x2c, 0x20, 0x30, // 587890625e-05, 0
	0x2e, 0x30, 0x30, 0x33, 0x39, 0x30, 0x36, 0x32, 0x35, 0x2c, 0x20, 0x31, 0x2e, 0x30, 0x29, 0x29, // .00390625, 1.0))
	0x29, 0x29, 0x20, 0x2a, 0x20, 0x30, 0x2e, 0x30, 0x31, 0x35, 0x36, 0x32, 0x35, 0x3b, 0x0a, 0x20, // )) * 0.015625;.
	0x20, 0x20, 0x20, 0x20, 0x20, 0x20, 0x20, 0x20, 0x20, 0x20, 0x20, 0x5f, 0x33, 0x33, 0x34, 0x35, //            _3345
	0x20, 0x3d, 0x20, 0x5f, 0x32, 0x35, 0x38, 0x30, 0x3b, 0x0a, 0x20, 0x20, 0x20, 0x20, 0x20, 0x20, //  = _2580;.
	0x20, 0x20, 0x20, 0x20, 0x20, 0x20, 0x62, 0x72, 0x65, 0x61, 0x6b, 0x3b, 0x0a, 0x20, 0x20, 0x20, //       break;.
	0x20, 0x20, 0x20, 0x20, 0x20, 0x7d, 0x20, 0x77, 0x68, 0x69, 0x6c, 0x65, 0x28, 0x66, 0x61, 0x6c, //      } while(fal
	0x73, 0x65, 0x29, 0x3b, 0x0a, 0x20, 0x20, 0x20, 0x20, 0x20, 0x20, 0x20, 0x20, 0x5f, 0x33, 0x33, // se);.        _33
	0x35, 0x30, 0x20, 0x3d, 0x20, 0x28, 0x28, 0x28, 0x28, 0x28, 0x28, 0x66, 0x6c, 0x6f, 0x61, 0x74, // 50 = ((((((float
	0x33, 0x28, 0x31, 0x2e, 0x30, 0x20, 0x2d, 0x20, 0x66, 0x61, 0x73, 0x74, 0x3a, 0x3a, 0x6d, 0x61, // 3(1.0 - fast::ma
	0x78, 0x28, 0x5f, 0x32, 0x30, 0x39, 0x33, 0x2e, 0x78, 0x2c, 0x20, 0x66, 0x61, 0x73, 0x74, 0x3a, // x(_2093.x, fast:
	0x3a, 0x6d, 0x61, 0x78, 0x28, 0x5f, 0x32, 0x30, 0x39, 0x33, 0x2e, 0x79, 0x2c, 0x20, 0x5f, 0x32, // :max(_2093.y, _2
	0x30, 0x39, 0x33, 0x2e, 0x7a, 0x29, 0x29, 0x29, 0x20, 0x2a, 0x20, 0x28, 0x31, 0x2e, 0x30, 0x20, // 093.z))) * (1.0
	0x2d, 0x20, 0x5f, 0x31, 0x39, 0x30, 0x39, 0x29, 0x29, 0x20, 0x2a, 0x20, 0x5f, 0x31, 0x36, 0x35, // - _1909)) * _165
	0x36, 0x29, 0x20, 0x2a, 0x20, 0x66, 0x6c, 0x6f, 0x61, 0x74, 0x33, 0x28, 0x30, 0x2e, 0x33, 0x31, // 6) * float3(0.31
	0x38, 0x33, 0x30, 0x39, 0x38, 0x37, 0x33, 0x33, 0x34, 0x32, 0x35, 0x31, 0x34, 0x30, 0x33, 0x38, // 8309873342514038
	0x30, 0x38, 0x35, 0x39, 0x33, 0x37, 0x35, 0x29, 0x29, 0x20, 0x2b, 0x20, 0x28, 0x28, 0x6d, 0x69, // 0859375)) + ((mi
	0x78, 0x28, 0x5f, 0x32, 0x30, 0x39, 0x33, 0x2c, 0x20, 0x5f, 0x31, 0x36, 0x35, 0x36, 0x20, 0x2b, // x(_2093, _1656 +
	0x20, 0x28, 0x28, 0x66, 0x6c, 0x6f, 0x61, 0x74, 0x33, 0x28, 0x31, 0x2e, 0x30, 0x29, 0x20, 0x2d, //  ((float3(1.0) -
	0x20, 0x5f, 0x31, 0x36, 0x35, 0x36, 0x29, 0x20, 0x2a, 0x20, 0x70, 0x6f, 0x77, 0x72, 0x28, 0x31, //  _1656) * powr(1
	0x2e, 0x30, 0x20, 0x2d, 0x20, 0x5f, 0x32, 0x30, 0x38, 0x32, 0x2c, 0x20, 0x35, 0x2e, 0x30, 0x29, // .0 - _2082, 5.0)
	0x29, 0x2c, 0x20, 0x66, 0x6c, 0x6f, 0x61, 0x74, 0x33, 0x28, 0x5f, 0x31, 0x39, 0x30, 0x39, 0x29, // ), float3(_1909)
	0x29, 0x20, 0x2a, 0x20, 0x28, 0x28, 0x5f, 0x32, 0x31, 0x32, 0x35, 0x20, 0x2f, 0x20, 0x66, 0x61, // ) * ((_2125 / fa
	0x73, 0x74, 0x3a, 0x3a, 0x6d, 0x61, 0x78, 0x28, 0x28, 0x33, 0x2e, 0x31, 0x34, 0x31, 0x35, 0x39, // st::max((3.14159
	0x32, 0x37, 0x34, 0x31, 0x30, 0x31, 0x32, 0x35, 0x37, 0x33, 0x32, 0x34, 0x32, 0x31, 0x38, 0x37, // 2741012573242187
	0x35, 0x20, 0x2a, 0x20, 0x5f, 0x32, 0x31, 0x33, 0x32, 0x29, 0x20, 0x2a, 0x20, 0x5f, 0x32, 0x31, // 5 * _2132) * _21
	0x33, 0x32, 0x2c, 0x20, 0x39, 0x2e, 0x39, 0x39, 0x39, 0x39, 0x39, 0x39, 0x39, 0x37, 0x34, 0x37, // 32, 9.9999999747
	0x35, 0x32, 0x34, 0x32, 0x37, 0x30, 0x37, 0x38, 0x37, 0x38, 0x33, 0x35, 0x31, 0x32, 0x31, 0x31, // 5242707878351211
	0x35, 0x34, 0x37, 0x38, 0x35, 0x65, 0x2d, 0x30, 0x37, 0x29, 0x29, 0x20, 0x2a, 0x20, 0x28, 0x28, // 54785e-07)) * ((
	0x5f, 0x31, 0x39, 0x38, 0x31, 0x20, 0x2f, 0x20, 0x66, 0x61, 0x73, 0x74, 0x3a, 0x3a, 0x6d, 0x61, // _1981 / fast::ma
	0x78, 0x28, 0x28, 0x5f, 0x31, 0x39, 0x38, 0x31, 0x20, 0x2a, 0x20, 0x28, 0x31, 0x2e, 0x30, 0x20, // x((_1981 * (1.0
	0x2d, 0x20, 0x5f, 0x32, 0x31, 0x34, 0x39, 0x29, 0x29, 0x20, 0x2b, 0x20, 0x5f, 0x32, 0x31, 0x34, // - _2149)) + _214
	0x39, 0x2c, 0x20, 0x39, 0x2e, 0x39, 0x39, 0x39, 0x39, 0x39, 0x39, 0x39, 0x37, 0x34, 0x37, 0x35, // 9, 9.99999997475
	0x32, 0x34, 0x32, 0x37, 0x30, 0x37, 0x38, 0x37, 0x38, 0x33, 0x35, 0x31, 0x32, 0x31, 0x31, 0x35, // 2427078783512115
	0x34, 0x37, 0x38, 0x35, 0x65, 0x2d, 0x30, 0x37, 0x29, 0x29, 0x20, 0x2a, 0x20, 0x28, 0x5f, 0x32, // 4785e-07)) * (_2
	0x30, 0x37, 0x30, 0x20, 0x2f, 0x20, 0x66, 0x61, 0x73, 0x74, 0x3a, 0x3a, 0x6d, 0x61, 0x78, 0x28, // 070 / fast::max(
	0x28, 0x5f, 0x32, 0x30, 0x37, 0x30, 0x20, 0x2a, 0x20, 0x28, 0x31, 0x2e, 0x30, 0x20, 0x2d, 0x20, // (_2070 * (1.0 -
	0x5f, 0x32, 0x31, 0x36, 0x38, 0x29, 0x29, 0x20, 0x2b, 0x20, 0x5f, 0x32, 0x31, 0x36, 0x38, 0x2c, // _2168)) + _2168,
	0x20, 0x39, 0x2e, 0x39, 0x39, 0x39, 0x39, 0x39, 0x39, 0x39, 0x37, 0x34, 0x37, 0x35, 0x32, 0x34, //  9.9999999747524
	0x32, 0x37, 0x30, 0x37, 0x38, 0x37, 0x38, 0x33, 0x35, 0x31, 0x32, 0x31, 0x31, 0x35, 0x34, 0x37, // 2707878351211547
	0x38, 0x35, 0x65, 0x2d, 0x30, 0x37, 0x29, 0x29, 0x29, 0x29, 0x29, 0x20, 0x2f, 0x20, 0x66, 0x6c, // 85e-07))))) / fl
	0x6f, 0x61, 0x74, 0x33, 0x28, 0x66, 0x61, 0x73, 0x74, 0x3a, 0x3a, 0x6d, 0x61, 0x78, 0x28, 0x28, // oat3(fast::max((
	0x34, 0x2e, 0x30, 0x20, 0x2a, 0x20, 0x5f, 0x31, 0x39, 0x38, 0x31, 0x29, 0x20, 0x2a, 0x20, 0x5f, // 4.0 * _1981) * _
	0x32, 0x30, 0x37, 0x30, 0x2c, 0x20, 0x39, 0x2e, 0x39, 0x39, 0x39, 0x39, 0x39, 0x39, 0x39, 0x37, // 2070, 9.99999997
	0x34, 0x37, 0x35, 0x32, 0x34, 0x32, 0x37, 0x30, 0x37, 0x38, 0x37, 0x38, 0x33, 0x35, 0x31, 0x32, // 4752427078783512
	0x31, 0x31, 0x35, 0x34, 0x37, 0x38, 0x35, 0x65, 0x2d, 0x30, 0x37, 0x29, 0x29, 0x29, 0x29, 0x20, // 1154785e-07))))
	0x2a, 0x20, 0x5f, 0x32, 0x30, 0x37, 0x30, 0x29, 0x20, 0x2a, 0x20, 0x5f, 0x6d, 0x74, 0x6c, 0x5f, // * _2070) * _mtl_
	0x75, 0x2e, 0x75, 0x5f, 0x64, 0x69, 0x72, 0x65, 0x63, 0x74, 0x69, 0x6f, 0x6e, 0x61, 0x6c, 0x4c, // u.u_directionalL
	0x69, 0x67, 0x68, 0x74, 0x43, 0x6f, 0x6c, 0x6f, 0x72, 0x2e, 0x78, 0x79, 0x7a, 0x29, 0x20, 0x2a, // ightColor.xyz) *
	0x20, 0x5f, 0x33, 0x33, 0x34, 0x35, 0x3b, 0x0a, 0x20, 0x20, 0x20, 0x20, 0x7d, 0x0a, 0x20, 0x20, //  _3345;.    }.
	0x20, 0x20, 0x65, 0x6c, 0x73, 0x65, 0x0a, 0x20, 0x20, 0x20, 0x20, 0x7b, 0x0a, 0x20, 0x20, 0x20, //   else.    {.
	0x20, 0x20, 0x20, 0x20, 0x20, 0x5f, 0x33, 0x33, 0x35, 0x30, 0x20, 0x3d, 0x20, 0x66, 0x6c, 0x6f, //      _3350 = flo
	0x61, 0x74, 0x33, 0x28, 0x30, 0x2e, 0x30, 0x29, 0x3b, 0x0a, 0x20, 0x20, 0x20, 0x20, 0x7d, 0x0a, // at3(0.0);.    }.
	0x20, 0x20, 0x20, 0x20, 0x66, 0x6c, 0x6f, 0x61, 0x74, 0x33, 0x20, 0x5f, 0x33, 0x33, 0x34, 0x39, //     float3 _3349
	0x3b, 0x0a, 0x20, 0x20, 0x20, 0x20, 0x5f, 0x33, 0x33, 0x34, 0x39, 0x20, 0x3d, 0x20, 0x5f, 0x33, // ;.    _3349 = _3
	0x33, 0x35, 0x30, 0x3b, 0x0a, 0x20, 0x20, 0x20, 0x20, 0x66, 0x6c, 0x6f, 0x61, 0x74, 0x33, 0x20, // 350;.    float3
	0x5f, 0x33, 0x33, 0x35, 0x36, 0x3b, 0x0a, 0x20, 0x20, 0x20, 0x20, 0x66, 0x6f, 0x72, 0x20, 0x28, // _3356;.    for (
	0x69, 0x6e, 0x74, 0x20, 0x5f, 0x33, 0x33, 0x34, 0x38, 0x20, 0x3d, 0x20, 0x30, 0x3b, 0x20, 0x5f, // int _3348 = 0; _
	0x33, 0x33, 0x34, 0x38, 0x20, 0x3c, 0x20, 0x34, 0x3b, 0x20, 0x5f, 0x33, 0x33, 0x34, 0x39, 0x20, // 3348 < 4; _3349
	0x3d, 0x20, 0x5f, 0x33, 0x33, 0x35, 0x36, 0x2c, 0x20, 0x5f, 0x33, 0x33, 0x34, 0x38, 0x2b, 0x2b, // = _3356, _3348++
	0x29, 0x0a, 0x20, 0x20, 0x20, 0x20, 0x7b, 0x0a, 0x20, 0x20, 0x20, 0x20, 0x20, 0x20, 0x20, 0x20, // ).    {.
	0x66, 0x6c, 0x6f, 0x61, 0x74, 0x33, 0x20, 0x5f, 0x31, 0x36, 0x38, 0x34, 0x20, 0x3d, 0x20, 0x5f, // float3 _1684 = _
	0x6d, 0x74, 0x6c, 0x5f, 0x75, 0x2e, 0x75, 0x5f, 0x70, 0x6f, 0x69, 0x6e, 0x74, 0x4c, 0x69, 0x67, // mtl_u.u_pointLig
	0x68, 0x74, 0x50, 0x6f, 0x73, 0x69, 0x74, 0x69, 0x6f, 0x6e, 0x52, 0x61, 0x6e, 0x67, 0x65, 0x5b, // htPositionRange[
	0x5f, 0x33, 0x33, 0x34, 0x38, 0x5d, 0x2e, 0x78, 0x79, 0x7a, 0x20, 0x2d, 0x20, 0x69, 0x6e, 0x2e, // _3348].xyz - in.
	0x76, 0x5f, 0x77, 0x6f, 0x72, 0x6c, 0x64, 0x50, 0x6f, 0x73, 0x2e, 0x78, 0x79, 0x7a, 0x3b, 0x0a, // v_worldPos.xyz;.
	0x20, 0x20, 0x20, 0x20, 0x20, 0x20, 0x20, 0x20, 0x66, 0x6c, 0x6f, 0x61, 0x74, 0x20, 0x5f, 0x31, //         float _1
	0x36, 0x38, 0x36, 0x20, 0x3d, 0x20, 0x6c, 0x65, 0x6e, 0x67, 0x74, 0x68, 0x28, 0x5f, 0x31, 0x36, // 686 = length(_16
	0x38, 0x34, 0x29, 0x3b, 0x0a, 0x20, 0x20, 0x20, 0x20, 0x20, 0x20, 0x20, 0x20, 0x69, 0x66, 0x20, // 84);.        if
	0x28, 0x28, 0x5f, 0x6d, 0x74, 0x6c, 0x5f, 0x75, 0x2e, 0x75, 0x5f, 0x70, 0x6f, 0x69, 0x6e, 0x74, // ((_mtl_u.u_point
	0x4c, 0x69, 0x67, 0x68, 0x74, 0x50, 0x6f, 0x73, 0x69, 0x74, 0x69, 0x6f, 0x6e, 0x52, 0x61, 0x6e, // LightPositionRan
	0x67, 0x65, 0x5b, 0x5f, 0x33, 0x33, 0x34, 0x38, 0x5d, 0x2e, 0x77, 0x20, 0x3e, 0x20, 0x30, 0x2e, // ge[_3348].w > 0.
	0x30, 0x29, 0x20, 0x26, 0x26, 0x20, 0x28, 0x5f, 0x31, 0x36, 0x38, 0x36, 0x20, 0x3c, 0x20, 0x5f, // 0) && (_1686 < _
	0x6d, 0x74, 0x6c, 0x5f, 0x75, 0x2e, 0x75, 0x5f, 0x70, 0x6f, 0x69, 0x6e, 0x74, 0x4c, 0x69, 0x67, // mtl_u.u_pointLig
	0x68, 0x74, 0x50, 0x6f, 0x73, 0x69, 0x74, 0x69, 0x6f, 0x6e, 0x52, 0x61, 0x6e, 0x67, 0x65, 0x5b, // htPositionRange[
	0x5f, 0x33, 0x33, 0x34, 0x38, 0x5d, 0x2e, 0x77, 0x29, 0x29, 0x0a, 0x20, 0x20, 0x20, 0x20, 0x20, // _3348].w)).
	0x20, 0x20, 0x20, 0x7b, 0x0a, 0x20, 0x20, 0x20, 0x20, 0x20, 0x20, 0x20, 0x20, 0x20, 0x20, 0x20, //    {.
	0x20, 0x66, 0x6c, 0x6f, 0x61, 0x74, 0x20, 0x5f, 0x32, 0x37, 0x33, 0x38, 0x20, 0x3d, 0x20, 0x66, //  float _2738 = f
	0x61, 0x73, 0x74, 0x3a, 0x3a, 0x63, 0x6c, 0x61, 0x6d, 0x70, 0x28, 0x31, 0x2e, 0x30, 0x20, 0x2d, // ast::clamp(1.0 -
	0x20, 0x70, 0x6f, 0x77, 0x72, 0x28, 0x5f, 0x31, 0x36, 0x38, 0x36, 0x20, 0x2f, 0x20, 0x5f, 0x6d, //  powr(_1686 / _m
	0x74, 0x6c, 0x5f, 0x75, 0x2e, 0x75, 0x5f, 0x70, 0x6f, 0x69, 0x6e, 0x74, 0x4c, 0x69, 0x67, 0x68, // tl_u.u_pointLigh
	0x74, 0x50, 0x6f, 0x73, 0x69, 0x74, 0x69, 0x6f, 0x6e, 0x52, 0x61, 0x6e, 0x67, 0x65, 0x5b, 0x5f, // tPositionRange[_
	0x33, 0x33, 0x34, 0x38, 0x5d, 0x2e, 0x77, 0x2c, 0x20, 0x34, 0x2e, 0x30, 0x29, 0x2c, 0x20, 0x30, // 3348].w, 4.0), 0
	0x2e, 0x30, 0x2c, 0x20, 0x31, 0x2e, 0x30, 0x29, 0x3b, 0x0a, 0x20, 0x20, 0x20, 0x20, 0x20, 0x20, // .0, 1.0);.
	0x20, 0x20, 0x20, 0x20, 0x20, 0x20, 0x66, 0x6c, 0x6f, 0x61, 0x74, 0x33, 0x20, 0x5f, 0x31, 0x37, //       float3 _17
	0x32, 0x30, 0x20, 0x3d, 0x20, 0x66, 0x61, 0x73, 0x74, 0x3a, 0x3a, 0x6e, 0x6f, 0x72, 0x6d, 0x61, // 20 = fast::norma
	0x6c, 0x69, 0x7a, 0x65, 0x28, 0x5f, 0x31, 0x36, 0x38, 0x34, 0x29, 0x3b, 0x0a, 0x20, 0x20, 0x20, // lize(_1684);.
	0x20, 0x20, 0x20, 0x20, 0x20, 0x20, 0x20, 0x20, 0x20, 0x66, 0x6c, 0x6f, 0x61, 0x74, 0x33, 0x20, //          float3
	0x5f, 0x31, 0x37, 0x32, 0x35, 0x20, 0x3d, 0x20, 0x5f, 0x31, 0x35, 0x37, 0x39, 0x2e, 0x78, 0x79, // _1725 = _1579.xy
	0x7a, 0x3b, 0x0a, 0x20, 0x20, 0x20, 0x20, 0x20, 0x20, 0x20, 0x20, 0x20, 0x20, 0x20, 0x20, 0x66, // z;.            f
	0x6c, 0x6f, 0x61, 0x74, 0x33, 0x20, 0x5f, 0x32, 0x37, 0x37, 0x39, 0x20, 0x3d, 0x20, 0x5f, 0x33, // loat3 _2779 = _3
	0x33, 0x34, 0x33, 0x20, 0x2b, 0x20, 0x5f, 0x31, 0x37, 0x32, 0x30, 0x3b, 0x0a, 0x20, 0x20, 0x20, // 343 + _1720;.
	0x20, 0x20, 0x20, 0x20, 0x20, 0x20, 0x20, 0x20, 0x20, 0x66, 0x6c, 0x6f, 0x61, 0x74, 0x33, 0x20, //          float3
	0x5f, 0x33, 0x33, 0x35, 0x32, 0x3b, 0x0a, 0x20, 0x20, 0x20, 0x20, 0x20, 0x20, 0x20, 0x20, 0x20, // _3352;.
	0x20, 0x20, 0x20, 0x64, 0x6f, 0x0a, 0x20, 0x20, 0x20, 0x20, 0x20, 0x20, 0x20, 0x20, 0x20, 0x20, //    do.
	0x20, 0x20, 0x7b, 0x0a, 0x20, 0x20, 0x20, 0x20, 0x20, 0x20, 0x20, 0x20, 0x20, 0x20, 0x20, 0x20, //   {.
	0x20, 0x20, 0x20, 0x20, 0x66, 0x6c, 0x6f, 0x61, 0x74, 0x20, 0x5f, 0x32, 0x38, 0x36, 0x30, 0x20, //     float _2860
	0x3d, 0x20, 0x64, 0x6f, 0x74, 0x28, 0x5f, 0x32, 0x37, 0x37, 0x39, 0x2c, 0x20, 0x5f, 0x32, 0x37, // = dot(_2779, _27
	0x37, 0x39, 0x29, 0x3b, 0x0a, 0x20, 0x20, 0x20, 0x20, 0x20, 0x20, 0x20, 0x20, 0x20, 0x20, 0x20, // 79);.
	0x20, 0x20, 0x20, 0x20, 0x20, 0x69, 0x66, 0x20, 0x28, 0x28, 0x5f, 0x32, 0x38, 0x36, 0x30, 0x20, //      if ((_2860
	0x21, 0x3d, 0x20, 0x5f, 0x32, 0x38, 0x36, 0x30, 0x29, 0x20, 0x7c, 0x7c, 0x20, 0x28, 0x5f, 0x32, // != _2860) || (_2
	0x38, 0x36, 0x30, 0x20, 0x3c, 0x3d, 0x20, 0x39, 0x2e, 0x39, 0x39, 0x39, 0x39, 0x39, 0x39, 0x39, // 860 <= 9.9999999
	0x37, 0x34, 0x37, 0x35, 0x32, 0x34, 0x32, 0x37, 0x30, 0x37, 0x38, 0x37, 0x38, 0x33, 0x35, 0x31, // 7475242707878351
	0x32, 0x31, 0x31, 0x35, 0x34, 0x37, 0x38, 0x35, 0x65, 0x2d, 0x30, 0x37, 0x29, 0x29, 0x0a, 0x20, // 21154785e-07)).
	0x20, 0x20, 0x20, 0x20, 0x20, 0x20, 0x20, 0x20, 0x20, 0x20, 0x20, 0x20, 0x20, 0x20, 0x20, 0x7b, //                {
	0x0a, 0x20, 0x20, 0x20, 0x20, 0x20, 0x20, 0x20, 0x20, 0x20, 0x20, 0x20, 0x20, 0x20, 0x20, 0x20, // .
	0x20, 0x20, 0x20, 0x20, 0x20, 0x5f, 0x33, 0x33, 0x35, 0x32, 0x20, 0x3d, 0x20, 0x5f, 0x31, 0x35, //      _3352 = _15
	0x39, 0x37, 0x3b, 0x0a, 0x20, 0x20, 0x20, 0x20, 0x20, 0x20, 0x20, 0x20, 0x20, 0x20, 0x20, 0x20, // 97;.
	0x20, 0x20, 0x20, 0x20, 0x20, 0x20, 0x20, 0x20, 0x62, 0x72, 0x65, 0x61, 0x6b, 0x3b, 0x0a, 0x20, //         break;.
	0x20, 0x20, 0x20, 0x20, 0x20, 0x20, 0x20, 0x20, 0x20, 0x20, 0x20, 0x20, 0x20, 0x20, 0x20, 0x7d, //                }
	0x0a, 0x20, 0x20, 0x20, 0x20, 0x20, 0x20, 0x20, 0x20, 0x20, 0x20, 0x20, 0x20, 0x20, 0x20, 0x20, // .
	0x20, 0x5f, 0x33, 0x33, 0x35, 0x32, 0x20, 0x3d, 0x20, 0x5f, 0x32, 0x37, 0x37, 0x39, 0x20, 0x2a, //  _3352 = _2779 *
	0x20, 0x72, 0x73, 0x71, 0x72, 0x74, 0x28, 0x5f, 0x32, 0x38, 0x36, 0x30, 0x29, 0x3b, 0x0a, 0x20, //  rsqrt(_2860);.
	0x20, 0x20, 0x20, 0x20, 0x20, 0x20, 0x20, 0x20, 0x20, 0x20, 0x20, 0x20, 0x20, 0x20, 0x20, 0x62, //                b
	0x72, 0x65, 0x61, 0x6b, 0x3b, 0x0a, 0x20, 0x20, 0x20, 0x20, 0x20, 0x20, 0x20, 0x20, 0x20, 0x20, // reak;.
	0x20, 0x20, 0x7d, 0x20, 0x77, 0x68, 0x69, 0x6c, 0x65, 0x28, 0x66, 0x61, 0x6c, 0x73, 0x65, 0x29, //   } while(false)
	0x3b, 0x0a, 0x20, 0x20, 0x20, 0x20, 0x20, 0x20, 0x20, 0x20, 0x20, 0x20, 0x20, 0x20, 0x66, 0x6c, // ;.            fl
	0x6f, 0x61, 0x74, 0x20, 0x5f, 0x32, 0x38, 0x37, 0x39, 0x20, 0x3d, 0x20, 0x66, 0x61, 0x73, 0x74, // oat _2879 = fast
	0x3a, 0x3a, 0x63, 0x6c, 0x61, 0x6d, 0x70, 0x28, 0x64, 0x6f, 0x74, 0x28, 0x5f, 0x31, 0x35, 0x39, // ::clamp(dot(_159
	0x37, 0x2c, 0x20, 0x5f, 0x31, 0x37, 0x32, 0x30, 0x29, 0x2c, 0x20, 0x30, 0x2e, 0x30, 0x2c, 0x20, // 7, _1720), 0.0,
	0x31, 0x2e, 0x30, 0x29, 0x3b, 0x0a, 0x20, 0x20, 0x20, 0x20, 0x20, 0x20, 0x20, 0x20, 0x20, 0x20, // 1.0);.
	0x20, 0x20, 0x66, 0x6c, 0x6f, 0x61, 0x74, 0x20, 0x5f, 0x32, 0x37, 0x39, 0x30, 0x20, 0x3d, 0x20, //   float _2790 =
	0x66, 0x61, 0x73, 0x74, 0x3a, 0x3a, 0x6d, 0x61, 0x78, 0x28, 0x66, 0x61, 0x73, 0x74, 0x3a, 0x3a, // fast::max(fast::
	0x63, 0x6c, 0x61, 0x6d, 0x70, 0x28, 0x64, 0x6f, 0x74, 0x28, 0x5f, 0x31, 0x35, 0x39, 0x37, 0x2c, // clamp(dot(_1597,
	0x20, 0x5f, 0x33, 0x33, 0x34, 0x33, 0x29, 0x2c, 0x20, 0x30, 0x2e, 0x30, 0x2c, 0x20, 0x31, 0x2e, //  _3343), 0.0, 1.
	0x30, 0x29, 0x2c, 0x20, 0x39, 0x2e, 0x39, 0x39, 0x39, 0x39, 0x39, 0x39, 0x39, 0x37, 0x34, 0x37, // 0), 9.9999999747
	0x35, 0x32, 0x34, 0x32, 0x37, 0x30, 0x37, 0x38, 0x37, 0x38, 0x33, 0x35, 0x31, 0x32, 0x31, 0x31, // 5242707878351211
	0x35, 0x34, 0x37, 0x38, 0x35, 0x65, 0x2d, 0x30, 0x37, 0x29, 0x3b, 0x0a, 0x20, 0x20, 0x20, 0x20, // 54785e-07);.
	0x20, 0x20, 0x20, 0x20, 0x20, 0x20, 0x20, 0x20, 0x66, 0x6c, 0x6f, 0x61, 0x74, 0x20, 0x5f, 0x32, //         float _2
	0x38, 0x38, 0x37, 0x20, 0x3d, 0x20, 0x66, 0x61, 0x73, 0x74, 0x3a, 0x3a, 0x63, 0x6c, 0x61, 0x6d, // 887 = fast::clam
	0x70, 0x28, 0x64, 0x6f, 0x74, 0x28, 0x5f, 0x31, 0x35, 0x39, 0x37, 0x2c, 0x20, 0x5f, 0x33, 0x33, // p(dot(_1597, _33
	0x35, 0x32, 0x29, 0x2c, 0x20, 0x30, 0x2e, 0x30, 0x2c, 0x20, 0x31, 0x2e, 0x30, 0x29, 0x3b, 0x0a, // 52), 0.0, 1.0);.
	0x20, 0x20, 0x20, 0x20, 0x20, 0x20, 0x20, 0x20, 0x20, 0x20, 0x20, 0x20, 0x66, 0x6c, 0x6f, 0x61, //             floa
	0x74, 0x20, 0x5f, 0x32, 0x38, 0x39, 0x31, 0x20, 0x3d, 0x20, 0x66, 0x61, 0x73, 0x74, 0x3a, 0x3a, // t _2891 = fast::
	0x63, 0x6c, 0x61, 0x6d, 0x70, 0x28, 0x64, 0x6f, 0x74, 0x28, 0x5f, 0x33, 0x33, 0x35, 0x32, 0x2c, // clamp(dot(_3352,
	0x20, 0x5f, 0x33, 0x33, 0x34, 0x33, 0x29, 0x2c, 0x20, 0x30, 0x2e, 0x30, 0x2c, 0x20, 0x31, 0x2e, //  _3343), 0.0, 1.
	0x30, 0x29, 0x3b, 0x0a, 0x20, 0x20, 0x20, 0x20, 0x20, 0x20, 0x20, 0x20, 0x20, 0x20, 0x20, 0x20, // 0);.
	0x66, 0x6c, 0x6f, 0x61, 0x74, 0x33, 0x20, 0x5f, 0x32, 0x39, 0x30, 0x32, 0x20, 0x3d, 0x20, 0x5f, // float3 _2902 = _
	0x31, 0x36, 0x33, 0x37, 0x20, 0x2b, 0x20, 0x28, 0x28, 0x5f, 0x31, 0x39, 0x32, 0x35, 0x20, 0x2d, // 1637 + ((_1925 -
	0x20, 0x5f, 0x31, 0x36, 0x33, 0x37, 0x29, 0x20, 0x2a, 0x20, 0x70, 0x6f, 0x77, 0x72, 0x28, 0x31, //  _1637) * powr(1
	0x2e, 0x30, 0x20, 0x2d, 0x20, 0x5f, 0x32, 0x38, 0x39, 0x31, 0x2c, 0x20, 0x35, 0x2e, 0x30, 0x29, // .0 - _2891, 5.0)
	0x29, 0x3b, 0x0a, 0x20, 0x20, 0x20, 0x20, 0x20, 0x20, 0x20, 0x20, 0x20, 0x20, 0x20, 0x20, 0x66, // );.            f
	0x6c, 0x6f, 0x61, 0x74, 0x20, 0x5f, 0x32, 0x39, 0x33, 0x31, 0x20, 0x3d, 0x20, 0x5f, 0x31, 0x36, // loat _2931 = _16
	0x31, 0x36, 0x20, 0x2a, 0x20, 0x5f, 0x31, 0x36, 0x31, 0x36, 0x3b, 0x0a, 0x20, 0x20, 0x20, 0x20, // 16 * _1616;.
	0x20, 0x20, 0x20, 0x20, 0x20, 0x20, 0x20, 0x20, 0x66, 0x6c, 0x6f, 0x61, 0x74, 0x20, 0x5f, 0x32, //         float _2
	0x39, 0x33, 0x34, 0x20, 0x3d, 0x20, 0x5f, 0x32, 0x39, 0x33, 0x31, 0x20, 0x2a, 0x20, 0x5f, 0x32, // 934 = _2931 * _2
	0x39, 0x33, 0x31, 0x3b, 0x0a, 0x20, 0x20, 0x20, 0x20, 0x20, 0x20, 0x20, 0x20, 0x20, 0x20, 0x20, // 931;.
	0x20, 0x66, 0x6c, 0x6f, 0x61, 0x74, 0x20, 0x5f, 0x32, 0x39, 0x34, 0x31, 0x20, 0x3d, 0x20, 0x28, //  float _2941 = (
	0x28, 0x5f, 0x32, 0x38, 0x38, 0x37, 0x20, 0x2a, 0x20, 0x5f, 0x32, 0x38, 0x38, 0x37, 0x29, 0x20, // (_2887 * _2887)
	0x2a, 0x20, 0x28, 0x5f, 0x32, 0x39, 0x33, 0x34, 0x20, 0x2d, 0x20, 0x31, 0x2e, 0x30, 0x29, 0x29, // * (_2934 - 1.0))
	0x20, 0x2b, 0x20, 0x31, 0x2e, 0x30, 0x3b, 0x0a, 0x20, 0x20, 0x20, 0x20, 0x20, 0x20, 0x20, 0x20, //  + 1.0;.
	0x20, 0x20, 0x20, 0x20, 0x66, 0x6c, 0x6f, 0x61, 0x74, 0x20, 0x5f, 0x32, 0x39, 0x35, 0x34, 0x20, //     float _2954
	0x3d, 0x20, 0x5f, 0x31, 0x36, 0x31, 0x36, 0x20, 0x2b, 0x20, 0x31, 0x2e, 0x30, 0x3b, 0x0a, 0x20, // = _1616 + 1.0;.
	0x20, 0x20, 0x20, 0x20, 0x20, 0x20, 0x20, 0x20, 0x20, 0x20, 0x20, 0x66, 0x6c, 0x6f, 0x61, 0x74, //            float
	0x20, 0x5f, 0x32, 0x39, 0x35, 0x38, 0x20, 0x3d, 0x20, 0x28, 0x5f, 0x32, 0x39, 0x35, 0x34, 0x20, //  _2958 = (_2954
	0x2a, 0x20, 0x5f, 0x32, 0x39, 0x35, 0x34, 0x29, 0x20, 0x2a, 0x20, 0x30, 0x2e, 0x31, 0x32, 0x35, // * _2954) * 0.125
	0x3b, 0x0a, 0x20, 0x20, 0x20, 0x20, 0x20, 0x20, 0x20, 0x20, 0x20, 0x20, 0x20, 0x20, 0x66, 0x6c, // ;.            fl
	0x6f, 0x61, 0x74, 0x20, 0x5f, 0x32, 0x39, 0x37, 0x33, 0x20, 0x3d, 0x20, 0x5f, 0x31, 0x36, 0x31, // oat _2973 = _161
	0x36, 0x20, 0x2b, 0x20, 0x31, 0x2e, 0x30, 0x3b, 0x0a, 0x20, 0x20, 0x20, 0x20, 0x20, 0x20, 0x20, // 6 + 1.0;.
	0x20, 0x20, 0x20, 0x20, 0x20, 0x66, 0x6c, 0x6f, 0x61, 0x74, 0x20, 0x5f, 0x32, 0x39, 0x37, 0x37, //      float _2977
	0x20, 0x3d, 0x20, 0x28, 0x5f, 0x32, 0x39, 0x37, 0x33, 0x20, 0x2a, 0x20, 0x5f, 0x32, 0x39, 0x37, //  = (_2973 * _297
	0x33, 0x29, 0x20, 0x2a, 0x20, 0x30, 0x2e, 0x31, 0x32, 0x35, 0x3b, 0x0a, 0x20, 0x20, 0x20, 0x20, // 3) * 0.125;.
	0x20, 0x20, 0x20, 0x20, 0x20, 0x20, 0x20, 0x20, 0x66, 0x6c, 0x6f, 0x61, 0x74, 0x33, 0x20, 0x5f, //         float3 _
	0x31, 0x37, 0x33, 0x32, 0x20, 0x3d, 0x20, 0x5f, 0x33, 0x33, 0x34, 0x39, 0x20, 0x2b, 0x20, 0x28, // 1732 = _3349 + (
	0x28, 0x28, 0x28, 0x28, 0x28, 0x66, 0x6c, 0x6f, 0x61, 0x74, 0x33, 0x28, 0x31, 0x2e, 0x30, 0x20, // (((((float3(1.0
	0x2d, 0x20, 0x66, 0x61, 0x73, 0x74, 0x3a, 0x3a, 0x6d, 0x61, 0x78, 0x28, 0x5f, 0x32, 0x39, 0x30, // - fast::max(_290
	0x32, 0x2e, 0x78, 0x2c, 0x20, 0x66, 0x61, 0x73, 0x74, 0x3a, 0x3a, 0x6d, 0x61, 0x78, 0x28, 0x5f, // 2.x, fast::max(_
	0x32, 0x39, 0x30, 0x32, 0x2e, 0x79, 0x2c, 0x20, 0x5f, 0x32, 0x39, 0x30, 0x32, 0x2e, 0x7a, 0x29, // 2902.y, _2902.z)
	0x29, 0x29, 0x20, 0x2a, 0x20, 0x28, 0x31, 0x2e, 0x30, 0x20, 0x2d, 0x20, 0x5f, 0x31, 0x39, 0x30, // )) * (1.0 - _190
	0x39, 0x29, 0x29, 0x20, 0x2a, 0x20, 0x5f, 0x31, 0x37, 0x32, 0x35, 0x29, 0x20, 0x2a, 0x20, 0x66, // 9)) * _1725) * f
	0x6c, 0x6f, 0x61, 0x74, 0x33, 0x28, 0x30, 0x2e, 0x33, 0x31, 0x38, 0x33, 0x30, 0x39, 0x38, 0x37, // loat3(0.31830987
	0x33, 0x33, 0x34, 0x32, 0x35, 0x31, 0x34, 0x30, 0x33, 0x38, 0x30, 0x38, 0x35, 0x39, 0x33, 0x37, // 3342514038085937
	0x35, 0x29, 0x29, 0x20, 0x2b, 0x20, 0x28, 0x28, 0x6d, 0x69, 0x78, 0x28, 0x5f, 0x32, 0x39, 0x30, // 5)) + ((mix(_290
	0x32, 0x2c, 0x20, 0x5f, 0x31, 0x37, 0x32, 0x35, 0x20, 0x2b, 0x20, 0x28, 0x28, 0x66, 0x6c, 0x6f, // 2, _1725 + ((flo
	0x61, 0x74, 0x33, 0x28, 0x31, 0x2e, 0x30, 0x29, 0x20, 0x2d, 0x20, 0x5f, 0x31, 0x37, 0x32, 0x35, // at3(1.0) - _1725
	0x29, 0x20, 0x2a, 0x20, 0x70, 0x6f, 0x77, 0x72, 0x28, 0x31, 0x2e, 0x30, 0x20, 0x2d, 0x20, 0x5f, // ) * powr(1.0 - _
	0x32, 0x38, 0x39, 0x31, 0x2c, 0x20, 0x35, 0x2e, 0x30, 0x29, 0x29, 0x2c, 0x20, 0x66, 0x6c, 0x6f, // 2891, 5.0)), flo
	0x61, 0x74, 0x33, 0x28, 0x5f, 0x31, 0x39, 0x30, 0x39, 0x29, 0x29, 0x20, 0x2a, 0x20, 0x28, 0x28, // at3(_1909)) * ((
	0x5f, 0x32, 0x39, 0x33, 0x34, 0x20, 0x2f, 0x20, 0x66, 0x61, 0x73, 0x74, 0x3a, 0x3a, 0x6d, 0x61, // _2934 / fast::ma
	0x78, 0x28, 0x28, 0x33, 0x2e, 0x31, 0x34, 0x31, 0x35, 0x39, 0x32, 0x37, 0x34, 0x31, 0x30, 0x31, // x((3.14159274101
	0x32, 0x35, 0x37, 0x33, 0x32, 0x34, 0x32, 0x31, 0x38, 0x37, 0x35, 0x20, 0x2a, 0x20, 0x5f, 0x32, // 25732421875 * _2
	0x39, 0x34, 0x31, 0x29, 0x20, 0x2a, 0x20, 0x5f, 0x32, 0x39, 0x34, 0x31, 0x2c, 0x20, 0x39, 0x2e, // 941) * _2941, 9.
	0x39, 0x39, 0x39, 0x39, 0x39, 0x39, 0x39, 0x37, 0x34, 0x37, 0x35, 0x32, 0x34, 0x32, 0x37, 0x30, // 9999999747524270
	0x37, 0x38, 0x37, 0x38, 0x33, 0x35, 0x31, 0x32, 0x31, 0x31, 0x35, 0x34, 0x37, 0x38, 0x35, 0x65, // 787835121154785e
	0x2d, 0x30, 0x37, 0x29, 0x29, 0x20, 0x2a, 0x20, 0x28, 0x28, 0x5f, 0x32, 0x37, 0x39, 0x30, 0x20, // -07)) * ((_2790
	0x2f, 0x20, 0x66, 0x61, 0x73, 0x74, 0x3a, 0x3a, 0x6d, 0x61, 0x78, 0x28, 0x28, 0x5f, 0x32, 0x37, // / fast::max((_27
	0x39, 0x30, 0x20, 0x2a, 0x20, 0x28, 0x31, 0x2e, 0x30, 0x20, 0x2d, 0x20, 0x5f, 0x32, 0x39, 0x35, // 90 * (1.0 - _295
	0x38, 0x29, 0x29, 0x20, 0x2b, 0x20, 0x5f, 0x32, 0x39, 0x35, 0x38, 0x2c, 0x20, 0x39, 0x2e, 0x39, // 8)) + _2958, 9.9
	0x39, 0x39, 0x39, 0x39, 0x39, 0x39, 0x37, 0x34, 0x37, 0x35, 0x32, 0x34, 0x32, 0x37, 0x30, 0x37, // 9999997475242707
	0x38, 0x37, 0x38, 0x33, 0x35, 0x31, 0x32, 0x31, 0x31, 0x35, 0x34, 0x37, 0x38, 0x35, 0x65, 0x2d, // 87835121154785e-
	0x30, 0x37, 0x29, 0x29, 0x20, 0x2a, 0x20, 0x28, 0x5f, 0x32, 0x38, 0x37, 0x39, 0x20, 0x2f, 0x20, // 07)) * (_2879 /
	0x66, 0x61, 0x73, 0x74, 0x3a, 0x3a, 0x6d, 0x61, 0x78, 0x28, 0x28, 0x5f, 0x32, 0x38, 0x37, 0x39, // fast::max((_2879
	0x20, 0x2a, 0x20, 0x28, 0x31, 0x2e, 0x30, 0x20, 0x2d, 0x20, 0x5f, 0x32, 0x39, 0x37, 0x37, 0x29, //  * (1.0 - _2977)
	0x29, 0x20, 0x2b, 0x20, 0x5f, 0x32, 0x39, 0x37, 0x37, 0x2c, 0x20, 0x39, 0x2e, 0x39, 0x39, 0x39, // ) + _2977, 9.999
	0x39, 0x39, 0x39, 0x39, 0x37, 0x34, 0x37, 0x35, 0x32, 0x34, 0x32, 0x37, 0x30, 0x37, 0x38, 0x37, // 9999747524270787
	0x38, 0x33, 0x35, 0x31, 0x32, 0x31, 0x31, 0x35, 0x34, 0x37, 0x38, 0x35, 0x65, 0x2d, 0x30, 0x37, // 835121154785e-07
	0x29, 0x29, 0x29, 0x29, 0x29, 0x20, 0x2f, 0x20, 0x66, 0x6c, 0x6f, 0x61, 0x74, 0x33, 0x28, 0x66, // ))))) / float3(f
	0x61, 0x73, 0x74, 0x3a, 0x3a, 0x6d, 0x61, 0x78, 0x28, 0x28, 0x34, 0x2e, 0x30, 0x20, 0x2a, 0x20, // ast::max((4.0 *
	0x5f, 0x32, 0x37, 0x39, 0x30, 0x29, 0x20, 0x2a, 0x20, 0x5f, 0x32, 0x38, 0x37, 0x39, 0x2c, 0x20, // _2790) * _2879,
	0x39, 0x2e, 0x39, 0x39, 0x39, 0x39, 0x39, 0x39, 0x39, 0x37, 0x34, 0x37, 0x35, 0x32, 0x34, 0x32, // 9.99999997475242
	0x37, 0x30, 0x37, 0x38, 0x37, 0x38, 0x33, 0x35, 0x31, 0x32, 0x31, 0x31, 0x35, 0x34, 0x37, 0x38, // 7078783512115478
	0x35, 0x65, 0x2d, 0x30, 0x37, 0x29, 0x29, 0x29, 0x29, 0x20, 0x2a, 0x20, 0x5f, 0x32, 0x38, 0x37, // 5e-07)))) * _287
	0x39, 0x29, 0x20, 0x2a, 0x20, 0x28, 0x28, 0x5f, 0x6d, 0x74, 0x6c, 0x5f, 0x75, 0x2e, 0x75, 0x5f, // 9) * ((_mtl_u.u_
	0x70, 0x6f, 0x69, 0x6e, 0x74, 0x4c, 0x69, 0x67, 0x68, 0x74, 0x43, 0x6f, 0x6c, 0x6f, 0x72, 0x49, // pointLightColorI
	0x6e, 0x74, 0x65, 0x6e, 0x73, 0x69, 0x74, 0x79, 0x5b, 0x5f, 0x33, 0x33, 0x34, 0x38, 0x5d, 0x2e, // ntensity[_3348].
	0x78, 0x79, 0x7a, 0x20, 0x2a, 0x20, 0x5f, 0x6d, 0x74, 0x6c, 0x5f, 0x75, 0x2e, 0x75, 0x5f, 0x70, // xyz * _mtl_u.u_p
	0x6f, 0x69, 0x6e, 0x74, 0x4c, 0x69, 0x67, 0x68, 0x74, 0x43, 0x6f, 0x6c, 0x6f, 0x72, 0x49, 0x6e, // ointLightColorIn
	0x74, 0x65, 0x6e, 0x73, 0x69, 0x74, 0x79, 0x5b, 0x5f, 0x33, 0x33, 0x34, 0x38, 0x5d, 0x2e, 0x77, // tensity[_3348].w
	0x29, 0x20, 0x2a, 0x20, 0x28, 0x28, 0x5f, 0x32, 0x37, 0x33, 0x38, 0x20, 0x2a, 0x20, 0x5f, 0x32, // ) * ((_2738 * _2
	0x37, 0x33, 0x38, 0x29, 0x20, 0x2f, 0x20, 0x66, 0x61, 0x73, 0x74, 0x3a, 0x3a, 0x6d, 0x61, 0x78, // 738) / fast::max
	0x28, 0x5f, 0x31, 0x36, 0x38, 0x36, 0x20, 0x2a, 0x20, 0x5f, 0x31, 0x36, 0x38, 0x36, 0x2c, 0x20, // (_1686 * _1686,
	0x30, 0x2e, 0x30, 0x30, 0x39, 0x39, 0x39, 0x39, 0x39, 0x39, 0x39, 0x37, 0x37, 0x36, 0x34, 0x38, // 0.00999999977648
	0x32, 0x35, 0x38, 0x32, 0x30, 0x39, 0x32, 0x32, 0x38, 0x35, 0x31, 0x35, 0x36, 0x32, 0x35, 0x29, // 258209228515625)
	0x29, 0x29, 0x29, 0x3b, 0x0a, 0x20, 0x20, 0x20, 0x20, 0x20, 0x20, 0x20, 0x20, 0x20, 0x20, 0x20, // )));.
	0x20, 0x5f, 0x33, 0x33, 0x35, 0x36, 0x20, 0x3d, 0x20, 0x5f, 0x31, 0x37, 0x33, 0x32, 0x3b, 0x0a, //  _3356 = _1732;.
	0x20, 0x20, 0x20, 0x20, 0x20, 0x20, 0x20, 0x20, 0x7d, 0x0a, 0x20, 0x20, 0x20, 0x20, 0x20, 0x20, //         }.
	0x20, 0x20, 0x65, 0x6c, 0x73, 0x65, 0x0a, 0x20, 0x20, 0x20, 0x20, 0x20, 0x20, 0x20, 0x20, 0x7b, //   else.        {
	0x0a, 0x20, 0x20, 0x20, 0x20, 0x20, 0x20, 0x20, 0x20, 0x20, 0x20, 0x20, 0x20, 0x5f, 0x33, 0x33, // .            _33
	0x35, 0x36, 0x20, 0x3d, 0x20, 0x5f, 0x33, 0x33, 0x34, 0x39, 0x3b, 0x0a, 0x20, 0x20, 0x20, 0x20, // 56 = _3349;.
	0x20, 0x20, 0x20, 0x20, 0x7d, 0x0a, 0x20, 0x20, 0x20, 0x20, 0x7d, 0x0a, 0x20, 0x20, 0x20, 0x20, //     }.    }.
	0x66, 0x6c, 0x6f, 0x61, 0x74, 0x33, 0x20, 0x5f, 0x33, 0x30, 0x31, 0x38, 0x20, 0x3d, 0x20, 0x5f, // float3 _3018 = _
	0x31, 0x36, 0x33, 0x37, 0x20, 0x2b, 0x20, 0x28, 0x28, 0x66, 0x61, 0x73, 0x74, 0x3a, 0x3a, 0x6d, // 1637 + ((fast::m
	0x61, 0x78, 0x28, 0x5f, 0x31, 0x39, 0x32, 0x35, 0x20, 0x2a, 0x20, 0x28, 0x31, 0x2e, 0x30, 0x20, // ax(_1925 * (1.0
	0x2d, 0x20, 0x5f, 0x31, 0x36, 0x31, 0x36, 0x29, 0x2c, 0x20, 0x5f, 0x31, 0x36, 0x33, 0x37, 0x29, // - _1616), _1637)
	0x20, 0x2d, 0x20, 0x5f, 0x31, 0x36, 0x33, 0x37, 0x29, 0x20, 0x2a, 0x20, 0x70, 0x6f, 0x77, 0x72, //  - _1637) * powr
	0x28, 0x31, 0x2e, 0x30, 0x20, 0x2d, 0x20, 0x5f, 0x31, 0x36, 0x31, 0x30, 0x2c, 0x20, 0x35, 0x2e, // (1.0 - _1610, 5.
	0x30, 0x29, 0x29, 0x3b, 0x0a, 0x20, 0x20, 0x20, 0x20, 0x66, 0x6c, 0x6f, 0x61, 0x74, 0x33, 0x20, // 0));.    float3
	0x5f, 0x31, 0x37, 0x35, 0x35, 0x20, 0x3d, 0x20, 0x66, 0x6c, 0x6f, 0x61, 0x74, 0x33, 0x28, 0x31, // _1755 = float3(1
	0x2e, 0x30, 0x20, 0x2d, 0x20, 0x66, 0x61, 0x73, 0x74, 0x3a, 0x3a, 0x6d, 0x61, 0x78, 0x28, 0x5f, // .0 - fast::max(_
	0x33, 0x30, 0x31, 0x38, 0x2e, 0x78, 0x2c, 0x20, 0x66, 0x61, 0x73, 0x74, 0x3a, 0x3a, 0x6d, 0x61, // 3018.x, fast::ma
	0x78, 0x28, 0x5f, 0x33, 0x30, 0x31, 0x38, 0x2e, 0x79, 0x2c, 0x20, 0x5f, 0x33, 0x30, 0x31, 0x38, // x(_3018.y, _3018
	0x2e, 0x7a, 0x29, 0x29, 0x29, 0x20, 0x2a, 0x20, 0x28, 0x31, 0x2e, 0x30, 0x20, 0x2d, 0x20, 0x5f, // .z))) * (1.0 - _
	0x31, 0x39, 0x30, 0x39, 0x29, 0x3b, 0x0a, 0x20, 0x20, 0x20, 0x20, 0x66, 0x6c, 0x6f, 0x61, 0x74, // 1909);.    float
	0x33, 0x20, 0x5f, 0x31, 0x38, 0x32, 0x31, 0x20, 0x3d, 0x20, 0x73, 0x5f, 0x70, 0x72, 0x65, 0x66, // 3 _1821 = s_pref
	0x69, 0x6c, 0x74, 0x65, 0x72, 0x2e, 0x73, 0x61, 0x6d, 0x70, 0x6c, 0x65, 0x28, 0x73, 0x5f, 0x70, // ilter.sample(s_p
	0x72, 0x65, 0x66, 0x69, 0x6c, 0x74, 0x65, 0x72, 0x53, 0x61, 0x6d, 0x70, 0x6c, 0x65, 0x72, 0x2c, // refilterSampler,
	0x20, 0x72, 0x65, 0x66, 0x6c, 0x65, 0x63, 0x74, 0x28, 0x2d, 0x5f, 0x33, 0x33, 0x34, 0x33, 0x2c, //  reflect(-_3343,
	0x20, 0x5f, 0x31, 0x35, 0x39, 0x37, 0x29, 0x2c, 0x20, 0x6c, 0x65, 0x76, 0x65, 0x6c, 0x28, 0x5f, //  _1597), level(_
	0x31, 0x36, 0x31, 0x36, 0x20, 0x2a, 0x20, 0x5f, 0x6d, 0x74, 0x6c, 0x5f, 0x75, 0x2e, 0x75, 0x5f, // 1616 * _mtl_u.u_
	0x65, 0x6e, 0x76, 0x53, 0x70, 0x65, 0x63, 0x75, 0x6c, 0x61, 0x72, 0x2e, 0x79, 0x29, 0x29, 0x2e, // envSpecular.y)).
	0x78, 0x79, 0x7a, 0x20, 0x2a, 0x20, 0x5f, 0x6d, 0x74, 0x6c, 0x5f, 0x75, 0x2e, 0x75, 0x5f, 0x65, // xyz * _mtl_u.u_e
	0x6e, 0x76, 0x53, 0x70, 0x65, 0x63, 0x75, 0x6c, 0x61, 0x72, 0x2e, 0x77, 0x3b, 0x0a, 0x20, 0x20, // nvSpecular.w;.
	0x20, 0x20, 0x66, 0x6c, 0x6f, 0x61, 0x74, 0x34, 0x20, 0x5f, 0x33, 0x30, 0x38, 0x38, 0x20, 0x3d, //   float4 _3088 =
	0x20, 0x28, 0x66, 0x6c, 0x6f, 0x61, 0x74, 0x34, 0x28, 0x2d, 0x31, 0x2e, 0x30, 0x2c, 0x20, 0x2d, //  (float4(-1.0, -
	0x30, 0x2e, 0x30, 0x32, 0x37, 0x34, 0x39, 0x39, 0x39, 0x39, 0x39, 0x38, 0x35, 0x30, 0x39, 0x38, // 0.02749999985098
	0x38, 0x33, 0x38, 0x38, 0x30, 0x36, 0x31, 0x35, 0x32, 0x33, 0x34, 0x33, 0x37, 0x35, 0x2c, 0x20, // 83880615234375,
	0x2d, 0x30, 0x2e, 0x35, 0x37, 0x32, 0x30, 0x30, 0x30, 0x30, 0x32, 0x36, 0x37, 0x30, 0x32, 0x38, // -0.5720000267028
	0x38, 0x30, 0x38, 0x35, 0x39, 0x33, 0x37, 0x35, 0x2c, 0x20, 0x30, 0x2e, 0x30, 0x32, 0x31, 0x39, // 80859375, 0.0219
	0x39, 0x39, 0x39, 0x39, 0x39, 0x38, 0x38, 0x30, 0x37, 0x39, 0x30, 0x37, 0x31, 0x30, 0x34, 0x34, // 9999988079071044
	0x39, 0x32, 0x31, 0x38, 0x37, 0x35, 0x29, 0x20, 0x2a, 0x20, 0x5f, 0x31, 0x36, 0x31, 0x36, 0x29, // 921875) * _1616)
	0x20, 0x2b, 0x20, 0x66, 0x6c, 0x6f, 0x61, 0x74, 0x34, 0x28, 0x31, 0x2e, 0x30, 0x2c, 0x20, 0x30, //  + float4(1.0, 0
	0x2e, 0x30, 0x34, 0x32, 0x35, 0x30, 0x30, 0x30, 0x30, 0x30, 0x34, 0x34, 0x37, 0x30, 0x33, 0x34, // .042500000447034
	0x38, 0x33, 0x35, 0x38, 0x31, 0x35, 0x34, 0x32, 0x39, 0x36, 0x38, 0x37, 0x35, 0x2c, 0x20, 0x31, // 8358154296875, 1
	0x2e, 0x30, 0x33, 0x39, 0x39, 0x39, 0x39, 0x39, 0x36, 0x31, 0x38, 0x35, 0x33, 0x30, 0x32, 0x37, // .039999961853027
	0x33, 0x34, 0x33, 0x37, 0x35, 0x2c, 0x20, 0x2d, 0x30, 0x2e, 0x30, 0x33, 0x39, 0x39, 0x39, 0x39, // 34375, -0.039999
	0x39, 0x39, 0x39, 0x31, 0x30, 0x35, 0x39, 0x33, 0x30, 0x33, 0x32, 0x38, 0x33, 0x36, 0x39, 0x31, // 9991059303283691
	0x34, 0x30, 0x36, 0x32, 0x35, 0x29, 0x3b, 0x0a, 0x20, 0x20, 0x20, 0x20, 0x66, 0x6c, 0x6f, 0x61, // 40625);.    floa
	0x74, 0x32, 0x20, 0x5f, 0x33, 0x31, 0x30, 0x38, 0x20, 0x3d, 0x20, 0x28, 0x66, 0x6c, 0x6f, 0x61, // t2 _3108 = (floa
	0x74, 0x32, 0x28, 0x2d, 0x31, 0x2e, 0x30, 0x33, 0x39, 0x39, 0x39, 0x39, 0x39, 0x36, 0x31, 0x38, // t2(-1.0399999618
	0x35, 0x33, 0x30, 0x32, 0x37, 0x33, 0x34, 0x33, 0x37, 0x35, 0x2c, 0x20, 0x31, 0x2e, 0x30, 0x33, // 5302734375, 1.03
	0x39, 0x39, 0x39, 0x39, 0x39, 0x36, 0x31, 0x38, 0x35, 0x33, 0x30, 0x32, 0x37, 0x33, 0x34, 0x33, // 9999961853027343
	0x37, 0x35, 0x29, 0x20, 0x2a, 0x20, 0x28, 0x28, 0x66, 0x61, 0x73, 0x74, 0x3a, 0x3a, 0x6d, 0x69, // 75) * ((fast::mi
	0x6e, 0x28, 0x5f, 0x33, 0x30, 0x38, 0x38, 0x2e, 0x78, 0x20, 0x2a, 0x20, 0x5f, 0x33, 0x30, 0x38, // n(_3088.x * _308
	0x38, 0x2e, 0x78, 0x2c, 0x20, 0x65, 0x78, 0x70, 0x32, 0x28, 0x28, 0x2d, 0x39, 0x2e, 0x32, 0x37, // 8.x, exp2((-9.27
	0x39, 0x39, 0x39, 0x39, 0x37, 0x33, 0x32, 0x39, 0x37, 0x31, 0x31, 0x39, 0x31, 0x34, 0x30, 0x36, // 9999732971191406
	0x32, 0x35, 0x29, 0x20, 0x2a, 0x20, 0x5f, 0x31, 0x36, 0x31, 0x30, 0x29, 0x29, 0x20, 0x2a, 0x20, // 25) * _1610)) *
	0x5f, 0x33, 0x30, 0x38, 0x38, 0x2e, 0x78, 0x29, 0x20, 0x2b, 0x20, 0x5f, 0x33, 0x30, 0x38, 0x38, // _3088.x) + _3088
	0x2e, 0x79, 0x29, 0x29, 0x20, 0x2b, 0x20, 0x5f, 0x33, 0x30, 0x38, 0x38, 0x2e, 0x7a, 0x77, 0x3b, // .y)) + _3088.zw;
	0x0a, 0x20, 0x20, 0x20, 0x20, 0x66, 0x6c, 0x6f, 0x61, 0x74, 0x33, 0x20, 0x5f, 0x31, 0x38, 0x36, // .    float3 _186
	0x32, 0x20, 0x3d, 0x20, 0x28, 0x28, 0x28, 0x28, 0x28, 0x28, 0x5f, 0x31, 0x37, 0x35, 0x35, 0x20, // 2 = ((((((_1755
	0x2a, 0x20, 0x5f, 0x31, 0x35, 0x37, 0x39, 0x2e, 0x78, 0x79, 0x7a, 0x29, 0x20, 0x2a, 0x20, 0x28, // * _1579.xyz) * (
	0x73, 0x5f, 0x69, 0x72, 0x72, 0x61, 0x64, 0x69, 0x61, 0x6e, 0x63, 0x65, 0x2e, 0x73, 0x61, 0x6d, // s_irradiance.sam
	0x70, 0x6c, 0x65, 0x28, 0x73, 0x5f, 0x69, 0x72, 0x72, 0x61, 0x64, 0x69, 0x61, 0x6e, 0x63, 0x65, // ple(s_irradiance
	0x53, 0x61, 0x6d, 0x70, 0x6c, 0x65, 0x72, 0x2c, 0x20, 0x5f, 0x31, 0x35, 0x39, 0x37, 0x29, 0x2e, // Sampler, _1597).
	0x78, 0x79, 0x7a, 0x20, 0x2a, 0x20, 0x5f, 0x6d, 0x74, 0x6c, 0x5f, 0x75, 0x2e, 0x75, 0x5f, 0x65, // xyz * _mtl_u.u_e
	0x6e, 0x76, 0x44, 0x69, 0x66, 0x66, 0x75, 0x73, 0x65, 0x2e, 0x77, 0x29, 0x29, 0x20, 0x2a, 0x20, // nvDiffuse.w)) *
	0x66, 0x6c, 0x6f, 0x61, 0x74, 0x33, 0x28, 0x30, 0x2e, 0x33, 0x31, 0x38, 0x33, 0x30, 0x39, 0x38, // float3(0.3183098
	0x37, 0x33, 0x33, 0x34, 0x32, 0x35, 0x31, 0x34, 0x30, 0x33, 0x38, 0x30, 0x38, 0x35, 0x39, 0x33, // 7334251403808593
	0x37, 0x35, 0x29, 0x29, 0x20, 0x2b, 0x20, 0x6d, 0x69, 0x78, 0x28, 0x5f, 0x31, 0x38, 0x32, 0x31, // 75)) + mix(_1821
	0x20, 0x2a, 0x20, 0x28, 0x28, 0x5f, 0x31, 0x36, 0x33, 0x37, 0x20, 0x2a, 0x20, 0x5f, 0x33, 0x31, //  * ((_1637 * _31
	0x30, 0x38, 0x2e, 0x78, 0x29, 0x20, 0x2b, 0x20, 0x28, 0x5f, 0x31, 0x39, 0x32, 0x35, 0x20, 0x2a, // 08.x) + (_1925 *
	0x20, 0x5f, 0x33, 0x31, 0x30, 0x38, 0x2e, 0x79, 0x29, 0x29, 0x2c, 0x20, 0x5f, 0x31, 0x38, 0x32, //  _3108.y)), _182
	0x31, 0x20, 0x2a, 0x20, 0x28, 0x28, 0x5f, 0x31, 0x35, 0x37, 0x39, 0x2e, 0x78, 0x79, 0x7a, 0x20, // 1 * ((_1579.xyz
	0x2a, 0x20, 0x5f, 0x33, 0x31, 0x30, 0x38, 0x2e, 0x78, 0x29, 0x20, 0x2b, 0x20, 0x66, 0x6c, 0x6f, // * _3108.x) + flo
	0x61, 0x74, 0x33, 0x28, 0x5f, 0x33, 0x31, 0x30, 0x38, 0x2e, 0x79, 0x29, 0x29, 0x2c, 0x20, 0x66, // at3(_3108.y)), f
	0x6c, 0x6f, 0x61, 0x74, 0x33, 0x28, 0x5f, 0x31, 0x39, 0x30, 0x39, 0x29, 0x29, 0x29, 0x20, 0x2b, // loat3(_1909))) +
	0x20, 0x28, 0x5f, 0x33, 0x33, 0x34, 0x39, 0x20, 0x2b, 0x20, 0x28, 0x28, 0x28, 0x5f, 0x31, 0x37, //  (_3349 + (((_17
	0x35, 0x35, 0x20, 0x2a, 0x20, 0x5f, 0x31, 0x35, 0x37, 0x39, 0x2e, 0x78, 0x79, 0x7a, 0x29, 0x20, // 55 * _1579.xyz)
	0x2a, 0x20, 0x66, 0x61, 0x73, 0x74, 0x3a, 0x3a, 0x6d, 0x61, 0x78, 0x28, 0x28, 0x28, 0x5f, 0x6d, // * fast::max(((_m
	0x74, 0x6c, 0x5f, 0x75, 0x2e, 0x75, 0x5f, 0x6f, 0x76, 0x65, 0x72, 0x66, 0x6c, 0x6f, 0x77, 0x4c, // tl_u.u_overflowL
	0x69, 0x67, 0x68, 0x74, 0x53, 0x48, 0x5b, 0x30, 0x5d, 0x2e, 0x78, 0x79, 0x7a, 0x20, 0x2b, 0x20, // ightSH[0].xyz +
	0x28, 0x5f, 0x6d, 0x74, 0x6c, 0x5f, 0x75, 0x2e, 0x75, 0x5f, 0x6f, 0x76, 0x65, 0x72, 0x66, 0x6c, // (_mtl_u.u_overfl
	0x6f, 0x77, 0x4c, 0x69, 0x67, 0x68, 0x74, 0x53, 0x48, 0x5b, 0x31, 0x5d, 0x2e, 0x78, 0x79, 0x7a, // owLightSH[1].xyz
	0x20, 0x2a, 0x20, 0x5f, 0x31, 0x35, 0x39, 0x37, 0x2e, 0x78, 0x29, 0x29, 0x20, 0x2b, 0x20, 0x28, //  * _1597.x)) + (
	0x5f, 0x6d, 0x74, 0x6c, 0x5f, 0x75, 0x2e, 0x75, 0x5f, 0x6f, 0x76, 0x65, 0x72, 0x66, 0x6c, 0x6f, // _mtl_u.u_overflo
	0x77, 0x4c, 0x69, 0x67, 0x68, 0x74, 0x53, 0x48, 0x5b, 0x32, 0x5d, 0x2e, 0x78, 0x79, 0x7a, 0x20, // wLightSH[2].xyz
	0x2a, 0x20, 0x5f, 0x31, 0x35, 0x39, 0x37, 0x2e, 0x79, 0x29, 0x29, 0x20, 0x2b, 0x20, 0x28, 0x5f, // * _1597.y)) + (_
	0x6d, 0x74, 0x6c, 0x5f, 0x75, 0x2e, 0x75, 0x5f, 0x6f, 0x76, 0x65, 0x72, 0x66, 0x6c, 0x6f, 0x77, // mtl_u.u_overflow
	0x4c, 0x69, 0x67, 0x68, 0x74, 0x53, 0x48, 0x5b, 0x33, 0x5d, 0x2e, 0x78, 0x79, 0x7a, 0x20, 0x2a, // LightSH[3].xyz *
	0x20, 0x5f, 0x31, 0x35, 0x39, 0x37, 0x2e, 0x7a, 0x29, 0x2c, 0x20, 0x66, 0x6c, 0x6f, 0x61, 0x74, //  _1597.z), float
	0x33, 0x28, 0x30, 0x2e, 0x30, 0x29, 0x29, 0x29, 0x20, 0x2a, 0x20, 0x66, 0x6c, 0x6f, 0x61, 0x74, // 3(0.0))) * float
	0x33, 0x28, 0x30, 0x2e, 0x33, 0x31, 0x38, 0x33, 0x30, 0x39, 0x38, 0x37, 0x33, 0x33, 0x34, 0x32, // 3(0.318309873342
	0x35, 0x31, 0x34, 0x30, 0x33, 0x38, 0x30, 0x38, 0x35, 0x39, 0x33, 0x37, 0x35, 0x29, 0x29, 0x29, // 5140380859375)))
	0x29, 0x20, 0x2b, 0x20, 0x5f, 0x6d, 0x74, 0x6c, 0x5f, 0x75, 0x2e, 0x75, 0x5f, 0x65, 0x6d, 0x69, // ) + _mtl_u.u_emi
	0x73, 0x73, 0x69, 0x76, 0x65, 0x46, 0x61, 0x63, 0x74, 0x6f, 0x72, 0x2e, 0x78, 0x79, 0x7a, 0x29, // ssiveFactor.xyz)
	0x20, 0x2a, 0x20, 0x5f, 0x6d, 0x74, 0x6c, 0x5f, 0x75, 0x2e, 0x75, 0x5f, 0x70, 0x62, 0x72, 0x50, //  * _mtl_u.u_pbrP
	0x61, 0x72, 0x61, 0x6d, 0x73, 0x2e, 0x78, 0x3b, 0x0a, 0x20, 0x20, 0x20, 0x20, 0x66, 0x6c, 0x6f, // arams.x;.    flo
	0x61, 0x74, 0x33, 0x20, 0x5f, 0x33, 0x33, 0x35, 0x31, 0x3b, 0x0a, 0x20, 0x20, 0x20, 0x20, 0x64, // at3 _3351;.    d
	0x6f, 0x0a, 0x20, 0x20, 0x20, 0x20, 0x7b, 0x0a, 0x20, 0x20, 0x20, 0x20, 0x20, 0x20, 0x20, 0x20, // o.    {.
	0x66, 0x6c, 0x6f, 0x61, 0x74, 0x20, 0x5f, 0x33, 0x31, 0x34, 0x31, 0x20, 0x3d, 0x20, 0x66, 0x61, // float _3141 = fa
	0x73, 0x74, 0x3a, 0x3a, 0x6d, 0x69, 0x6e, 0x28, 0x5f, 0x31, 0x38, 0x36, 0x32, 0x2e, 0x78, 0x2c, // st::min(_1862.x,
	0x20, 0x66, 0x61, 0x73, 0x74, 0x3a, 0x3a, 0x6d, 0x69, 0x6e, 0x28, 0x5f, 0x31, 0x38, 0x36, 0x32, //  fast::min(_1862
	0x2e, 0x79, 0x2c, 0x20, 0x5f, 0x31, 0x38, 0x36, 0x32, 0x2e, 0x7a, 0x29, 0x29, 0x3b, 0x0a, 0x20, // .y, _1862.z));.
	0x20, 0x20, 0x20, 0x20, 0x20, 0x20, 0x20, 0x66, 0x6c, 0x6f, 0x61, 0x74, 0x33, 0x20, 0x5f, 0x33, //        float3 _3
	0x31, 0x35, 0x34, 0x20, 0x3d, 0x20, 0x5f, 0x31, 0x38, 0x36, 0x32, 0x20, 0x2d, 0x20, 0x66, 0x6c, // 154 = _1862 - fl
	0x6f, 0x61, 0x74, 0x33, 0x28, 0x28, 0x5f, 0x33, 0x31, 0x34, 0x31, 0x20, 0x3c, 0x20, 0x30, 0x2e, // oat3((_3141 < 0.
	0x30, 0x37, 0x39, 0x39, 0x39, 0x39, 0x39, 0x39, 0x38, 0x32, 0x31, 0x31, 0x38, 0x36, 0x30, 0x36, // 0799999982118606
	0x35, 0x36, 0x37, 0x33, 0x38, 0x32, 0x38, 0x31, 0x32, 0x35, 0x29, 0x20, 0x3f, 0x20, 0x28, 0x5f, // 5673828125) ? (_
	0x33, 0x31, 0x34, 0x31, 0x20, 0x2d, 0x20, 0x28, 0x28, 0x36, 0x2e, 0x32, 0x35, 0x20, 0x2a, 0x20, // 3141 - ((6.25 *
	0x5f, 0x33, 0x31, 0x34, 0x31, 0x29, 0x20, 0x2a, 0x20, 0x5f, 0x33, 0x31, 0x34, 0x31, 0x29, 0x29, // _3141) * _3141))
	0x20, 0x3a, 0x20, 0x30, 0x2e, 0x30, 0x33, 0x39, 0x39, 0x39, 0x39, 0x39, 0x39, 0x39, 0x31, 0x30, //  : 0.03999999910
	0x35, 0x39, 0x33, 0x30, 0x33, 0x32, 0x38, 0x33, 0x36, 0x39, 0x31, 0x34, 0x30, 0x36, 0x32, 0x35, // 5930328369140625
	0x29, 0x3b, 0x0a, 0x20, 0x20, 0x20, 0x20, 0x20, 0x20, 0x20, 0x20, 0x66, 0x6c, 0x6f, 0x61, 0x74, // );.        float
	0x20, 0x5f, 0x33, 0x31, 0x36, 0x32, 0x20, 0x3d, 0x20, 0x66, 0x61, 0x73, 0x74, 0x3a, 0x3a, 0x6d, //  _3162 = fast::m
	0x61, 0x78, 0x28, 0x5f, 0x33, 0x31, 0x35, 0x34, 0x2e, 0x78, 0x2c, 0x20, 0x66, 0x61, 0x73, 0x74, // ax(_3154.x, fast
	0x3a, 0x3a, 0x6d, 0x61, 0x78, 0x28, 0x5f, 0x33, 0x31, 0x35, 0x34, 0x2e, 0x79, 0x2c, 0x20, 0x5f, // ::max(_3154.y, _
	0x33, 0x31, 0x35, 0x34, 0x2e, 0x7a, 0x29, 0x29, 0x3b, 0x0a, 0x20, 0x20, 0x20, 0x20, 0x20, 0x20, // 3154.z));.
	0x20, 0x20, 0x69, 0x66, 0x20, 0x28, 0x5f, 0x33, 0x31, 0x36, 0x32, 0x20, 0x3c, 0x20, 0x30, 0x2e, //   if (_3162 < 0.
	0x37, 0x35, 0x39, 0x39, 0x39, 0x39, 0x39, 0x39, 0x30, 0x34, 0x36, 0x33, 0x32, 0x35, 0x36, 0x38, // 7599999904632568
	0x33, 0x35, 0x39, 0x33, 0x37, 0x35, 0x29, 0x0a, 0x20, 0x20, 0x20, 0x20, 0x20, 0x20, 0x20, 0x20, // 359375).
	0x7b, 0x0a, 0x20, 0x20, 0x20, 0x20, 0x20, 0x20, 0x20, 0x20, 0x20, 0x20, 0x20, 0x20, 0x5f, 0x33, // {.            _3
	0x33, 0x35, 0x31, 0x20, 0x3d, 0x20, 0x5f, 0x33, 0x31, 0x35, 0x34, 0x3b, 0x0a, 0x20, 0x20, 0x20, // 351 = _3154;.
	0x20, 0x20, 0x20, 0x20, 0x20, 0x20, 0x20, 0x20, 0x20, 0x62, 0x72, 0x65, 0x61, 0x6b, 0x3b, 0x0a, //          break;.
	0x20, 0x20, 0x20, 0x20, 0x20, 0x20, 0x20, 0x20, 0x7d, 0x0a, 0x20, 0x20, 0x20, 0x20, 0x20, 0x20, //         }.
	0x20, 0x20, 0x66, 0x6c, 0x6f, 0x61, 0x74, 0x20, 0x5f, 0x33, 0x31, 0x37, 0x36, 0x20, 0x3d, 0x20, //   float _3176 =
	0x31, 0x2e, 0x30, 0x20, 0x2d, 0x20, 0x28, 0x30, 0x2e, 0x30, 0x35, 0x37, 0x35, 0x39, 0x39, 0x39, // 1.0 - (0.0575999
	0x39, 0x39, 0x30, 0x31, 0x30, 0x35, 0x36, 0x32, 0x38, 0x39, 0x36, 0x37, 0x32, 0x38, 0x35, 0x31, // 9901056289672851
	0x35, 0x36, 0x32, 0x35, 0x20, 0x2f, 0x20, 0x28, 0x5f, 0x33, 0x31, 0x36, 0x32, 0x20, 0x2b, 0x20, // 5625 / (_3162 +
	0x28, 0x2d, 0x30, 0x2e, 0x35, 0x31, 0x39, 0x39, 0x39, 0x39, 0x39, 0x38, 0x30, 0x39, 0x32, 0x36, // (-0.519999980926
	0x35, 0x31, 0x33, 0x36, 0x37, 0x31, 0x38, 0x37, 0x35, 0x29, 0x29, 0x29, 0x3b, 0x0a, 0x20, 0x20, // 513671875)));.
	0x20, 0x20, 0x20, 0x20, 0x20, 0x20, 0x5f, 0x33, 0x33, 0x35, 0x31, 0x20, 0x3d, 0x20, 0x6d, 0x69, //       _3351 = mi
	0x78, 0x28, 0x5f, 0x33, 0x31, 0x35, 0x34, 0x20, 0x2a, 0x20, 0x28, 0x5f, 0x33, 0x31, 0x37, 0x36, // x(_3154 * (_3176
	0x20, 0x2f, 0x20, 0x5f, 0x33, 0x31, 0x36, 0x32, 0x29, 0x2c, 0x20, 0x66, 0x6c, 0x6f, 0x61, 0x74, //  / _3162), float
	0x33, 0x28, 0x5f, 0x33, 0x31, 0x37, 0x36, 0x29, 0x2c, 0x20, 0x66, 0x6c, 0x6f, 0x61, 0x74, 0x33, // 3(_3176), float3
	0x28, 0x31, 0x2e, 0x30, 0x20, 0x2d, 0x20, 0x28, 0x31, 0x2e, 0x30, 0x20, 0x2f, 0x20, 0x28, 0x28, // (1.0 - (1.0 / ((
	0x30, 0x2e, 0x31, 0x35, 0x30, 0x30, 0x30, 0x30, 0x30, 0x30, 0x35, 0x39, 0x36, 0x30, 0x34, 0x36, // 0.15000000596046
	0x34, 0x34, 0x37, 0x37, 0x35, 0x33, 0x39, 0x30, 0x36, 0x32, 0x35, 0x20, 0x2a, 0x20, 0x28, 0x5f, // 44775390625 * (_
	0x33, 0x31, 0x36, 0x32, 0x20, 0x2d, 0x20, 0x5f, 0x33, 0x31, 0x37, 0x36, 0x29, 0x29, 0x20, 0x2b, // 3162 - _3176)) +
	0x20, 0x31, 0x2e, 0x30, 0x29, 0x29, 0x29, 0x29, 0x3b, 0x0a, 0x20, 0x20, 0x20, 0x20, 0x20, 0x20, //  1.0))));.
	0x20, 0x20, 0x62, 0x72, 0x65, 0x61, 0x6b, 0x3b, 0x0a, 0x20, 0x20, 0x20, 0x20, 0x7d, 0x20, 0x77, //   break;.    } w
	0x68, 0x69, 0x6c, 0x65, 0x28, 0x66, 0x61, 0x6c, 0x73, 0x65, 0x29, 0x3b, 0x0a, 0x20, 0x20, 0x20, // hile(false);.
	0x20, 0x6f, 0x75, 0x74, 0x2e, 0x62, 0x67, 0x66, 0x78, 0x5f, 0x46, 0x72, 0x61, 0x67, 0x44, 0x61, //  out.bgfx_FragDa
	0x74, 0x61, 0x30, 0x20, 0x3d, 0x20, 0x66, 0x6c, 0x6f, 0x61, 0x74, 0x34, 0x28, 0x70, 0x6f, 0x77, // ta0 = float4(pow
	0x72, 0x28, 0x66, 0x61, 0x73, 0x74, 0x3a, 0x3a, 0x6d, 0x61, 0x78, 0x28, 0x5f, 0x33, 0x33, 0x35, // r(fast::max(_335
	0x31, 0x2c, 0x20, 0x66, 0x6c, 0x6f, 0x61, 0x74, 0x33, 0x28, 0x30, 0x2e, 0x30, 0x29, 0x29, 0x2c, // 1, float3(0.0)),
	0x20, 0x66, 0x6c, 0x6f, 0x61, 0x74, 0x33, 0x28, 0x30, 0x2e, 0x34, 0x35, 0x34, 0x35, 0x34, 0x35, //  float3(0.454545
	0x34, 0x36, 0x38, 0x30, 0x39, 0x31, 0x39, 0x36, 0x34, 0x37, 0x32, 0x31, 0x36, 0x37, 0x39, 0x36, // 4680919647216796
	0x38, 0x37, 0x35, 0x29, 0x29, 0x2c, 0x20, 0x5f, 0x31, 0x35, 0x37, 0x39, 0x2e, 0x77, 0x29, 0x3b, // 875)), _1579.w);
	0x0a, 0x20, 0x20, 0x20, 0x20, 0x72, 0x65, 0x74, 0x75, 0x72, 0x6e, 0x20, 0x6f, 0x75, 0x74, 0x3b, // .    return out;
	0x0a, 0x7d, 0x0a, 0x0a, 0x00, 0x00, 0xf0, 0x01,                                                 // .}......
};
static const uint8_t fs_model3d_simple_dx11[12174] =
{
	0x46, 0x53, 0x48, 0x0b, 0x24, 0x8e, 0x5c, 0xd3, 0x00, 0x00, 0x00, 0x00, 0x16, 0x00, 0x09, 0x75, // FSH.$..........u
	0x5f, 0x76, 0x69, 0x65, 0x77, 0x50, 0x6f, 0x73, 0x12, 0x00, 0x00, 0x00, 0x01, 0x00, 0x00, 0x00, // _viewPos........
	0x00, 0x00, 0x0c, 0x75, 0x5f, 0x65, 0x6e, 0x76, 0x44, 0x69, 0x66, 0x66, 0x75, 0x73, 0x65, 0x12, // ...u_envDiffuse.
	0x00, 0x10, 0x00, 0x01, 0x00, 0x00, 0x00, 0x00, 0x00, 0x0d, 0x75, 0x5f, 0x65, 0x6e, 0x76, 0x53, // ..........u_envS
	0x70, 0x65, 0x63, 0x75, 0x6c, 0x61, 0x72, 0x12, 0x00, 0x20, 0x00, 0x01, 0x00, 0x00, 0x00, 0x00, // pecular.. ......
	0x00, 0x0b, 0x75, 0x5f, 0x70, 0x62, 0x72, 0x50, 0x61, 0x72, 0x61, 0x6d, 0x73, 0x12, 0x00, 0x30, // ..u_pbrParams..0
	0x00, 0x01, 0x00, 0x00, 0x00, 0x00, 0x00, 0x1b, 0x75, 0x5f, 0x64, 0x69, 0x72, 0x65, 0x63, 0x74, // ........u_direct
	0x69, 0x6f, 0x6e, 0x61, 0x6c, 0x4c, 0x69, 0x67, 0x68, 0x74, 0x44, 0x69, 0x72, 0x65, 0x63, 0x74, // ionalLightDirect
	0x69, 0x6f, 0x6e, 0x12, 0x00, 0x40, 0x00, 0x01, 0x00, 0x00, 0x00, 0x00, 0x00, 0x17, 0x75, 0x5f, // ion..@........u_
	0x64, 0x69, 0x72, 0x65, 0x63, 0x74, 0x69, 0x6f, 0x6e, 0x61, 0x6c, 0x4c, 0x69, 0x67, 0x68, 0x74, // directionalLight
	0x43, 0x6f, 0x6c, 0x6f, 0x72, 0x12, 0x00, 0x50, 0x00, 0x01, 0x00, 0x00, 0x00, 0x00, 0x00, 0x19, // Color..P........
	0x75, 0x5f, 0x70, 0x6f, 0x69, 0x6e, 0x74, 0x4c, 0x69, 0x67, 0x68, 0x74, 0x50, 0x6f, 0x73, 0x69, // u_pointLightPosi
	0x74, 0x69, 0x6f, 0x6e, 0x52, 0x61, 0x6e, 0x67, 0x65, 0x12, 0x04, 0x60, 0x00, 0x04, 0x00, 0x00, // tionRange..`....
	0x00, 0x00, 0x00, 0x1a, 0x75, 0x5f, 0x70, 0x6f, 0x69, 0x6e, 0x74, 0x4c, 0x69, 0x67, 0x68, 0x74, // ....u_pointLight
	0x43, 0x6f, 0x6c, 0x6f, 0x72, 0x49, 0x6e, 0x74, 0x65, 0x6e, 0x73, 0x69, 0x74, 0x79, 0x12, 0x04, // ColorIntensity..
	0xa0, 0x00, 0x04, 0x00, 0x00, 0x00, 0x00, 0x00, 0x11, 0x75, 0x5f, 0x6f, 0x76, 0x65, 0x72, 0x66, // .........u_overf
	0x6c, 0x6f, 0x77, 0x4c, 0x69, 0x67, 0x68, 0x74, 0x53, 0x48, 0x12, 0x04, 0xe0, 0x00, 0x04, 0x00, // lowLightSH......
	0x00, 0x00, 0x00, 0x00, 0x0e, 0x75, 0x5f, 0x73, 0x68, 0x61, 0x64, 0x6f, 0x77, 0x50, 0x61, 0x72, // .....u_shadowPar
	0x61, 0x6d, 0x73, 0x12, 0x00, 0x20, 0x01, 0x01, 0x00, 0x00, 0x00, 0x00, 0x00, 0x0b, 0x75, 0x5f, // ams.. ........u_
	0x62, 0x61, 0x73, 0x65, 0x43, 0x6f, 0x6c, 0x6f, 0x72, 0x12, 0x00, 0x30, 0x01, 0x01, 0x00, 0x00, // baseColor..0....
	0x00, 0x00, 0x00, 0x10, 0x75, 0x5f, 0x65, 0x6d, 0x69, 0x73, 0x73, 0x69, 0x76, 0x65, 0x46, 0x61, // ....u_emissiveFa
	0x63, 0x74, 0x6f, 0x72, 0x12, 0x00, 0x40, 0x01, 0x01, 0x00, 0x00, 0x00, 0x00, 0x00, 0x13, 0x75, // ctor..@........u
	0x5f, 0x6d, 0x65, 0x74, 0x61, 0x6c, 0x6c, 0x69, 0x63, 0x52, 0x6f, 0x75, 0x67, 0x68, 0x6e, 0x65, // _metallicRoughne
	0x73, 0x73, 0x12, 0x00, 0x50, 0x01, 0x01, 0x00, 0x00, 0x00, 0x00, 0x00, 0x0b, 0x75, 0x5f, 0x61, // ss..P........u_a
	0x6c, 0x70, 0x68, 0x61, 0x4d, 0x6f, 0x64, 0x65, 0x12, 0x00, 0x60, 0x01, 0x01, 0x00, 0x00, 0x00, // lphaMode..`.....
	0x00, 0x00, 0x0d, 0x75, 0x5f, 0x6d, 0x61, 0x74, 0x65, 0x72, 0x69, 0x61, 0x6c, 0x45, 0x78, 0x74, // ...u_materialExt
	0x12, 0x00, 0x70, 0x01, 0x01, 0x00, 0x00, 0x00, 0x00, 0x00, 0x0f, 0x75, 0x5f, 0x73, 0x70, 0x65, // ..p........u_spe
	0x63, 0x75, 0x6c, 0x61, 0x72, 0x43, 0x6f, 0x6c, 0x6f, 0x72, 0x12, 0x00, 0x80, 0x01, 0x01, 0x00, // cularColor......
	0x00, 0x00, 0x00, 0x00, 0x0c, 0x73, 0x5f, 0x69, 0x72, 0x72, 0x61, 0x64, 0x69, 0x61, 0x6e, 0x63, // .....s_irradianc
	0x65, 0x30, 0x01, 0x08, 0x00, 0x01, 0x00, 0x00, 0x00, 0x00, 0x00, 0x0b, 0x73, 0x5f, 0x70, 0x72, // e0..........s_pr
	0x65, 0x66, 0x69, 0x6c, 0x74, 0x65, 0x72, 0x30, 0x01, 0x09, 0x00, 0x01, 0x00, 0x00, 0x00, 0x00, // efilter0........
	0x00, 0x0b, 0x73, 0x5f, 0x73, 0x68, 0x61, 0x64, 0x6f, 0x77, 0x4d, 0x61, 0x70, 0x30, 0x01, 0x0a, // ..s_shadowMap0..
	0x00, 0x01, 0x00, 0x00, 0x00, 0x00, 0x00, 0x0c, 0x73, 0x5f, 0x69, 0x72, 0x72, 0x61, 0x64, 0x69, // ........s_irradi
	0x61, 0x6e, 0x63, 0x65, 0x30, 0x01, 0x08, 0x00, 0x01, 0x00, 0x00, 0x00, 0x00, 0x00, 0x0b, 0x73, // ance0..........s
	0x5f, 0x70, 0x72, 0x65, 0x66, 0x69, 0x6c, 0x74, 0x65, 0x72, 0x30, 0x01, 0x09, 0x00, 0x01, 0x00, // _prefilter0.....
	0x00, 0x00, 0x00, 0x00, 0x0b, 0x73, 0x5f, 0x73, 0x68, 0x61, 0x64, 0x6f, 0x77, 0x4d, 0x61, 0x70, // .....s_shadowMap
	0x30, 0x01, 0x0a, 0x00, 0x01, 0x00, 0x00, 0x00, 0x00, 0x00, 0x3c, 0x2d, 0x00, 0x00, 0x44, 0x58, // 0.........<-..DX
	0x42, 0x43, 0x6b, 0xca, 0xa4, 0x47, 0x78, 0xf8, 0x7a, 0xce, 0x77, 0x8f, 0x3e, 0x09, 0x60, 0xce, // BCk..Gx.z.w.>.`.
	0x9a, 0x81, 0x01, 0x00, 0x00, 0x00, 0x3c, 0x2d, 0x00, 0x00, 0x03, 0x00, 0x00, 0x00, 0x2c, 0x00, // ......<-......,.
	0x00, 0x00, 0x00, 0x01, 0x00, 0x00, 0x34, 0x01, 0x00, 0x00, 0x49, 0x53, 0x47, 0x4e, 0xcc, 0x00, // ......4...ISGN..
	0x00, 0x00, 0x07, 0x00, 0x00, 0x00, 0x08, 0x00, 0x00, 0x00, 0xb0, 0x00, 0x00, 0x00, 0x00, 0x00, // ................
	0x00, 0x00, 0x01, 0x00, 0x00, 0x00, 0x03, 0x00, 0x00, 0x00, 0x00, 0x00, 0x00, 0x00, 0x0f, 0x00, // ................
	0x00, 0x00, 0xbc, 0x00, 0x00, 0x00, 0x00, 0x00, 0x00, 0x00, 0x00, 0x00, 0x00, 0x00, 0x03, 0x00, // ................
	0x00, 0x00, 0x01, 0x00, 0x00, 0x00, 0x0f, 0x0f, 0x00, 0x00, 0xc2, 0x00, 0x00, 0x00, 0x04, 0x00, // ................
	0x00, 0x00, 0x00, 0x00, 0x00, 0x00, 0x03, 0x00, 0x00, 0x00, 0x02, 0x00, 0x00, 0x00, 0x0f, 0x0f, // ................
	0x00, 0x00, 0xc2, 0x00, 0x00, 0x00, 0x00, 0x00, 0x00, 0x00, 0x00, 0x00, 0x00, 0x00, 0x03, 0x00, // ................
	0x00, 0x00, 0x03, 0x00, 0x00, 0x00, 0x0f, 0x00, 0x00, 0x00, 0xc2, 0x00, 0x00, 0x00, 0x02, 0x00, // ................
	0x00, 0x00, 0x00, 0x00, 0x00, 0x00, 0x03, 0x00, 0x00, 0x00, 0x04, 0x00, 0x00, 0x00, 0x0f, 0x07, // ................
	0x00, 0x00, 0xc2, 0x00, 0x00, 0x00, 0x01, 0x00, 0x00, 0x00, 0x00, 0x00, 0x00, 0x00, 0x03, 0x00, // ................
	0x00, 0x00, 0x05, 0x00, 0x00, 0x00, 0x0f, 0x07, 0x00, 0x00, 0xc2, 0x00, 0x00, 0x00, 0x03, 0x00, // ................
	0x00, 0x00, 0x00, 0x00, 0x00, 0x00, 0x03, 0x00, 0x00, 0x00, 0x06, 0x00, 0x00, 0x00, 0x0f, 0x00, // ................
	0x00, 0x00, 0x53, 0x56, 0x5f, 0x50, 0x4f, 0x53, 0x49, 0x54, 0x49, 0x4f, 0x4e, 0x00, 0x43, 0x4f, // ..SV_POSITION.CO
	0x4c, 0x4f, 0x52, 0x00, 0x54, 0x45, 0x58, 0x43, 0x4f, 0x4f, 0x52, 0x44, 0x00, 0xab, 0x4f, 0x53, // LOR.TEXCOORD..OS
	0x47, 0x4e, 0x2c, 0x00, 0x00, 0x00, 0x01, 0x00, 0x00, 0x00, 0x08, 0x00, 0x00, 0x00, 0x20, 0x00, // GN,........... .
	0x00, 0x00, 0x00, 0x00, 0x00, 0x00, 0x00, 0x00, 0x00, 0x00, 0x03, 0x00, 0x00, 0x00, 0x00, 0x00, // ................
	0x00, 0x00, 0x0f, 0x00, 0x00, 0x00, 0x53, 0x56, 0x5f, 0x54, 0x41, 0x52, 0x47, 0x45, 0x54, 0x00, // ......SV_TARGET.
	0xab, 0xab, 0x53, 0x48, 0x44, 0x52, 0x00, 0x2c, 0x00, 0x00, 0x40, 0x00, 0x00, 0x00, 0x00, 0x0b, // ..SHDR.,..@.....
	0x00, 0x00, 0x59, 0x08, 0x00, 0x04, 0x46, 0x8e, 0x20, 0x00, 0x00, 0x00, 0x00, 0x00, 0x19, 0x00, // ..Y...F. .......
	0x00, 0x00, 0x5a, 0x00, 0x00, 0x03, 0x00, 0x60, 0x10, 0x00, 0x08, 0x00, 0x00, 0x00, 0x5a, 0x00, // ..Z....`......Z.
	0x00, 0x03, 0x00, 0x60, 0x10, 0x00, 0x09, 0x00, 0x00, 0x00, 0x5a, 0x00, 0x00, 0x03, 0x00, 0x60, // ...`......Z....`
	0x10, 0x00, 0x0a, 0x00, 0x00, 0x00, 0x58, 0x30, 0x00, 0x04, 0x00, 0x70, 0x10, 0x00, 0x08, 0x00, // ......X0...p....
	0x00, 0x00, 0x55, 0x55, 0x00, 0x00, 0x58, 0x30, 0x00, 0x04, 0x00, 0x70, 0x10, 0x00, 0x09, 0x00, // ..UU..X0...p....
	0x00, 0x00, 0x55, 0x55, 0x00, 0x00, 0x58, 0x18, 0x00, 0x04, 0x00, 0x70, 0x10, 0x00, 0x0a, 0x00, // ..UU..X....p....
	0x00, 0x00, 0x55, 0x55, 0x00, 0x00, 0x62, 0x10, 0x00, 0x03, 0xf2, 0x10, 0x10, 0x00, 0x01, 0x00, // ..UU..b.........
	0x00, 0x00, 0x62, 0x10, 0x00, 0x03, 0xf2, 0x10, 0x10, 0x00, 0x02, 0x00, 0x00, 0x00, 0x62, 0x10, // ..b...........b.
	0x00, 0x03, 0x72, 0x10, 0x10, 0x00, 0x04, 0x00, 0x00, 0x00, 0x62, 0x10, 0x00, 0x03, 0x72, 0x10, // ..r.......b...r.
	0x10, 0x00, 0x05, 0x00, 0x00, 0x00, 0x65, 0x00, 0x00, 0x03, 0xf2, 0x20, 0x10, 0x00, 0x00, 0x00, // ......e.... ....
	0x00, 0x00, 0x68, 0x00, 0x00, 0x02, 0x0e, 0x00, 0x00, 0x00, 0x38, 0x00, 0x00, 0x08, 0xf2, 0x00, // ..h.......8.....
	0x10, 0x00, 0x00, 0x00, 0x00, 0x00, 0x46, 0x1e, 0x10, 0x00, 0x01, 0x00, 0x00, 0x00, 0x46, 0x8e, // ......F.......F.
	0x20, 0x00, 0x00, 0x00, 0x00, 0x00, 0x13, 0x00, 0x00, 0x00, 0x31, 0x00, 0x00, 0x08, 0x12, 0x00, //  .........1.....
	0x10, 0x00, 0x01, 0x00, 0x00, 0x00, 0x01, 0x40, 0x00, 0x00, 0x00, 0x00, 0x00, 0x3f, 0x0a, 0x80, // .......@.....?..
	0x20, 0x00, 0x00, 0x00, 0x00, 0x00, 0x16, 0x00, 0x00, 0x00, 0x31, 0x00, 0x00, 0x08, 0x22, 0x00, //  .........1...".
	0x10, 0x00, 0x01, 0x00, 0x00, 0x00, 0x0a, 0x80, 0x20, 0x00, 0x00, 0x00, 0x00, 0x00, 0x16, 0x00, // ........ .......
	0x00, 0x00, 0x01, 0x40, 0x00, 0x00, 0x00, 0x00, 0xc0, 0x3f, 0x01, 0x00, 0x00, 0x07, 0x12, 0x00, // ...@.....?......
	0x10, 0x00, 0x01, 0x00, 0x00, 0x00, 0x1a, 0x00, 0x10, 0x00, 0x01, 0x00, 0x00, 0x00, 0x0a, 0x00, // ................
	0x10, 0x00, 0x01, 0x00, 0x00, 0x00, 0x31, 0x00, 0x00, 0x08, 0x22, 0x00, 0x10, 0x00, 0x01, 0x00, // ......1...".....
	0x00, 0x00, 0x3a, 0x00, 0x10, 0x00, 0x00, 0x00, 0x00, 0x00, 0x1a, 0x80, 0x20, 0x00, 0x00, 0x00, // ..:......... ...
	0x00, 0x00, 0x16, 0x00, 0x00, 0x00, 0x01, 0x00, 0x00, 0x07, 0x12, 0x00, 0x10, 0x00, 0x01, 0x00, // ................
	0x00, 0x00, 0x1a, 0x00, 0x10, 0x00, 0x01, 0x00, 0x00, 0x00, 0x0a, 0x00, 0x10, 0x00, 0x01, 0x00, // ................
	0x00, 0x00, 0x0d, 0x00, 0x04, 0x03, 0x0a, 0x00, 0x10, 0x00, 0x01, 0x00, 0x00, 0x00, 0x10, 0x00, // ................
	0x00, 0x07, 0x12, 0x00, 0x10, 0x00, 0x01, 0x00, 0x00, 0x00, 0x46, 0x12, 0x10, 0x00, 0x04, 0x00, // ..........F.....
	0x00, 0x00, 0x46, 0x12, 0x10, 0x00, 0x04, 0x00, 0x00, 0x00, 0x44, 0x00, 0x00, 0x05, 0x12, 0x00, // ..F.......D.....
	0x10, 0x00, 0x01, 0x00, 0x00, 0x00, 0x0a, 0x00, 0x10, 0x00, 0x01, 0x00, 0x00, 0x00, 0x38, 0x00, // ..............8.
	0x00, 0x07, 0x72, 0x00, 0x10, 0x00, 0x01, 0x00, 0x00, 0x00, 0x06, 0x00, 0x10, 0x00, 0x01, 0x00, // ..r.............
	0x00, 0x00, 0x46, 0x12, 0x10, 0x00, 0x04, 0x00, 0x00, 0x00, 0x00, 0x00, 0x00, 0x09, 0x72, 0x00, // ..F...........r.
	0x10, 0x00, 0x02, 0x00, 0x00, 0x00, 0x46, 0x12, 0x10, 0x80, 0x41, 0x00, 0x00, 0x00, 0x05, 0x00, // ......F...A.....
	0x00, 0x00, 0x46, 0x82, 0x20, 0x00, 0x00, 0x00, 0x00, 0x00, 0x00, 0x00, 0x00, 0x00, 0x10, 0x00, // ..F. ...........
	0x00, 0x07, 0x82, 0x00, 0x10, 0x00, 0x01, 0x00, 0x00, 0x00, 0x46, 0x02, 0x10, 0x00, 0x02, 0x00, // ..........F.....
	0x00, 0x00, 0x46, 0x02, 0x10, 0x00, 0x02, 0x00, 0x00, 0x00, 0x39, 0x00, 0x00, 0x07, 0x82, 0x00, // ..F.......9.....
	0x10, 0x00, 0x02, 0x00, 0x00, 0x00, 0x3a, 0x00, 0x10, 0x00, 0x01, 0x00, 0x00, 0x00, 0x3a, 0x00, // ......:.......:.
	0x10, 0x00, 0x01, 0x00, 0x00, 0x00, 0x1d, 0x00, 0x00, 0x07, 0x12, 0x00, 0x10, 0x00, 0x03, 0x00, // ................
	0x00, 0x00, 0x01, 0x40, 0x00, 0x00, 0xbd, 0x37, 0x86, 0x35, 0x3a, 0x00, 0x10, 0x00, 0x01, 0x00, // ...@...7.5:.....
	0x00, 0x00, 0x3c, 0x00, 0x00, 0x07, 0x82, 0x00, 0x10, 0x00, 0x02, 0x00, 0x00, 0x00, 0x3a, 0x00, // ..<...........:.
	0x10, 0x00, 0x02, 0x00, 0x00, 0x00, 0x0a, 0x00, 0x10, 0x00, 0x03, 0x00, 0x00, 0x00, 0x44, 0x00, // ..............D.
	0x00, 0x05, 0x82, 0x00, 0x10, 0x00, 0x01, 0x00, 0x00, 0x00, 0x3a, 0x00, 0x10, 0x00, 0x01, 0x00, // ..........:.....
	0x00, 0x00, 0x38, 0x00, 0x00, 0x07, 0x72, 0x00, 0x10, 0x00, 0x02, 0x00, 0x00, 0x00, 0xf6, 0x0f, // ..8...r.........
	0x10, 0x00, 0x01, 0x00, 0x00, 0x00, 0x46, 0x02, 0x10, 0x00, 0x02, 0x00, 0x00, 0x00, 0x37, 0x00, // ......F.......7.
	0x00, 0x09, 0x72, 0x00, 0x10, 0x00, 0x02, 0x00, 0x00, 0x00, 0xf6, 0x0f, 0x10, 0x00, 0x02, 0x00, // ..r.............
	0x00, 0x00, 0x46, 0x02, 0x10, 0x00, 0x01, 0x00, 0x00, 0x00, 0x46, 0x02, 0x10, 0x00, 0x02, 0x00, // ..F.......F.....
	0x00, 0x00, 0x10, 0x20, 0x00, 0x07, 0x82, 0x00, 0x10, 0x00, 0x01, 0x00, 0x00, 0x00, 0x46, 0x02, // ... ..........F.
	0x10, 0x00, 0x01, 0x00, 0x00, 0x00, 0x46, 0x02, 0x10, 0x00, 0x02, 0x00, 0x00, 0x00, 0x34, 0x00, // ......F.......4.
	0x00, 0x07, 0x82, 0x00, 0x10, 0x00, 0x01, 0x00, 0x00, 0x00, 0x3a, 0x00, 0x10, 0x00, 0x01, 0x00, // ..........:.....
	0x00, 0x00, 0x01, 0x40, 0x00, 0x00, 0xbd, 0x37, 0x86, 0x35, 0x36, 0x20, 0x00, 0x06, 0x82, 0x00, // ...@...7.56 ....
	0x10, 0x00, 0x02, 0x00, 0x00, 0x00, 0x0a, 0x80, 0x20, 0x00, 0x00, 0x00, 0x00, 0x00, 0x15, 0x00, // ........ .......
	0x00, 0x00, 0x34, 0x00, 0x00, 0x08, 0x12, 0x00, 0x10, 0x00, 0x03, 0x00, 0x00, 0x00, 0x1a, 0x80, // ..4.............
	0x20, 0x00, 0x00, 0x00, 0x00, 0x00, 0x15, 0x00, 0x00, 0x00, 0x01, 0x40, 0x00, 0x00, 0x0a, 0xd7, //  ..........@....
	0x23, 0x3d, 0x00, 0x00, 0x00, 0x0b, 0x62, 0x00, 0x10, 0x00, 0x03, 0x00, 0x00, 0x00, 0x56, 0x85, // #=....b.......V.
	0x20, 0x00, 0x00, 0x00, 0x00, 0x00, 0x17, 0x00, 0x00, 0x00, 0x02, 0x40, 0x00, 0x00, 0x00, 0x00, //  ..........@....
	0x00, 0x00, 0x00, 0x00, 0x80, 0xbf, 0x00, 0x00, 0x80, 0x3f, 0x00, 0x00, 0x00, 0x00, 0x0e, 0x00, // .........?......
	0x00, 0x07, 0x22, 0x00, 0x10, 0x00, 0x03, 0x00, 0x00, 0x00, 0x1a, 0x00, 0x10, 0x00, 0x03, 0x00, // ..".............
	0x00, 0x00, 0x2a, 0x00, 0x10, 0x00, 0x03, 0x00, 0x00, 0x00, 0x38, 0x00, 0x00, 0x07, 0x22, 0x00, // ..*.......8...".
	0x10, 0x00, 0x03, 0x00, 0x00, 0x00, 0x1a, 0x00, 0x10, 0x00, 0x03, 0x00, 0x00, 0x00, 0x1a, 0x00, // ................
	0x10, 0x00, 0x03, 0x00, 0x00, 0x00, 0x36, 0x20, 0x00, 0x06, 0x42, 0x00, 0x10, 0x00, 0x03, 0x00, // ......6 ..B.....
	0x00, 0x00, 0x0a, 0x80, 0x20, 0x00, 0x00, 0x00, 0x00, 0x00, 0x17, 0x00, 0x00, 0x00, 0x38, 0x00, // .... .........8.
	0x00, 0x08, 0x72, 0x00, 0x10, 0x00, 0x04, 0x00, 0x00, 0x00, 0x56, 0x05, 0x10, 0x00, 0x03, 0x00, // ..r.......V.....
	0x00, 0x00, 0x46, 0x82, 0x20, 0x00, 0x00, 0x00, 0x00, 0x00, 0x18, 0x00, 0x00, 0x00, 0x33, 0x00, // ..F. .........3.
	0x00, 0x0a, 0x72, 0x00, 0x10, 0x00, 0x04, 0x00, 0x00, 0x00, 0x46, 0x02, 0x10, 0x00, 0x04, 0x00, // ..r.......F.....
	0x00, 0x00, 0x02, 0x40, 0x00, 0x00, 0x00, 0x00, 0x80, 0x3f, 0x00, 0x00, 0x80, 0x3f, 0x00, 0x00, // ...@.....?...?..
	0x80, 0x3f, 0x00, 0x00, 0x00, 0x00, 0x38, 0x00, 0x00, 0x07, 0x72, 0x00, 0x10, 0x00, 0x05, 0x00, // .?....8...r.....
	0x00, 0x00, 0xa6, 0x0a, 0x10, 0x00, 0x03, 0x00, 0x00, 0x00, 0x46, 0x02, 0x10, 0x00, 0x04, 0x00, // ..........F.....
	0x00, 0x00, 0x31, 0x00, 0x00, 0x08, 0x22, 0x00, 0x10, 0x00, 0x03, 0x00, 0x00, 0x00, 0x01, 0x40, // ..1..."........@
	0x00, 0x00, 0x00, 0x00, 0x00, 0x3f, 0x3a, 0x80, 0x20, 0x00, 0x00, 0x00, 0x00, 0x00, 0x04, 0x00, // .....?:. .......
	0x00, 0x00, 0x1f, 0x00, 0x04, 0x03, 0x1a, 0x00, 0x10, 0x00, 0x03, 0x00, 0x00, 0x00, 0x10, 0x00, // ................
	0x00, 0x09, 0x22, 0x00, 0x10, 0x00, 0x03, 0x00, 0x00, 0x00, 0x46, 0x82, 0x20, 0x00, 0x00, 0x00, // ..".......F. ...
	0x00, 0x00, 0x04, 0x00, 0x00, 0x00, 0x46, 0x82, 0x20, 0x00, 0x00, 0x00, 0x00, 0x00, 0x04, 0x00, // ......F. .......
	0x00, 0x00, 0x44, 0x00, 0x00, 0x05, 0x22, 0x00, 0x10, 0x00, 0x03, 0x00, 0x00, 0x00, 0x1a, 0x00, // ..D...".........
	0x10, 0x00, 0x03, 0x00, 0x00, 0x00, 0x38, 0x00, 0x00, 0x08, 0x72, 0x00, 0x10, 0x00, 0x06, 0x00, // ......8...r.....
	0x00, 0x00, 0x56, 0x05, 0x10, 0x00, 0x03, 0x00, 0x00, 0x00, 0x46, 0x82, 0x20, 0x00, 0x00, 0x00, // ..V.......F. ...
	0x00, 0x00, 0x04, 0x00, 0x00, 0x00, 0x32, 0x00, 0x00, 0x0a, 0x72, 0x00, 0x10, 0x00, 0x07, 0x00, // ......2...r.....
	0x00, 0x00, 0x46, 0x82, 0x20, 0x00, 0x00, 0x00, 0x00, 0x00, 0x04, 0x00, 0x00, 0x00, 0x56, 0x05, // ..F. .........V.
	0x10, 0x00, 0x03, 0x00, 0x00, 0x00, 0x46, 0x02, 0x10, 0x00, 0x02, 0x00, 0x00, 0x00, 0x10, 0x00, // ......F.........
	0x00, 0x07, 0x22, 0x00, 0x10, 0x00, 0x03, 0x00, 0x00, 0x00, 0x46, 0x02, 0x10, 0x00, 0x07, 0x00, // ..".......F.....
	0x00, 0x00, 0x46, 0x02, 0x10, 0x00, 0x07, 0x00, 0x00, 0x00, 0x39, 0x00, 0x00, 0x07, 0x82, 0x00, // ..F.......9.....
	0x10, 0x00, 0x03, 0x00, 0x00, 0x00, 0x1a, 0x00, 0x10, 0x00, 0x03, 0x00, 0x00, 0x00, 0x1a, 0x00, // ................
	0x10, 0x00, 0x03, 0x00, 0x00, 0x00, 0x1d, 0x00, 0x00, 0x07, 0x82, 0x00, 0x10, 0x00, 0x04, 0x00, // ................
	0x00, 0x00, 0x01, 0x40, 0x00, 0x00, 0xbd, 0x37, 0x86, 0x35, 0x1a, 0x00, 0x10, 0x00, 0x03, 0x00, // ...@...7.5......
	0x00, 0x00, 0x3c, 0x00, 0x00, 0x07, 0x82, 0x00, 0x10, 0x00, 0x03, 0x00, 0x00, 0x00, 0x3a, 0x00, // ..<...........:.
	0x10, 0x00, 0x03, 0x00, 0x00, 0x00, 0x3a, 0x00, 0x10, 0x00, 0x04, 0x00, 0x00, 0x00, 0x44, 0x00, // ......:.......D.
	0x00, 0x05, 0x22, 0x00, 0x10, 0x00, 0x03, 0x00, 0x00, 0x00, 0x1a, 0x00, 0x10, 0x00, 0x03, 0x00, // ..".............
	0x00, 0x00, 0x38, 0x00, 0x00, 0x07, 0x72, 0x00, 0x10, 0x00, 0x07, 0x00, 0x00, 0x00, 0x56, 0x05, // ..8...r.......V.
	0x10, 0x00, 0x03, 0x00, 0x00, 0x00, 0x46, 0x02, 0x10, 0x00, 0x07, 0x00, 0x00, 0x00, 0x37, 0x00, // ......F.......7.
	0x00, 0x09, 0x72, 0x00, 0x10, 0x00, 0x07, 0x00, 0x00, 0x00, 0xf6, 0x0f, 0x10, 0x00, 0x03, 0x00, // ..r.............
	0x00, 0x00, 0x46, 0x02, 0x10, 0x00, 0x01, 0x00, 0x00, 0x00, 0x46, 0x02, 0x10, 0x00, 0x07, 0x00, // ..F.......F.....
	0x00, 0x00, 0x10, 0x20, 0x00, 0x07, 0x22, 0x00, 0x10, 0x00, 0x03, 0x00, 0x00, 0x00, 0x46, 0x02, // ... ..".......F.
	0x10, 0x00, 0x01, 0x00, 0x00, 0x00, 0x46, 0x02, 0x10, 0x00, 0x06, 0x00, 0x00, 0x00, 0x10, 0x20, // ......F........
	0x00, 0x07, 0x82, 0x00, 0x10, 0x00, 0x03, 0x00, 0x00, 0x00, 0x46, 0x02, 0x10, 0x00, 0x01, 0x00, // ..........F.....
	0x00, 0x00, 0x46, 0x02, 0x10, 0x00, 0x07, 0x00, 0x00, 0x00, 0x10, 0x20, 0x00, 0x07, 0x82, 0x00, // ..F........ ....
	0x10, 0x00, 0x04, 0x00, 0x00, 0x00, 0x46, 0x02, 0x10, 0x00, 0x07, 0x00, 0x00, 0x00, 0x46, 0x02, // ......F.......F.
	0x10, 0x00, 0x02, 0x00, 0x00, 0x00, 0x32, 0x00, 0x00, 0x0a, 0x72, 0x00, 0x10, 0x00, 0x06, 0x00, // ......2...r.....
	0x00, 0x00, 0x46, 0x02, 0x10, 0x80, 0x41, 0x00, 0x00, 0x00, 0x04, 0x00, 0x00, 0x00, 0xa6, 0x0a, // ..F...A.........
	0x10, 0x00, 0x03, 0x00, 0x00, 0x00, 0xa6, 0x0a, 0x10, 0x00, 0x03, 0x00, 0x00, 0x00, 0x00, 0x00, // ................
	0x00, 0x08, 0x82, 0x00, 0x10, 0x00, 0x04, 0x00, 0x00, 0x00, 0x3a, 0x00, 0x10, 0x80, 0x41, 0x00, // ..........:...A.
	0x00, 0x00, 0x04, 0x00, 0x00, 0x00, 0x01, 0x40, 0x00, 0x00, 0x00, 0x00, 0x80, 0x3f, 0x38, 0x00, // .......@.....?8.
	0x00, 0x07, 0x82, 0x00, 0x10, 0x00, 0x05, 0x00, 0x00, 0x00, 0x3a, 0x00, 0x10, 0x00, 0x04, 0x00, // ..........:.....
	0x00, 0x00, 0x3a, 0x00, 0x10, 0x00, 0x04, 0x00, 0x00, 0x00, 0x38, 0x00, 0x00, 0x07, 0x82, 0x00, // ..:.......8.....
	0x10, 0x00, 0x05, 0x00, 0x00, 0x00, 0x3a, 0x00, 0x10, 0x00, 0x05, 0x00, 0x00, 0x00, 0x3a, 0x00, // ......:.......:.
	0x10, 0x00, 0x05, 0x00, 0x00, 0x00, 0x38, 0x00, 0x00, 0x07, 0x82, 0x00, 0x10, 0x00, 0x04, 0x00, // ......8.........
	0x00, 0x00, 0x3a, 0x00, 0x10, 0x00, 0x04, 0x00, 0x00, 0x00, 0x3a, 0x00, 0x10, 0x00, 0x05, 0x00, // ..:.......:.....
	0x00, 0x00, 0x32, 0x00, 0x00, 0x09, 0x72, 0x00, 0x10, 0x00, 0x06, 0x00, 0x00, 0x00, 0x46, 0x02, // ..2...r.......F.
	0x10, 0x00, 0x06, 0x00, 0x00, 0x00, 0xf6, 0x0f, 0x10, 0x00, 0x04, 0x00, 0x00, 0x00, 0x46, 0x02, // ..............F.
	0x10, 0x00, 0x05, 0x00, 0x00, 0x00, 0x32, 0x00, 0x00, 0x0e, 0x72, 0x00, 0x10, 0x00, 0x07, 0x00, // ......2...r.....
	0x00, 0x00, 0x46, 0x82, 0x20, 0x80, 0x41, 0x00, 0x00, 0x00, 0x00, 0x00, 0x00, 0x00, 0x13, 0x00, // ..F. .A.........
	0x00, 0x00, 0x46, 0x12, 0x10, 0x00, 0x01, 0x00, 0x00, 0x00, 0x02, 0x40, 0x00, 0x00, 0x00, 0x00, // ..F........@....
	0x80, 0x3f, 0x00, 0x00, 0x80, 0x3f, 0x00, 0x00, 0x80, 0x3f, 0x00, 0x00, 0x00, 0x00, 0x32, 0x00, // .?...?...?....2.
	0x00, 0x09, 0x72, 0x00, 0x10, 0x00, 0x07, 0x00, 0x00, 0x00, 0x46, 0x02, 0x10, 0x00, 0x07, 0x00, // ..r.......F.....
	0x00, 0x00, 0xf6, 0x0f, 0x10, 0x00, 0x04, 0x00, 0x00, 0x00, 0x46, 0x02, 0x10, 0x00, 0x00, 0x00, // ..........F.....
	0x00, 0x00, 0x00, 0x00, 0x00, 0x08, 0x72, 0x00, 0x10, 0x00, 0x07, 0x00, 0x00, 0x00, 0x46, 0x02, // ......r.......F.
	0x10, 0x80, 0x41, 0x00, 0x00, 0x00, 0x06, 0x00, 0x00, 0x00, 0x46, 0x02, 0x10, 0x00, 0x07, 0x00, // ..A.......F.....
	0x00, 0x00, 0x32, 0x00, 0x00, 0x09, 0x72, 0x00, 0x10, 0x00, 0x07, 0x00, 0x00, 0x00, 0xf6, 0x0f, // ..2...r.........
	0x10, 0x00, 0x02, 0x00, 0x00, 0x00, 0x46, 0x02, 0x10, 0x00, 0x07, 0x00, 0x00, 0x00, 0x46, 0x02, // ......F.......F.
	0x10, 0x00, 0x06, 0x00, 0x00, 0x00, 0x38, 0x00, 0x00, 0x07, 0x82, 0x00, 0x10, 0x00, 0x04, 0x00, // ......8.........
	0x00, 0x00, 0x0a, 0x00, 0x10, 0x00, 0x03, 0x00, 0x00, 0x00, 0x0a, 0x00, 0x10, 0x00, 0x03, 0x00, // ................
	0x00, 0x00, 0x38, 0x00, 0x00, 0x07, 0x82, 0x00, 0x10, 0x00, 0x05, 0x00, 0x00, 0x00, 0x3a, 0x00, // ..8...........:.
	0x10, 0x00, 0x04, 0x00, 0x00, 0x00, 0x3a, 0x00, 0x10, 0x00, 0x04, 0x00, 0x00, 0x00, 0x38, 0x00, // ......:.......8.
	0x00, 0x07, 0x82, 0x00, 0x10, 0x00, 0x03, 0x00, 0x00, 0x00, 0x3a, 0x00, 0x10, 0x00, 0x03, 0x00, // ..........:.....
	0x00, 0x00, 0x3a, 0x00, 0x10, 0x00, 0x03, 0x00, 0x00, 0x00, 0x32, 0x00, 0x00, 0x09, 0x82, 0x00, // ..:.......2.....
	0x10, 0x00, 0x04, 0x00, 0x00, 0x00, 0x3a, 0x00, 0x10, 0x00, 0x04, 0x00, 0x00, 0x00, 0x3a, 0x00, // ......:.......:.
	0x10, 0x00, 0x04, 0x00, 0x00, 0x00, 0x01, 0x40, 0x00, 0x00, 0x00, 0x00, 0x80, 0xbf, 0x32, 0x00, // .......@......2.
	0x00, 0x09, 0x82, 0x00, 0x10, 0x00, 0x03, 0x00, 0x00, 0x00, 0x3a, 0x00, 0x10, 0x00, 0x03, 0x00, // ..........:.....
	0x00, 0x00, 0x3a, 0x00, 0x10, 0x00, 0x04, 0x00, 0x00, 0x00, 0x01, 0x40, 0x00, 0x00, 0x00, 0x00, // ..:........@....
	0x80, 0x3f, 0x38, 0x00, 0x00, 0x07, 0x82, 0x00, 0x10, 0x00, 0x03, 0x00, 0x00, 0x00, 0x3a, 0x00, // .?8...........:.
	0x10, 0x00, 0x03, 0x00, 0x00, 0x00, 0x3a, 0x00, 0x10, 0x00, 0x03, 0x00, 0x00, 0x00, 0x38, 0x00, // ......:.......8.
	0x00, 0x07, 0x82, 0x00, 0x10, 0x00, 0x03, 0x00, 0x00, 0x00, 0x3a, 0x00, 0x10, 0x00, 0x03, 0x00, // ..........:.....
	0x00, 0x00, 0x01, 0x40, 0x00, 0x00, 0xdb, 0x0f, 0x49, 0x40, 0x34, 0x00, 0x00, 0x07, 0x82, 0x00, // ...@....I@4.....
	0x10, 0x00, 0x03, 0x00, 0x00, 0x00, 0x3a, 0x00, 0x10, 0x00, 0x03, 0x00, 0x00, 0x00, 0x01, 0x40, // ......:........@
	0x00, 0x00, 0xbd, 0x37, 0x86, 0x35, 0x0e, 0x00, 0x00, 0x07, 0x82, 0x00, 0x10, 0x00, 0x03, 0x00, // ...7.5..........
	0x00, 0x00, 0x3a, 0x00, 0x10, 0x00, 0x05, 0x00, 0x00, 0x00, 0x3a, 0x00, 0x10, 0x00, 0x03, 0x00, // ..:.......:.....
	0x00, 0x00, 0x00, 0x00, 0x00, 0x07, 0x82, 0x00, 0x10, 0x00, 0x04, 0x00, 0x00, 0x00, 0x0a, 0x00, // ................
	0x10, 0x00, 0x03, 0x00, 0x00, 0x00, 0x01, 0x40, 0x00, 0x00, 0x00, 0x00, 0x80, 0x3f, 0x38, 0x00, // .......@.....?8.
	0x00, 0x07, 0x82, 0x00, 0x10, 0x00, 0x04, 0x00, 0x00, 0x00, 0x3a, 0x00, 0x10, 0x00, 0x04, 0x00, // ..........:.....
	0x00, 0x00, 0x3a, 0x00, 0x10, 0x00, 0x04, 0x00, 0x00, 0x00, 0x38, 0x00, 0x00, 0x07, 0x82, 0x00, // ..:.......8.....
	0x10, 0x00, 0x05, 0x00, 0x00, 0x00, 0x3a, 0x00, 0x10, 0x00, 0x04, 0x00, 0x00, 0x00, 0x01, 0x40, // ......:........@
	0x00, 0x00, 0x00, 0x00, 0x00, 0x3e, 0x32, 0x00, 0x00, 0x0a, 0x82, 0x00, 0x10, 0x00, 0x04, 0x00, // .....>2.........
	0x00, 0x00, 0x3a, 0x00, 0x10, 0x80, 0x41, 0x00, 0x00, 0x00, 0x04, 0x00, 0x00, 0x00, 0x01, 0x40, // ..:...A........@
	0x00, 0x00, 0x00, 0x00, 0x00, 0x3e, 0x01, 0x40, 0x00, 0x00, 0x00, 0x00, 0x80, 0x3f, 0x32, 0x00, // .....>.@.....?2.
	0x00, 0x09, 0x82, 0x00, 0x10, 0x00, 0x06, 0x00, 0x00, 0x00, 0x3a, 0x00, 0x10, 0x00, 0x01, 0x00, // ..........:.....
	0x00, 0x00, 0x3a, 0x00, 0x10, 0x00, 0x04, 0x00, 0x00, 0x00, 0x3a, 0x00, 0x10, 0x00, 0x05, 0x00, // ..:.......:.....
	0x00, 0x00, 0x34, 0x00, 0x00, 0x07, 0x82, 0x00, 0x10, 0x00, 0x06, 0x00, 0x00, 0x00, 0x3a, 0x00, // ..4...........:.
	0x10, 0x00, 0x06, 0x00, 0x00, 0x00, 0x01, 0x40, 0x00, 0x00, 0xbd, 0x37, 0x86, 0x35, 0x0e, 0x00, // .......@...7.5..
	0x00, 0x07, 0x82, 0x00, 0x10, 0x00, 0x06, 0x00, 0x00, 0x00, 0x3a, 0x00, 0x10, 0x00, 0x01, 0x00, // ..........:.....
	0x00, 0x00, 0x3a, 0x00, 0x10, 0x00, 0x06, 0x00, 0x00, 0x00, 0x32, 0x00, 0x00, 0x09, 0x82, 0x00, // ..:.......2.....
	0x10, 0x00, 0x04, 0x00, 0x00, 0x00, 0x1a, 0x00, 0x10, 0x00, 0x03, 0x00, 0x00, 0x00, 0x3a, 0x00, // ..............:.
	0x10, 0x00, 0x04, 0x00, 0x00, 0x00, 0x3a, 0x00, 0x10, 0x00, 0x05, 0x00, 0x00, 0x00, 0x34, 0x00, // ......:.......4.
	0x00, 0x07, 0x82, 0x00, 0x10, 0x00, 0x04, 0x00, 0x00, 0x00, 0x3a, 0x00, 0x10, 0x00, 0x04, 0x00, // ..........:.....
	0x00, 0x00, 0x01, 0x40, 0x00, 0x00, 0xbd, 0x37, 0x86, 0x35, 0x0e, 0x00, 0x00, 0x07, 0x82, 0x00, // ...@...7.5......
	0x10, 0x00, 0x04, 0x00, 0x00, 0x00, 0x1a, 0x00, 0x10, 0x00, 0x03, 0x00, 0x00, 0x00, 0x3a, 0x00, // ..............:.
	0x10, 0x00, 0x04, 0x00, 0x00, 0x00, 0x38, 0x00, 0x00, 0x07, 0x82, 0x00, 0x10, 0x00, 0x04, 0x00, // ......8.........
	0x00, 0x00, 0x3a, 0x00, 0x10, 0x00, 0x04, 0x00, 0x00, 0x00, 0x3a, 0x00, 0x10, 0x00, 0x06, 0x00, // ..:.......:.....
	0x00, 0x00, 0x38, 0x00, 0x00, 0x07, 0x82, 0x00, 0x10, 0x00, 0x03, 0x00, 0x00, 0x00, 0x3a, 0x00, // ..8...........:.
	0x10, 0x00, 0x03, 0x00, 0x00, 0x00, 0x3a, 0x00, 0x10, 0x00, 0x04, 0x00, 0x00, 0x00, 0x38, 0x00, // ......:.......8.
	0x00, 0x07, 0x72, 0x00, 0x10, 0x00, 0x07, 0x00, 0x00, 0x00, 0x46, 0x02, 0x10, 0x00, 0x07, 0x00, // ..r.......F.....
	0x00, 0x00, 0xf6, 0x0f, 0x10, 0x00, 0x03, 0x00, 0x00, 0x00, 0x38, 0x00, 0x00, 0x07, 0x82, 0x00, // ..........8.....
	0x10, 0x00, 0x03, 0x00, 0x00, 0x00, 0x3a, 0x00, 0x10, 0x00, 0x01, 0x00, 0x00, 0x00, 0x1a, 0x00, // ......:.........
	0x10, 0x00, 0x03, 0x00, 0x00, 0x00, 0x38, 0x00, 0x00, 0x07, 0x82, 0x00, 0x10, 0x00, 0x03, 0x00, // ......8.........
	0x00, 0x00, 0x3a, 0x00, 0x10, 0x00, 0x03, 0x00, 0x00, 0x00, 0x01, 0x40, 0x00, 0x00, 0x00, 0x00, // ..:........@....
	0x80, 0x40, 0x34, 0x00, 0x00, 0x07, 0x82, 0x00, 0x10, 0x00, 0x03, 0x00, 0x00, 0x00, 0x3a, 0x00, // .@4...........:.
	0x10, 0x00, 0x03, 0x00, 0x00, 0x00, 0x01, 0x40, 0x00, 0x00, 0xbd, 0x37, 0x86, 0x35, 0x0e, 0x00, // .......@...7.5..
	0x00, 0x07, 0x72, 0x00, 0x10, 0x00, 0x07, 0x00, 0x00, 0x00, 0x46, 0x02, 0x10, 0x00, 0x07, 0x00, // ..r.......F.....
	0x00, 0x00, 0xf6, 0x0f, 0x10, 0x00, 0x03, 0x00, 0x00, 0x00, 0x34, 0x00, 0x00, 0x07, 0x82, 0x00, // ..........4.....
	0x10, 0x00, 0x03, 0x00, 0x00, 0x00, 0x2a, 0x00, 0x10, 0x00, 0x06, 0x00, 0x00, 0x00, 0x1a, 0x00, // ......*.........
	0x10, 0x00, 0x06, 0x00, 0x00, 0x00, 0x34, 0x00, 0x00, 0x07, 0x82, 0x00, 0x10, 0x00, 0x03, 0x00, // ......4.........
	0x00, 0x00, 0x3a, 0x00, 0x10, 0x00, 0x03, 0x00, 0x00, 0x00, 0x0a, 0x00, 0x10, 0x00, 0x06, 0x00, // ..:.............
	0x00, 0x00, 0x00, 0x00, 0x00, 0x08, 0x82, 0x00, 0x10, 0x00, 0x03, 0x00, 0x00, 0x00, 0x3a, 0x00, // ..............:.
	0x10, 0x80, 0x41, 0x00, 0x00, 0x00, 0x03, 0x00, 0x00, 0x00, 0x01, 0x40, 0x00, 0x00, 0x00, 0x00, // ..A........@....
	0x80, 0x3f, 0x00, 0x00, 0x00, 0x08, 0x82, 0x00, 0x10, 0x00, 0x04, 0x00, 0x00, 0x00, 0x3a, 0x00, // .?............:.
	0x10, 0x80, 0x41, 0x00, 0x00, 0x00, 0x02, 0x00, 0x00, 0x00, 0x01, 0x40, 0x00, 0x00, 0x00, 0x00, // ..A........@....
	0x80, 0x3f, 0x38, 0x00, 0x00, 0x07, 0x82, 0x00, 0x10, 0x00, 0x03, 0x00, 0x00, 0x00, 0x3a, 0x00, // .?8...........:.
	0x10, 0x00, 0x03, 0x00, 0x00, 0x00, 0x3a, 0x00, 0x10, 0x00, 0x04, 0x00, 0x00, 0x00, 0x38, 0x00, // ......:.......8.
	0x00, 0x07, 0x72, 0x00, 0x10, 0x00, 0x06, 0x00, 0x00, 0x00, 0x46, 0x02, 0x10, 0x00, 0x00, 0x00, // ..r.......F.....
	0x00, 0x00, 0xf6, 0x0f, 0x10, 0x00, 0x03, 0x00, 0x00, 0x00, 0x32, 0x00, 0x00, 0x0c, 0x72, 0x00, // ..........2...r.
	0x10, 0x00, 0x06, 0x00, 0x00, 0x00, 0x46, 0x02, 0x10, 0x00, 0x06, 0x00, 0x00, 0x00, 0x02, 0x40, // ......F........@
	0x00, 0x00, 0x83, 0xf9, 0xa2, 0x3e, 0x83, 0xf9, 0xa2, 0x3e, 0x83, 0xf9, 0xa2, 0x3e, 0x00, 0x00, // .....>...>...>..
	0x00, 0x00, 0x46, 0x02, 0x10, 0x00, 0x07, 0x00, 0x00, 0x00, 0x38, 0x00, 0x00, 0x07, 0x72, 0x00, // ..F.......8...r.
	0x10, 0x00, 0x06, 0x00, 0x00, 0x00, 0x56, 0x05, 0x10, 0x00, 0x03, 0x00, 0x00, 0x00, 0x46, 0x02, // ......V.......F.
	0x10, 0x00, 0x06, 0x00, 0x00, 0x00, 0x38, 0x00, 0x00, 0x08, 0x72, 0x00, 0x10, 0x00, 0x06, 0x00, // ......8...r.....
	0x00, 0x00, 0x46, 0x02, 0x10, 0x00, 0x06, 0x00, 0x00, 0x00, 0x46, 0x82, 0x20, 0x00, 0x00, 0x00, // ..F.......F. ...
	0x00, 0x00, 0x05, 0x00, 0x00, 0x00, 0x1d, 0x00, 0x00, 0x08, 0x82, 0x00, 0x10, 0x00, 0x03, 0x00, // ................
	0x00, 0x00, 0x3a, 0x80, 0x20, 0x00, 0x00, 0x00, 0x00, 0x00, 0x12, 0x00, 0x00, 0x00, 0x01, 0x40, // ..:. ..........@
	0x00, 0x00, 0x00, 0x00, 0x00, 0x3f, 0x1f, 0x00, 0x04, 0x03, 0x3a, 0x00, 0x10, 0x00, 0x03, 0x00, // .....?....:.....
	0x00, 0x00, 0x34, 0x00, 0x00, 0x07, 0x82, 0x00, 0x10, 0x00, 0x03, 0x00, 0x00, 0x00, 0x3a, 0x10, // ..4...........:.
	0x10, 0x00, 0x02, 0x00, 0x00, 0x00, 0x01, 0x40, 0x00, 0x00, 0xbd, 0x37, 0x86, 0x35, 0x0e, 0x00, // .......@...7.5..
	0x00, 0x07, 0x72, 0x00, 0x10, 0x00, 0x07, 0x00, 0x00, 0x00, 0x46, 0x12, 0x10, 0x00, 0x02, 0x00, // ..r.......F.....
	0x00, 0x00, 0xf6, 0x0f, 0x10, 0x00, 0x03, 0x00, 0x00, 0x00, 0x1d, 0x00, 0x00, 0x0a, 0x72, 0x00, // ..............r.
	0x10, 0x00, 0x08, 0x00, 0x00, 0x00, 0x02, 0x40, 0x00, 0x00, 0x00, 0x00, 0x00, 0x00, 0x00, 0x00, // .......@........
	0x00, 0x00, 0x00, 0x00, 0x00, 0x00, 0x00, 0x00, 0x00, 0x00, 0x46, 0x02, 0x10, 0x00, 0x07, 0x00, // ..........F.....
	0x00, 0x00, 0x1d, 0x00, 0x00, 0x0a, 0x72, 0x00, 0x10, 0x00, 0x09, 0x00, 0x00, 0x00, 0x46, 0x02, // ......r.......F.
	0x10, 0x00, 0x07, 0x00, 0x00, 0x00, 0x02, 0x40, 0x00, 0x00, 0x00, 0x00, 0x80, 0x3f, 0x00, 0x00, // .......@.....?..
	0x80, 0x3f, 0x00, 0x00, 0x80, 0x3f, 0x00, 0x00, 0x00, 0x00, 0x3c, 0x00, 0x00, 0x07, 0x82, 0x00, // .?...?....<.....
	0x10, 0x00, 0x03, 0x00, 0x00, 0x00, 0x0a, 0x00, 0x10, 0x00, 0x08, 0x00, 0x00, 0x00, 0x0a, 0x00, // ................
	0x10, 0x00, 0x09, 0x00, 0x00, 0x00, 0x3c, 0x00, 0x00, 0x07, 0x82, 0x00, 0x10, 0x00, 0x03, 0x00, // ......<.........
	0x00, 0x00, 0x1a, 0x00, 0x10, 0x00, 0x08, 0x00, 0x00, 0x00, 0x3a, 0x00, 0x10, 0x00, 0x03, 0x00, // ..........:.....
	0x00, 0x00, 0x3c, 0x00, 0x00, 0x07, 0x82, 0x00, 0x10, 0x00, 0x03, 0x00, 0x00, 0x00, 0x1a, 0x00, // ..<.............
	0x10, 0x00, 0x09, 0x00, 0x00, 0x00, 0x3a, 0x00, 0x10, 0x00, 0x03, 0x00, 0x00, 0x00, 0x3c, 0x00, // ......:.......<.
	0x00, 0x07, 0x82, 0x00, 0x10, 0x00, 0x03, 0x00, 0x00, 0x00, 0x2a, 0x00, 0x10, 0x00, 0x08, 0x00, // ..........*.....
	0x00, 0x00, 0x3a, 0x00, 0x10, 0x00, 0x03, 0x00, 0x00, 0x00, 0x3c, 0x00, 0x00, 0x07, 0x82, 0x00, // ..:.......<.....
	0x10, 0x00, 0x03, 0x00, 0x00, 0x00, 0x2a, 0x00, 0x10, 0x00, 0x09, 0x00, 0x00, 0x00, 0x3a, 0x00, // ......*.......:.
	0x10, 0x00, 0x03, 0x00, 0x00, 0x00, 0x1f, 0x00, 0x00, 0x03, 0x3a, 0x00, 0x10, 0x00, 0x03, 0x00, // ..........:.....
	0x00, 0x00, 0x00, 0x00, 0x00, 0x08, 0x22, 0x00, 0x10, 0x00, 0x03, 0x00, 0x00, 0x00, 0x1a, 0x00, // ......".........
	0x10, 0x80, 0x41, 0x00, 0x00, 0x00, 0x03, 0x00, 0x00, 0x00, 0x01, 0x40, 0x00, 0x00, 0x00, 0x00, // ..A........@....
	0x80, 0x3f, 0x00, 0x00, 0x00, 0x09, 0x82, 0x00, 0x10, 0x00, 0x03, 0x00, 0x00, 0x00, 0x2a, 0x00, // .?............*.
	0x10, 0x00, 0x07, 0x00, 0x00, 0x00, 0x0a, 0x80, 0x20, 0x80, 0x41, 0x00, 0x00, 0x00, 0x00, 0x00, // ........ .A.....
	0x00, 0x00, 0x12, 0x00, 0x00, 0x00, 0x32, 0x00, 0x00, 0x0b, 0x22, 0x00, 0x10, 0x00, 0x03, 0x00, // ......2...".....
	0x00, 0x00, 0x1a, 0x80, 0x20, 0x80, 0x41, 0x00, 0x00, 0x00, 0x00, 0x00, 0x00, 0x00, 0x12, 0x00, // .... .A.........
	0x00, 0x00, 0x1a, 0x00, 0x10, 0x00, 0x03, 0x00, 0x00, 0x00, 0x3a, 0x00, 0x10, 0x00, 0x03, 0x00, // ..........:.....
	0x00, 0x00, 0x32, 0x00, 0x00, 0x0d, 0xf2, 0x00, 0x10, 0x00, 0x08, 0x00, 0x00, 0x00, 0xa6, 0x8a, // ..2.............
	0x20, 0x00, 0x00, 0x00, 0x00, 0x00, 0x12, 0x00, 0x00, 0x00, 0x02, 0x40, 0x00, 0x00, 0x00, 0x00, //  ..........@....
	0xc0, 0xbf, 0x00, 0x00, 0xc0, 0xbf, 0x00, 0x00, 0xc0, 0xbf, 0x00, 0x00, 0x00, 0xbf, 0x46, 0x04, // ..............F.
	0x10, 0x00, 0x07, 0x00, 0x00, 0x00, 0x45, 0x00, 0x00, 0x09, 0xf2, 0x00, 0x10, 0x00, 0x09, 0x00, // ......E.........
	0x00, 0x00, 0x46, 0x00, 0x10, 0x00, 0x08, 0x00, 0x00, 0x00, 0x46, 0x7e, 0x10, 0x00, 0x0a, 0x00, // ..F.......F~....
	0x00, 0x00, 0x00, 0x60, 0x10, 0x00, 0x0a, 0x00, 0x00, 0x00, 0x11, 0x00, 0x00, 0x0a, 0x82, 0x00, // ...`............
	0x10, 0x00, 0x03, 0x00, 0x00, 0x00, 0x46, 0x0e, 0x10, 0x00, 0x09, 0x00, 0x00, 0x00, 0x02, 0x40, // ......F........@
	0x00, 0x00, 0x00, 0x00, 0x80, 0x33, 0x00, 0x00, 0x80, 0x37, 0x00, 0x00, 0x80, 0x3b, 0x00, 0x00, // .....3...7...;..
	0x80, 0x3f, 0x1d, 0x00, 0x00, 0x07, 0x82, 0x00, 0x10, 0x00, 0x03, 0x00, 0x00, 0x00, 0x3a, 0x00, // .?............:.
	0x10, 0x00, 0x03, 0x00, 0x00, 0x00, 0x1a, 0x00, 0x10, 0x00, 0x03, 0x00, 0x00, 0x00, 0x01, 0x00, // ................
	0x00, 0x07, 0x82, 0x00, 0x10, 0x00, 0x03, 0x00, 0x00, 0x00, 0x3a, 0x00, 0x10, 0x00, 0x03, 0x00, // ..........:.....
	0x00, 0x00, 0x01, 0x40, 0x00, 0x00, 0x00, 0x00, 0x80, 0x3f, 0x45, 0x00, 0x00, 0x09, 0xf2, 0x00, // ...@.....?E.....
	0x10, 0x00, 0x08, 0x00, 0x00, 0x00, 0xe6, 0x0a, 0x10, 0x00, 0x08, 0x00, 0x00, 0x00, 0x46, 0x7e, // ..............F~
	0x10, 0x00, 0x0a, 0x00, 0x00, 0x00, 0x00, 0x60, 0x10, 0x00, 0x0a, 0x00, 0x00, 0x00, 0x11, 0x00, // .......`........
	0x00, 0x0a, 0x82, 0x00, 0x10, 0x00, 0x04, 0x00, 0x00, 0x00, 0x46, 0x0e, 0x10, 0x00, 0x08, 0x00, // ..........F.....
	0x00, 0x00, 0x02, 0x40, 0x00, 0x00, 0x00, 0x00, 0x80, 0x33, 0x00, 0x00, 0x80, 0x37, 0x00, 0x00, // ...@.....3...7..
	0x80, 0x3b, 0x00, 0x00, 0x80, 0x3f, 0x1d, 0x00, 0x00, 0x07, 0x82, 0x00, 0x10, 0x00, 0x04, 0x00, // .;...?..........
	0x00, 0x00, 0x3a, 0x00, 0x10, 0x00, 0x04, 0x00, 0x00, 0x00, 0x1a, 0x00, 0x10, 0x00, 0x03, 0x00, // ..:.............
	0x00, 0x00, 0x01, 0x00, 0x00, 0x07, 0x82, 0x00, 0x10, 0x00, 0x04, 0x00, 0x00, 0x00, 0x3a, 0x00, // ..............:.
	0x10, 0x00, 0x04, 0x00, 0x00, 0x00, 0x01, 0x40, 0x00, 0x00, 0x00, 0x00, 0x40, 0x40, 0x00, 0x00, // .......@....@@..
	0x00, 0x07, 0x82, 0x00, 0x10, 0x00, 0x03, 0x00, 0x00, 0x00, 0x3a, 0x00, 0x10, 0x00, 0x03, 0x00, // ..........:.....
	0x00, 0x00, 0x3a, 0x00, 0x10, 0x00, 0x04, 0x00, 0x00, 0x00, 0x32, 0x00, 0x00, 0x0d, 0xf2, 0x00, // ..:.......2.....
	0x10, 0x00, 0x08, 0x00, 0x00, 0x00, 0xa6, 0x8a, 0x20, 0x00, 0x00, 0x00, 0x00, 0x00, 0x12, 0x00, // ........ .......
	0x00, 0x00, 0x02, 0x40, 0x00, 0x00, 0x00, 0x00, 0xc0, 0xbf, 0x00, 0x00, 0x00, 0x3f, 0x00, 0x00, // ...@.........?..
	0xc0, 0xbf, 0x00, 0x00, 0xc0, 0x3f, 0x46, 0x04, 0x10, 0x00, 0x07, 0x00, 0x00, 0x00, 0x45, 0x00, // .....?F.......E.
	0x00, 0x09, 0xf2, 0x00, 0x10, 0x00, 0x09, 0x00, 0x00, 0x00, 0x46, 0x00, 0x10, 0x00, 0x08, 0x00, // ..........F.....
	0x00, 0x00, 0x46, 0x7e, 0x10, 0x00, 0x0a, 0x00, 0x00, 0x00, 0x00, 0x60, 0x10, 0x00, 0x0a, 0x00, // ..F~.......`....
	0x00, 0x00, 0x11, 0x00, 0x00, 0x0a, 0x82, 0x00, 0x10, 0x00, 0x04, 0x00, 0x00, 0x00, 0x46, 0x0e, // ..............F.
	0x10, 0x00, 0x09, 0x00, 0x00, 0x00, 0x02, 0x40, 0x00, 0x00, 0x00, 0x00, 0x80, 0x33, 0x00, 0x00, // .......@.....3..
	0x80, 0x37, 0x00, 0x00, 0x80, 0x3b, 0x00, 0x00, 0x80, 0x3f, 0x1d, 0x00, 0x00, 0x07, 0x82, 0x00, // .7...;...?......
	0x10, 0x00, 0x04, 0x00, 0x00, 0x00, 0x3a, 0x00, 0x10, 0x00, 0x04, 0x00, 0x00, 0x00, 0x1a, 0x00, // ......:.........
	0x10, 0x00, 0x03, 0x00, 0x00, 0x00, 0x01, 0x00, 0x00, 0x07, 0x82, 0x00, 0x10, 0x00, 0x04, 0x00, // ................
	0x00, 0x00, 0x3a, 0x00, 0x10, 0x00, 0x04, 0x00, 0x00, 0x00, 0x01, 0x40, 0x00, 0x00, 0x00, 0x00, // ..:........@....
	0x40, 0x40, 0x00, 0x00, 0x00, 0x07, 0x82, 0x00, 0x10, 0x00, 0x03, 0x00, 0x00, 0x00, 0x3a, 0x00, // @@............:.
	0x10, 0x00, 0x03, 0x00, 0x00, 0x00, 0x3a, 0x00, 0x10, 0x00, 0x04, 0x00, 0x00, 0x00, 0x45, 0x00, // ......:.......E.
	0x00, 0x09, 0xf2, 0x00, 0x10, 0x00, 0x08, 0x00, 0x00, 0x00, 0xe6, 0x0a, 0x10, 0x00, 0x08, 0x00, // ................
	0x00, 0x00, 0x46, 0x7e, 0x10, 0x00, 0x0a, 0x00, 0x00, 0x00, 0x00, 0x60, 0x10, 0x00, 0x0a, 0x00, // ..F~.......`....
	0x00, 0x00, 0x11, 0x00, 0x00, 0x0a, 0x82, 0x00, 0x10, 0x00, 0x04, 0x00, 0x00, 0x00, 0x46, 0x0e, // ..............F.
	0x10, 0x00, 0x08, 0x00, 0x00, 0x00, 0x02, 0x40, 0x00, 0x00, 0x00, 0x00, 0x80, 0x33, 0x00, 0x00, // .......@.....3..
	0x80, 0x37, 0x00, 0x00, 0x80, 0x3b, 0x00, 0x00, 0x80, 0x3f, 0x1d, 0x00, 0x00, 0x07, 0x82, 0x00, // .7...;...?......
	0x10, 0x00, 0x04, 0x00, 0x00, 0x00, 0x3a, 0x00, 0x10, 0x00, 0x04, 0x00, 0x00, 0x00, 0x1a, 0x00, // ......:.........
	0x10, 0x00, 0x03, 0x00, 0x00, 0x00, 0x01, 0x00, 0x00, 0x07, 0x82, 0x00, 0x10, 0x00, 0x04, 0x00, // ................
	0x00, 0x00, 0x3a, 0x00, 0x10, 0x00, 0x04, 0x00, 0x00, 0x00, 0x01, 0x40, 0x00, 0x00, 0x00, 0x00, // ..:........@....
	0x80, 0x3f, 0x00, 0x00, 0x00, 0x07, 0x82, 0x00, 0x10, 0x00, 0x03, 0x00, 0x00, 0x00, 0x3a, 0x00, // .?............:.
	0x10, 0x00, 0x03, 0x00, 0x00, 0x00, 0x3a, 0x00, 0x10, 0x00, 0x04, 0x00, 0x00, 0x00, 0x32, 0x00, // ......:.......2.
	0x00, 0x0d, 0xf2, 0x00, 0x10, 0x00, 0x08, 0x00, 0x00, 0x00, 0xa6, 0x8a, 0x20, 0x00, 0x00, 0x00, // ............ ...
	0x00, 0x00, 0x12, 0x00, 0x00, 0x00, 0x02, 0x40, 0x00, 0x00, 0x00, 0x00, 0x00, 0xbf, 0x00, 0x00, // .......@........
	0xc0, 0xbf, 0x00, 0x00, 0x00, 0xbf, 0x00, 0x00, 0x00, 0xbf, 0x46, 0x04, 0x10, 0x00, 0x07, 0x00, // ..........F.....
	0x00, 0x00, 0x45, 0x00, 0x00, 0x09, 0xf2, 0x00, 0x10, 0x00, 0x09, 0x00, 0x00, 0x00, 0x46, 0x00, // ..E...........F.
	0x10, 0x00, 0x08, 0x00, 0x00, 0x00, 0x46, 0x7e, 0x10, 0x00, 0x0a, 0x00, 0x00, 0x00, 0x00, 0x60, // ......F~.......`
	0x10, 0x00, 0x0a, 0x00, 0x00, 0x00, 0x11, 0x00, 0x00, 0x0a, 0x82, 0x00, 0x10, 0x00, 0x04, 0x00, // ................
	0x00, 0x00, 0x46, 0x0e, 0x10, 0x00, 0x09, 0x00, 0x00, 0x00, 0x02, 0x40, 0x00, 0x00, 0x00, 0x00, // ..F........@....
	0x80, 0x33, 0x00, 0x00, 0x80, 0x37, 0x00, 0x00, 0x80, 0x3b, 0x00, 0x00, 0x80, 0x3f, 0x1d, 0x00, // .3...7...;...?..
	0x00, 0x07, 0x82, 0x00, 0x10, 0x00, 0x04, 0x00, 0x00, 0x00, 0x3a, 0x00, 0x10, 0x00, 0x04, 0x00, // ..........:.....
	0x00, 0x00, 0x1a, 0x00, 0x10, 0x00, 0x03, 0x00, 0x00, 0x00, 0x01, 0x00, 0x00, 0x07, 0x82, 0x00, // ................
	0x10, 0x00, 0x04, 0x00, 0x00, 0x00, 0x3a, 0x00, 0x10, 0x00, 0x04, 0x00, 0x00, 0x00, 0x01, 0x40, // ......:........@
	0x00, 0x00, 0x00, 0x00, 0x40, 0x40, 0x00, 0x00, 0x00, 0x07, 0x82, 0x00, 0x10, 0x00, 0x03, 0x00, // ....@@..........
	0x00, 0x00, 0x3a, 0x00, 0x10, 0x00, 0x03, 0x00, 0x00, 0x00, 0x3a, 0x00, 0x10, 0x00, 0x04, 0x00, // ..:.......:.....
	0x00, 0x00, 0x45, 0x00, 0x00, 0x09, 0xf2, 0x00, 0x10, 0x00, 0x08, 0x00, 0x00, 0x00, 0xe6, 0x0a, // ..E.............
	0x10, 0x00, 0x08, 0x00, 0x00, 0x00, 0x46, 0x7e, 0x10, 0x00, 0x0a, 0x00, 0x00, 0x00, 0x00, 0x60, // ......F~.......`
	0x10, 0x00, 0x0a, 0x00, 0x00, 0x00, 0x11, 0x00, 0x00, 0x0a, 0x82, 0x00, 0x10, 0x00, 0x04, 0x00, // ................
	0x00, 0x00, 0x46, 0x0e, 0x10, 0x00, 0x08, 0x00, 0x00, 0x00, 0x02, 0x40, 0x00, 0x00, 0x00, 0x00, // ..F........@....
	0x80, 0x33, 0x00, 0x00, 0x80, 0x37, 0x00, 0x00, 0x80, 0x3b, 0x00, 0x00, 0x80, 0x3f, 0x1d, 0x00, // .3...7...;...?..
	0x00, 0x07, 0x82, 0x00, 0x10, 0x00, 0x04, 0x00, 0x00, 0x00, 0x3a, 0x00, 0x10, 0x00, 0x04, 0x00, // ..........:.....
	0x00, 0x00, 0x1a, 0x00, 0x10, 0x00, 0x03, 0x00, 0x00, 0x00, 0x01, 0x00, 0x00, 0x07, 0x82, 0x00, // ................
	0x10, 0x00, 0x04, 0x00, 0x00, 0x00, 0x3a, 0x00, 0x10, 0x00, 0x04, 0x00, 0x00, 0x00, 0x01, 0x40, // ......:........@
	0x00, 0x00, 0x00, 0x00, 0x10, 0x41, 0x00, 0x00, 0x00, 0x07, 0x82, 0x00, 0x10, 0x00, 0x03, 0x00, // .....A..........
	0x00, 0x00, 0x3a, 0x00, 0x10, 0x00, 0x03, 0x00, 0x00, 0x00, 0x3a, 0x00, 0x10, 0x00, 0x04, 0x00, // ..:.......:.....
	0x00, 0x00, 0x32, 0x00, 0x00, 0x0d, 0xf2, 0x00, 0x10, 0x00, 0x08, 0x00, 0x00, 0x00, 0xa6, 0x8a, // ..2.............
	0x20, 0x00, 0x00, 0x00, 0x00, 0x00, 0x12, 0x00, 0x00, 0x00, 0x02, 0x40, 0x00, 0x00, 0x00, 0x00, //  ..........@....
	0x00, 0xbf, 0x00, 0x00, 0x00, 0x3f, 0x00, 0x00, 0x00, 0xbf, 0x00, 0x00, 0xc0, 0x3f, 0x46, 0x04, // .....?.......?F.
	0x10, 0x00, 0x07, 0x00, 0x00, 0x00, 0x45, 0x00, 0x00, 0x09, 0xf2, 0x00, 0x10, 0x00, 0x09, 0x00, // ......E.........
	0x00, 0x00, 0x46, 0x00, 0x10, 0x00, 0x08, 0x00, 0x00, 0x00, 0x46, 0x7e, 0x10, 0x00, 0x0a, 0x00, // ..F.......F~....
	0x00, 0x00, 0x00, 0x60, 0x10, 0x00, 0x0a, 0x00, 0x00, 0x00, 0x11, 0x00, 0x00, 0x0a, 0x82, 0x00, // ...`............
	0x10, 0x00, 0x04, 0x00, 0x00, 0x00, 0x46, 0x0e, 0x10, 0x00, 0x09, 0x00, 0x00, 0x00, 0x02, 0x40, // ......F........@
	0x00, 0x00, 0x00, 0x00, 0x80, 0x33, 0x00, 0x00, 0x80, 0x37, 0x00, 0x00, 0x80, 0x3b, 0x00, 0x00, // .....3...7...;..
	0x80, 0x3f, 0x1d, 0x00, 0x00, 0x07, 0x82, 0x00, 0x10, 0x00, 0x04, 0x00, 0x00, 0x00, 0x3a, 0x00, // .?............:.
	0x10, 0x00, 0x04, 0x00, 0x00, 0x00, 0x1a, 0x00, 0x10, 0x00, 0x03, 0x00, 0x00, 0x00, 0x01, 0x00, // ................
	0x00, 0x07, 0x82, 0x00, 0x10, 0x00, 0x04, 0x00, 0x00, 0x00, 0x3a, 0x00, 0x10, 0x00, 0x04, 0x00, // ..........:.....
	0x00, 0x00, 0x01, 0x40, 0x00, 0x00, 0x00, 0x00, 0x10, 0x41, 0x00, 0x00, 0x00, 0x07, 0x82, 0x00, // ...@.....A......
	0x10, 0x00, 0x03, 0x00, 0x00, 0x00, 0x3a, 0x00, 0x10, 0x00, 0x03, 0x00, 0x00, 0x00, 0x3a, 0x00, // ......:.......:.
	0x10, 0x00, 0x04, 0x00, 0x00, 0x00, 0x45, 0x00, 0x00, 0x09, 0xf2, 0x00, 0x10, 0x00, 0x08, 0x00, // ......E.........
	0x00, 0x00, 0xe6, 0x0a, 0x10, 0x00, 0x08, 0x00, 0x00, 0x00, 0x46, 0x7e, 0x10, 0x00, 0x0a, 0x00, // ..........F~....
	0x00, 0x00, 0x00, 0x60, 0x10, 0x00, 0x0a, 0x00, 0x00, 0x00, 0x11, 0x00, 0x00, 0x0a, 0x82, 0x00, // ...`............
	0x10, 0x00, 0x04, 0x00, 0x00, 0x00, 0x46, 0x0e, 0x10, 0x00, 0x08, 0x00, 0x00, 0x00, 0x02, 0x40, // ......F........@
	0x00, 0x00, 0x00, 0x00, 0x80, 0x33, 0x00, 0x00, 0x80, 0x37, 0x00, 0x00, 0x80, 0x3b, 0x00, 0x00, // .....3...7...;..
	0x80, 0x3f, 0x1d, 0x00, 0x00, 0x07, 0x82, 0x00, 0x10, 0x00, 0x04, 0x00, 0x00, 0x00, 0x3a, 0x00, // .?............:.
	0x10, 0x00, 0x04, 0x00, 0x00, 0x00, 0x1a, 0x00, 0x10, 0x00, 0x03, 0x00, 0x00, 0x00, 0x01, 0x00, // ................
	0x00, 0x07, 0x82, 0x00, 0x10, 0x00, 0x04, 0x00, 0x00, 0x00, 0x3a, 0x00, 0x10, 0x00, 0x04, 0x00, // ..........:.....
	0x00, 0x00, 0x01, 0x40, 0x00, 0x00, 0x00, 0x00, 0x40, 0x40, 0x00, 0x00, 0x00, 0x07, 0x82, 0x00, // ...@....@@......
	0x10, 0x00, 0x03, 0x00, 0x00, 0x00, 0x3a, 0x00, 0x10, 0x00, 0x03, 0x00, 0x00, 0x00, 0x3a, 0x00, // ......:.......:.
	0x10, 0x00, 0x04, 0x00, 0x00, 0x00, 0x32, 0x00, 0x00, 0x0d, 0xf2, 0x00, 0x10, 0x00, 0x08, 0x00, // ......2.........
	0x00, 0x00, 0xa6, 0x8a, 0x20, 0x00, 0x00, 0x00, 0x00, 0x00, 0x12, 0x00, 0x00, 0x00, 0x02, 0x40, // .... ..........@
	0x00, 0x00, 0x00, 0x00, 0x00, 0x3f, 0x00, 0x00, 0xc0, 0xbf, 0x00, 0x00, 0xc0, 0x3f, 0x00, 0x00, // .....?.......?..
	0xc0, 0xbf, 0x46, 0x04, 0x10, 0x00, 0x07, 0x00, 0x00, 0x00, 0x45, 0x00, 0x00, 0x09, 0xf2, 0x00, // ..F.......E.....
	0x10, 0x00, 0x09, 0x00, 0x00, 0x00, 0x46, 0x00, 0x10, 0x00, 0x08, 0x00, 0x00, 0x00, 0x46, 0x7e, // ......F.......F~
	0x10, 0x00, 0x0a, 0x00, 0x00, 0x00, 0x00, 0x60, 0x10, 0x00, 0x0a, 0x00, 0x00, 0x00, 0x11, 0x00, // .......`........
	0x00, 0x0a, 0x82, 0x00, 0x10, 0x00, 0x04, 0x00, 0x00, 0x00, 0x46, 0x0e, 0x10, 0x00, 0x09, 0x00, // ..........F.....
	0x00, 0x00, 0x02, 0x40, 0x00, 0x00, 0x00, 0x00, 0x80, 0x33, 0x00, 0x00, 0x80, 0x37, 0x00, 0x00, // ...@.....3...7..
	0x80, 0x3b, 0x00, 0x00, 0x80, 0x3f, 0x1d, 0x00, 0x00, 0x07, 0x82, 0x00, 0x10, 0x00, 0x04, 0x00, // .;...?..........
	0x00, 0x00, 0x3a, 0x00, 0x10, 0x00, 0x04, 0x00, 0x00, 0x00, 0x1a, 0x00, 0x10, 0x00, 0x03, 0x00, // ..:.............
	0x00, 0x00, 0x01, 0x00, 0x00, 0x07, 0x82, 0x00, 0x10, 0x00, 0x04, 0x00, 0x00, 0x00, 0x3a, 0x00, // ..............:.
	0x10, 0x00, 0x04, 0x00, 0x00, 0x00, 0x01, 0x40, 0x00, 0x00, 0x00, 0x00, 0x40, 0x40, 0x00, 0x00, // .......@....@@..
	0x00, 0x07, 0x82, 0x00, 0x10, 0x00, 0x03, 0x00, 0x00, 0x00, 0x3a, 0x00, 0x10, 0x00, 0x03, 0x00, // ..........:.....
	0x00, 0x00, 0x3a, 0x00, 0x10, 0x00, 0x04, 0x00, 0x00, 0x00, 0x32, 0x00, 0x00, 0x0d, 0xf2, 0x00, // ..:.......2.....
	0x10, 0x00, 0x09, 0x00, 0x00, 0x00, 0xa6, 0x8a, 0x20, 0x00, 0x00, 0x00, 0x00, 0x00, 0x12, 0x00, // ........ .......
	0x00, 0x00, 0x02, 0x40, 0x00, 0x00, 0x00, 0x00, 0x00, 0x3f, 0x00, 0x00, 0x00, 0xbf, 0x00, 0x00, // ...@.....?......
	0x00, 0x3f, 0x00, 0x00, 0x00, 0x3f, 0x46, 0x04, 0x10, 0x00, 0x07, 0x00, 0x00, 0x00, 0x45, 0x00, // .?...?F.......E.
	0x00, 0x09, 0xf2, 0x00, 0x10, 0x00, 0x0a, 0x00, 0x00, 0x00, 0x46, 0x00, 0x10, 0x00, 0x09, 0x00, // ..........F.....
	0x00, 0x00, 0x46, 0x7e, 0x10, 0x00, 0x0a, 0x00, 0x00, 0x00, 0x00, 0x60, 0x10, 0x00, 0x0a, 0x00, // ..F~.......`....
	0x00, 0x00, 0x11, 0x00, 0x00, 0x0a, 0x82, 0x00, 0x10, 0x00, 0x04, 0x00, 0x00, 0x00, 0x46, 0x0e, // ..............F.
	0x10, 0x00, 0x0a, 0x00, 0x00, 0x00, 0x02, 0x40, 0x00, 0x00, 0x00, 0x00, 0x80, 0x33, 0x00, 0x00, // .......@.....3..
	0x80, 0x37, 0x00, 0x00, 0x80, 0x3b, 0x00, 0x00, 0x80, 0x3f, 0x1d, 0x00, 0x00, 0x07, 0x82, 0x00, // .7...;...?......
	0x10, 0x00, 0x04, 0x00, 0x00, 0x00, 0x3a, 0x00, 0x10, 0x00, 0x04, 0x00, 0x00, 0x00, 0x1a, 0x00, // ......:.........
	0x10, 0x00, 0x03, 0x00, 0x00, 0x00, 0x01, 0x00, 0x00, 0x07, 0x82, 0x00, 0x10, 0x00, 0x04, 0x00, // ................
	0x00, 0x00, 0x3a, 0x00, 0x10, 0x00, 0x04, 0x00, 0x00, 0x00, 0x01, 0x40, 0x00, 0x00, 0x00, 0x00, // ..:........@....
	0x10, 0x41, 0x00, 0x00, 0x00, 0x07, 0x82, 0x00, 0x10, 0x00, 0x03, 0x00, 0x00, 0x00, 0x3a, 0x00, // .A............:.
	0x10, 0x00, 0x03, 0x00, 0x00, 0x00, 0x3a, 0x00, 0x10, 0x00, 0x04, 0x00, 0x00, 0x00, 0x45, 0x00, // ......:.......E.
	0x00, 0x09, 0xf2, 0x00, 0x10, 0x00, 0x09, 0x00, 0x00, 0x00, 0xe6, 0x0a, 0x10, 0x00, 0x09, 0x00, // ................
	0x00, 0x00, 0x46, 0x7e, 0x10, 0x00, 0x0a, 0x00, 0x00, 0x00, 0x00, 0x60, 0x10, 0x00, 0x0a, 0x00, // ..F~.......`....
	0x00, 0x00, 0x11, 0x00, 0x00, 0x0a, 0x82, 0x00, 0x10, 0x00, 0x04, 0x00, 0x00, 0x00, 0x46, 0x0e, // ..............F.
	0x10, 0x00, 0x09, 0x00, 0x00, 0x00, 0x02, 0x40, 0x00, 0x00, 0x00, 0x00, 0x80, 0x33, 0x00, 0x00, // .......@.....3..
	0x80, 0x37, 0x00, 0x00, 0x80, 0x3b, 0x00, 0x00, 0x80, 0x3f, 0x1d, 0x00, 0x00, 0x07, 0x82, 0x00, // .7...;...?......
	0x10, 0x00, 0x04, 0x00, 0x00, 0x00, 0x3a, 0x00, 0x10, 0x00, 0x04, 0x00, 0x00, 0x00, 0x1a, 0x00, // ......:.........
	0x10, 0x00, 0x03, 0x00, 0x00, 0x00, 0x01, 0x00, 0x00, 0x07, 0x82, 0x00, 0x10, 0x00, 0x04, 0x00, // ................
	0x00, 0x00, 0x3a, 0x00, 0x10, 0x00, 0x04, 0x00, 0x00, 0x00, 0x01, 0x40, 0x00, 0x00, 0x00, 0x00, // ..:........@....
	0x10, 0x41, 0x00, 0x00, 0x00, 0x07, 0x82, 0x00, 0x10, 0x00, 0x03, 0x00, 0x00, 0x00, 0x3a, 0x00, // .A............:.
	0x10, 0x00, 0x03, 0x00, 0x00, 0x00, 0x3a, 0x00, 0x10, 0x00, 0x04, 0x00, 0x00, 0x00, 0x32, 0x00, // ......:.......2.
	0x00, 0x0d, 0xf2, 0x00, 0x10, 0x00, 0x09, 0x00, 0x00, 0x00, 0xa6, 0x8a, 0x20, 0x00, 0x00, 0x00, // ............ ...
	0x00, 0x00, 0x12, 0x00, 0x00, 0x00, 0x02, 0x40, 0x00, 0x00, 0x00, 0x00, 0x00, 0x3f, 0x00, 0x00, // .......@.....?..
	0xc0, 0x3f, 0x00, 0x00, 0xc0, 0x3f, 0x00, 0x00, 0x00, 0x3f, 0x46, 0x04, 0x10, 0x00, 0x07, 0x00, // .?...?...?F.....
	0x00, 0x00, 0x45, 0x00, 0x00, 0x09, 0xf2, 0x00, 0x10, 0x00, 0x0a, 0x00, 0x00, 0x00, 0x46, 0x00, // ..E...........F.
	0x10, 0x00, 0x09, 0x00, 0x00, 0x00, 0x46, 0x7e, 0x10, 0x00, 0x0a, 0x00, 0x00, 0x00, 0x00, 0x60, // ......F~.......`
	0x10, 0x00, 0x0a, 0x00, 0x00, 0x00, 0x11, 0x00, 0x00, 0x0a, 0x82, 0x00, 0x10, 0x00, 0x04, 0x00, // ................
	0x00, 0x00, 0x46, 0x0e, 0x10, 0x00, 0x0a, 0x00, 0x00, 0x00, 0x02, 0x40, 0x00, 0x00, 0x00, 0x00, // ..F........@....
	0x80, 0x33, 0x00, 0x00, 0x80, 0x37, 0x00, 0x00, 0x80, 0x3b, 0x00, 0x00, 0x80, 0x3f, 0x1d, 0x00, // .3...7...;...?..
	0x00, 0x07, 0x82, 0x00, 0x10, 0x00, 0x04, 0x00, 0x00, 0x00, 0x3a, 0x00, 0x10, 0x00, 0x04, 0x00, // ..........:.....
	0x00, 0x00, 0x1a, 0x00, 0x10, 0x00, 0x03, 0x00, 0x00, 0x00, 0x01, 0x00, 0x00, 0x07, 0x82, 0x00, // ................
	0x10, 0x00, 0x04, 0x00, 0x00, 0x00, 0x3a, 0x00, 0x10, 0x00, 0x04, 0x00, 0x00, 0x00, 0x01, 0x40, // ......:........@
	0x00, 0x00, 0x00, 0x00, 0x40, 0x40, 0x00, 0x00, 0x00, 0x07, 0x82, 0x00, 0x10, 0x00, 0x03, 0x00, // ....@@..........
	0x00, 0x00, 0x3a, 0x00, 0x10, 0x00, 0x03, 0x00, 0x00, 0x00, 0x3a, 0x00, 0x10, 0x00, 0x04, 0x00, // ..:.......:.....
	0x00, 0x00, 0x45, 0x00, 0x00, 0x09, 0xf2, 0x00, 0x10, 0x00, 0x08, 0x00, 0x00, 0x00, 0xe6, 0x0a, // ..E.............
	0x10, 0x00, 0x08, 0x00, 0x00, 0x00, 0x46, 0x7e, 0x10, 0x00, 0x0a, 0x00, 0x00, 0x00, 0x00, 0x60, // ......F~.......`
	0x10, 0x00, 0x0a, 0x00, 0x00, 0x00, 0x11, 0x00, 0x00, 0x0a, 0x82, 0x00, 0x10, 0x00, 0x04, 0x00, // ................
	0x00, 0x00, 0x46, 0x0e, 0x10, 0x00, 0x08, 0x00, 0x00, 0x00, 0x02, 0x40, 0x00, 0x00, 0x00, 0x00, // ..F........@....
	0x80, 0x33, 0x00, 0x00, 0x80, 0x37, 0x00, 0x00, 0x80, 0x3b, 0x00, 0x00, 0x80, 0x3f, 0x1d, 0x00, // .3...7...;...?..
	0x00, 0x07, 0x82, 0x00, 0x10, 0x00, 0x04, 0x00, 0x00, 0x00, 0x3a, 0x00, 0x10, 0x00, 0x04, 0x00, // ..........:.....
	0x00, 0x00, 0x1a, 0x00, 0x10, 0x00, 0x03, 0x00, 0x00, 0x00, 0x01, 0x00, 0x00, 0x07, 0x82, 0x00, // ................
	0x10, 0x00, 0x04, 0x00, 0x00, 0x00, 0x3a, 0x00, 0x10, 0x00, 0x04, 0x00, 0x00, 0x00, 0x01, 0x40, // ......:........@
	0x00, 0x00, 0x00, 0x00, 0x80, 0x3f, 0x00, 0x00, 0x00, 0x07, 0x82, 0x00, 0x10, 0x00, 0x03, 0x00, // .....?..........
	0x00, 0x00, 0x3a, 0x00, 0x10, 0x00, 0x03, 0x00, 0x00, 0x00, 0x3a, 0x00, 0x10, 0x00, 0x04, 0x00, // ..:.......:.....
	0x00, 0x00, 0x32, 0x00, 0x00, 0x0d, 0xc2, 0x00, 0x10, 0x00, 0x07, 0x00, 0x00, 0x00, 0xa6, 0x8a, // ..2.............
	0x20, 0x00, 0x00, 0x00, 0x00, 0x00, 0x12, 0x00, 0x00, 0x00, 0x02, 0x40, 0x00, 0x00, 0x00, 0x00, //  ..........@....
	0x00, 0x00, 0x00, 0x00, 0x00, 0x00, 0x00, 0x00, 0xc0, 0x3f, 0x00, 0x00, 0x00, 0xbf, 0x06, 0x04, // .........?......
	0x10, 0x00, 0x07, 0x00, 0x00, 0x00, 0x45, 0x00, 0x00, 0x09, 0xf2, 0x00, 0x10, 0x00, 0x08, 0x00, // ......E.........
	0x00, 0x00, 0xe6, 0x0a, 0x10, 0x00, 0x07, 0x00, 0x00, 0x00, 0x46, 0x7e, 0x10, 0x00, 0x0a, 0x00, // ..........F~....
	0x00, 0x00, 0x00, 0x60, 0x10, 0x00, 0x0a, 0x00, 0x00, 0x00, 0x11, 0x00, 0x00, 0x0a, 0x82, 0x00, // ...`............
	0x10, 0x00, 0x04, 0x00, 0x00, 0x00, 0x46, 0x0e, 0x10, 0x00, 0x08, 0x00, 0x00, 0x00, 0x02, 0x40, // ......F........@
	0x00, 0x00, 0x00, 0x00, 0x80, 0x33, 0x00, 0x00, 0x80, 0x37, 0x00, 0x00, 0x80, 0x3b, 0x00, 0x00, // .....3...7...;..
	0x80, 0x3f, 0x1d, 0x00, 0x00, 0x07, 0x82, 0x00, 0x10, 0x00, 0x04, 0x00, 0x00, 0x00, 0x3a, 0x00, // .?............:.
	0x10, 0x00, 0x04, 0x00, 0x00, 0x00, 0x1a, 0x00, 0x10, 0x00, 0x03, 0x00, 0x00, 0x00, 0x01, 0x00, // ................
	0x00, 0x07, 0x82, 0x00, 0x10, 0x00, 0x04, 0x00, 0x00, 0x00, 0x3a, 0x00, 0x10, 0x00, 0x04, 0x00, // ..........:.....
	0x00, 0x00, 0x01, 0x40, 0x00, 0x00, 0x00, 0x00, 0x40, 0x40, 0x00, 0x00, 0x00, 0x07, 0x82, 0x00, // ...@....@@......
	0x10, 0x00, 0x03, 0x00, 0x00, 0x00, 0x3a, 0x00, 0x10, 0x00, 0x03, 0x00, 0x00, 0x00, 0x3a, 0x00, // ......:.......:.
	0x10, 0x00, 0x04, 0x00, 0x00, 0x00, 0x45, 0x00, 0x00, 0x09, 0xf2, 0x00, 0x10, 0x00, 0x08, 0x00, // ......E.........
	0x00, 0x00, 0xe6, 0x0a, 0x10, 0x00, 0x09, 0x00, 0x00, 0x00, 0x46, 0x7e, 0x10, 0x00, 0x0a, 0x00, // ..........F~....
	0x00, 0x00, 0x00, 0x60, 0x10, 0x00, 0x0a, 0x00, 0x00, 0x00, 0x11, 0x00, 0x00, 0x0a, 0x82, 0x00, // ...`............
	0x10, 0x00, 0x04, 0x00, 0x00, 0x00, 0x46, 0x0e, 0x10, 0x00, 0x08, 0x00, 0x00, 0x00, 0x02, 0x40, // ......F........@
	0x00, 0x00, 0x00, 0x00, 0x80, 0x33, 0x00, 0x00, 0x80, 0x37, 0x00, 0x00, 0x80, 0x3b, 0x00, 0x00, // .....3...7...;..
	0x80, 0x3f, 0x1d, 0x00, 0x00, 0x07, 0x82, 0x00, 0x10, 0x00, 0x04, 0x00, 0x00, 0x00, 0x3a, 0x00, // .?............:.
	0x10, 0x00, 0x04, 0x00, 0x00, 0x00, 0x1a, 0x00, 0x10, 0x00, 0x03, 0x00, 0x00, 0x00, 0x01, 0x00, // ................
	0x00, 0x07, 0x82, 0x00, 0x10, 0x00, 0x04, 0x00, 0x00, 0x00, 0x3a, 0x00, 0x10, 0x00, 0x04, 0x00, // ..........:.....
	0x00, 0x00, 0x01, 0x40, 0x00, 0x00, 0x00, 0x00, 0x40, 0x40, 0x00, 0x00, 0x00, 0x07, 0x82, 0x00, // ...@....@@......
	0x10, 0x00, 0x03, 0x00, 0x00, 0x00, 0x3a, 0x00, 0x10, 0x00, 0x03, 0x00, 0x00, 0x00, 0x3a, 0x00, // ......:.......:.
	0x10, 0x00, 0x04, 0x00, 0x00, 0x00, 0x32, 0x00, 0x00, 0x0d, 0x32, 0x00, 0x10, 0x00, 0x07, 0x00, // ......2...2.....
	0x00, 0x00, 0xa6, 0x8a, 0x20, 0x00, 0x00, 0x00, 0x00, 0x00, 0x12, 0x00, 0x00, 0x00, 0x02, 0x40, // .... ..........@
	0x00, 0x00, 0x00, 0x00, 0xc0, 0x3f, 0x00, 0x00, 0xc0, 0x3f, 0x00, 0x00, 0x00, 0x00, 0x00, 0x00, // .....?...?......
	0x00, 0x00, 0x46, 0x00, 0x10, 0x00, 0x07, 0x00, 0x00, 0x00, 0x45, 0x00, 0x00, 0x09, 0xf2, 0x00, // ..F.......E.....
	0x10, 0x00, 0x07, 0x00, 0x00, 0x00, 0x46, 0x00, 0x10, 0x00, 0x07, 0x00, 0x00, 0x00, 0x46, 0x7e, // ......F.......F~
	0x10, 0x00, 0x0a, 0x00, 0x00, 0x00, 0x00, 0x60, 0x10, 0x00, 0x0a, 0x00, 0x00, 0x00, 0x11, 0x00, // .......`........
	0x00, 0x0a, 0x82, 0x00, 0x10, 0x00, 0x04, 0x00, 0x00, 0x00, 0x46, 0x0e, 0x10, 0x00, 0x07, 0x00, // ..........F.....
	0x00, 0x00, 0x02, 0x40, 0x00, 0x00, 0x00, 0x00, 0x80, 0x33, 0x00, 0x00, 0x80, 0x37, 0x00, 0x00, // ...@.....3...7..
	0x80, 0x3b, 0x00, 0x00, 0x80, 0x3f, 0x1d, 0x00, 0x00, 0x07, 0x22, 0x00, 0x10, 0x00, 0x03, 0x00, // .;...?....".....
	0x00, 0x00, 0x3a, 0x00, 0x10, 0x00, 0x04, 0x00, 0x00, 0x00, 0x1a, 0x00, 0x10, 0x00, 0x03, 0x00, // ..:.............
	0x00, 0x00, 0x01, 0x00, 0x00, 0x07, 0x22, 0x00, 0x10, 0x00, 0x03, 0x00, 0x00, 0x00, 0x1a, 0x00, // ......".........
	0x10, 0x00, 0x03, 0x00, 0x00, 0x00, 0x01, 0x40, 0x00, 0x00, 0x00, 0x00, 0x80, 0x3f, 0x00, 0x00, // .......@.....?..
	0x00, 0x07, 0x22, 0x00, 0x10, 0x00, 0x03, 0x00, 0x00, 0x00, 0x1a, 0x00, 0x10, 0x00, 0x03, 0x00, // ..".............
	0x00, 0x00, 0x3a, 0x00, 0x10, 0x00, 0x03, 0x00, 0x00, 0x00, 0x38, 0x00, 0x00, 0x07, 0x22, 0x00, // ..:.......8...".
	0x10, 0x00, 0x03, 0x00, 0x00, 0x00, 0x1a, 0x00, 0x10, 0x00, 0x03, 0x00, 0x00, 0x00, 0x01, 0x40, // ...............@
	0x00, 0x00, 0x00, 0x00, 0x80, 0x3c, 0x12, 0x00, 0x00, 0x01, 0x36, 0x00, 0x00, 0x05, 0x22, 0x00, // .....<....6...".
	0x10, 0x00, 0x03, 0x00, 0x00, 0x00, 0x01, 0x40, 0x00, 0x00, 0x00, 0x00, 0x80, 0x3f, 0x15, 0x00, // .......@.....?..
	0x00, 0x01, 0x12, 0x00, 0x00, 0x01, 0x36, 0x00, 0x00, 0x05, 0x22, 0x00, 0x10, 0x00, 0x03, 0x00, // ......6...".....
	0x00, 0x00, 0x01, 0x40, 0x00, 0x00, 0x00, 0x00, 0x80, 0x3f, 0x15, 0x00, 0x00, 0x01, 0x38, 0x00, // ...@.....?....8.
	0x00, 0x07, 0x72, 0x00, 0x10, 0x00, 0x06, 0x00, 0x00, 0x00, 0x56, 0x05, 0x10, 0x00, 0x03, 0x00, // ..r.......V.....
	0x00, 0x00, 0x46, 0x02, 0x10, 0x00, 0x06, 0x00, 0x00, 0x00, 0x12, 0x00, 0x00, 0x01, 0x36, 0x00, // ..F...........6.
	0x00, 0x08, 0x72, 0x00, 0x10, 0x00, 0x06, 0x00, 0x00, 0x00, 0x02, 0x40, 0x00, 0x00, 0x00, 0x00, // ..r........@....
	0x00, 0x00, 0x00, 0x00, 0x00, 0x00, 0x00, 0x00, 0x00, 0x00, 0x00, 0x00, 0x00, 0x00, 0x15, 0x00, // ................
	0x00, 0x01, 0x32, 0x00, 0x00, 0x0a, 0x72, 0x00, 0x10, 0x00, 0x07, 0x00, 0x00, 0x00, 0x46, 0x02, // ..2...r.......F.
	0x10, 0x80, 0x41, 0x00, 0x00, 0x00, 0x04, 0x00, 0x00, 0x00, 0xa6, 0x0a, 0x10, 0x00, 0x03, 0x00, // ..A.............
	0x00, 0x00, 0xa6, 0x0a, 0x10, 0x00, 0x03, 0x00, 0x00, 0x00, 0x32, 0x00, 0x00, 0x0e, 0x72, 0x00, // ..........2...r.
	0x10, 0x00, 0x08, 0x00, 0x00, 0x00, 0x46, 0x82, 0x20, 0x80, 0x41, 0x00, 0x00, 0x00, 0x00, 0x00, // ......F. .A.....
	0x00, 0x00, 0x13, 0x00, 0x00, 0x00, 0x46, 0x12, 0x10, 0x00, 0x01, 0x00, 0x00, 0x00, 0x02, 0x40, // ......F........@
	0x00, 0x00, 0x00, 0x00, 0x80, 0x3f, 0x00, 0x00, 0x80, 0x3f, 0x00, 0x00, 0x80, 0x3f, 0x00, 0x00, // .....?...?...?..
	0x00, 0x00, 0x38, 0x00, 0x00, 0x07, 0x22, 0x00, 0x10, 0x00, 0x03, 0x00, 0x00, 0x00, 0x0a, 0x00, // ..8...".........
	0x10, 0x00, 0x03, 0x00, 0x00, 0x00, 0x0a, 0x00, 0x10, 0x00, 0x03, 0x00, 0x00, 0x00, 0x38, 0x00, // ..............8.
	0x00, 0x07, 0x82, 0x00, 0x10, 0x00, 0x03, 0x00, 0x00, 0x00, 0x1a, 0x00, 0x10, 0x00, 0x03, 0x00, // ................
	0x00, 0x00, 0x1a, 0x00, 0x10, 0x00, 0x03, 0x00, 0x00, 0x00, 0x32, 0x00, 0x00, 0x09, 0x22, 0x00, // ..........2...".
	0x10, 0x00, 0x03, 0x00, 0x00, 0x00, 0x1a, 0x00, 0x10, 0x00, 0x03, 0x00, 0x00, 0x00, 0x1a, 0x00, // ................
	0x10, 0x00, 0x03, 0x00, 0x00, 0x00, 0x01, 0x40, 0x00, 0x00, 0x00, 0x00, 0x80, 0xbf, 0x00, 0x00, // .......@........
	0x00, 0x07, 0x82, 0x00, 0x10, 0x00, 0x04, 0x00, 0x00, 0x00, 0x0a, 0x00, 0x10, 0x00, 0x03, 0x00, // ................
	0x00, 0x00, 0x01, 0x40, 0x00, 0x00, 0x00, 0x00, 0x80, 0x3f, 0x38, 0x00, 0x00, 0x07, 0x82, 0x00, // ...@.....?8.....
	0x10, 0x00, 0x04, 0x00, 0x00, 0x00, 0x3a, 0x00, 0x10, 0x00, 0x04, 0x00, 0x00, 0x00, 0x3a, 0x00, // ......:.......:.
	0x10, 0x00, 0x04, 0x00, 0x00, 0x00, 0x38, 0x00, 0x00, 0x07, 0x82, 0x00, 0x10, 0x00, 0x05, 0x00, // ......8.........
	0x00, 0x00, 0x3a, 0x00, 0x10, 0x00, 0x04, 0x00, 0x00, 0x00, 0x01, 0x40, 0x00, 0x00, 0x00, 0x00, // ..:........@....
	0x00, 0x3e, 0x32, 0x00, 0x00, 0x0a, 0x82, 0x00, 0x10, 0x00, 0x04, 0x00, 0x00, 0x00, 0x3a, 0x00, // .>2...........:.
	0x10, 0x80, 0x41, 0x00, 0x00, 0x00, 0x04, 0x00, 0x00, 0x00, 0x01, 0x40, 0x00, 0x00, 0x00, 0x00, // ..A........@....
	0x00, 0x3e, 0x01, 0x40, 0x00, 0x00, 0x00, 0x00, 0x80, 0x3f, 0x32, 0x00, 0x00, 0x09, 0x82, 0x00, // .>.@.....?2.....
	0x10, 0x00, 0x06, 0x00, 0x00, 0x00, 0x3a, 0x00, 0x10, 0x00, 0x01, 0x00, 0x00, 0x00, 0x3a, 0x00, // ......:.......:.
	0x10, 0x00, 0x04, 0x00, 0x00, 0x00, 0x3a, 0x00, 0x10, 0x00, 0x05, 0x00, 0x00, 0x00, 0x34, 0x00, // ......:.......4.
	0x00, 0x07, 0x82, 0x00, 0x10, 0x00, 0x06, 0x00, 0x00, 0x00, 0x3a, 0x00, 0x10, 0x00, 0x06, 0x00, // ..........:.....
	0x00, 0x00, 0x01, 0x40, 0x00, 0x00, 0xbd, 0x37, 0x86, 0x35, 0x0e, 0x00, 0x00, 0x07, 0x82, 0x00, // ...@...7.5......
	0x10, 0x00, 0x06, 0x00, 0x00, 0x00, 0x3a, 0x00, 0x10, 0x00, 0x01, 0x00, 0x00, 0x00, 0x3a, 0x00, // ......:.......:.
	0x10, 0x00, 0x06, 0x00, 0x00, 0x00, 0x38, 0x00, 0x00, 0x0a, 0x32, 0x00, 0x10, 0x00, 0x09, 0x00, // ......8...2.....
	0x00, 0x00, 0xf6, 0x0f, 0x10, 0x00, 0x01, 0x00, 0x00, 0x00, 0x02, 0x40, 0x00, 0x00, 0x00, 0x00, // ...........@....
	0x80, 0x40, 0xe1, 0x7a, 0x14, 0xc1, 0x00, 0x00, 0x00, 0x00, 0x00, 0x00, 0x00, 0x00, 0x00, 0x00, // .@.z............
	0x00, 0x08, 0x82, 0x00, 0x10, 0x00, 0x07, 0x00, 0x00, 0x00, 0x3a, 0x00, 0x10, 0x80, 0x41, 0x00, // ..........:...A.
	0x00, 0x00, 0x02, 0x00, 0x00, 0x00, 0x01, 0x40, 0x00, 0x00, 0x00, 0x00, 0x80, 0x3f, 0x36, 0x00, // .......@.....?6.
	0x00, 0x05, 0x72, 0x00, 0x10, 0x00, 0x0a, 0x00, 0x00, 0x00, 0x46, 0x02, 0x10, 0x00, 0x06, 0x00, // ..r.......F.....
	0x00, 0x00, 0x36, 0x00, 0x00, 0x05, 0x82, 0x00, 0x10, 0x00, 0x0a, 0x00, 0x00, 0x00, 0x01, 0x40, // ..6............@
	0x00, 0x00, 0x00, 0x00, 0x00, 0x00, 0x30, 0x00, 0x00, 0x01, 0x21, 0x00, 0x00, 0x07, 0x82, 0x00, // ......0...!.....
	0x10, 0x00, 0x08, 0x00, 0x00, 0x00, 0x3a, 0x00, 0x10, 0x00, 0x0a, 0x00, 0x00, 0x00, 0x01, 0x40, // ......:........@
	0x00, 0x00, 0x04, 0x00, 0x00, 0x00, 0x03, 0x00, 0x04, 0x03, 0x3a, 0x00, 0x10, 0x00, 0x08, 0x00, // ..........:.....
	0x00, 0x00, 0x00, 0x00, 0x00, 0x0b, 0x72, 0x00, 0x10, 0x00, 0x0b, 0x00, 0x00, 0x00, 0x46, 0x12, // ......r.......F.
	0x10, 0x80, 0x41, 0x00, 0x00, 0x00, 0x05, 0x00, 0x00, 0x00, 0x46, 0x82, 0x20, 0x06, 0x00, 0x00, // ..A.......F. ...
	0x00, 0x00, 0x06, 0x00, 0x00, 0x00, 0x3a, 0x00, 0x10, 0x00, 0x0a, 0x00, 0x00, 0x00, 0x10, 0x00, // ......:.........
	0x00, 0x07, 0x82, 0x00, 0x10, 0x00, 0x08, 0x00, 0x00, 0x00, 0x46, 0x02, 0x10, 0x00, 0x0b, 0x00, // ..........F.....
	0x00, 0x00, 0x46, 0x02, 0x10, 0x00, 0x0b, 0x00, 0x00, 0x00, 0x4b, 0x00, 0x00, 0x05, 0x42, 0x00, // ..F.......K...B.
	0x10, 0x00, 0x09, 0x00, 0x00, 0x00, 0x3a, 0x00, 0x10, 0x00, 0x08, 0x00, 0x00, 0x00, 0x31, 0x00, // ......:.......1.
	0x00, 0x0a, 0x82, 0x00, 0x10, 0x00, 0x09, 0x00, 0x00, 0x00, 0x01, 0x40, 0x00, 0x00, 0x00, 0x00, // ...........@....
	0x00, 0x00, 0x3a, 0x80, 0x20, 0x06, 0x00, 0x00, 0x00, 0x00, 0x06, 0x00, 0x00, 0x00, 0x3a, 0x00, // ..:. .........:.
	0x10, 0x00, 0x0a, 0x00, 0x00, 0x00, 0x31, 0x00, 0x00, 0x0a, 0x82, 0x00, 0x10, 0x00, 0x0b, 0x00, // ......1.........
	0x00, 0x00, 0x2a, 0x00, 0x10, 0x00, 0x09, 0x00, 0x00, 0x00, 0x3a, 0x80, 0x20, 0x06, 0x00, 0x00, // ..*.......:. ...
	0x00, 0x00, 0x06, 0x00, 0x00, 0x00, 0x3a, 0x00, 0x10, 0x00, 0x0a, 0x00, 0x00, 0x00, 0x01, 0x00, // ......:.........
	0x00, 0x07, 0x82, 0x00, 0x10, 0x00, 0x09, 0x00, 0x00, 0x00, 0x3a, 0x00, 0x10, 0x00, 0x09, 0x00, // ..........:.....
	0x00, 0x00, 0x3a, 0x00, 0x10, 0x00, 0x0b, 0x00, 0x00, 0x00, 0x1f, 0x00, 0x04, 0x03, 0x3a, 0x00, // ..:...........:.
	0x10, 0x00, 0x09, 0x00, 0x00, 0x00, 0x0e, 0x00, 0x00, 0x0a, 0x42, 0x00, 0x10, 0x00, 0x09, 0x00, // ..........B.....
	0x00, 0x00, 0x2a, 0x00, 0x10, 0x00, 0x09, 0x00, 0x00, 0x00, 0x3a, 0x80, 0x20, 0x06, 0x00, 0x00, // ..*.......:. ...
	0x00, 0x00, 0x06, 0x00, 0x00, 0x00, 0x3a, 0x00, 0x10, 0x00, 0x0a, 0x00, 0x00, 0x00, 0x38, 0x00, // ......:.......8.
	0x00, 0x07, 0x42, 0x00, 0x10, 0x00, 0x09, 0x00, 0x00, 0x00, 0x2a, 0x00, 0x10, 0x00, 0x09, 0x00, // ..B.......*.....
	0x00, 0x00, 0x2a, 0x00, 0x10, 0x00, 0x09, 0x00, 0x00, 0x00, 0x32, 0x00, 0x00, 0x0a, 0x42, 0x00, // ..*.......2...B.
	0x10, 0x00, 0x09, 0x00, 0x00, 0x00, 0x2a, 0x00, 0x10, 0x80, 0x41, 0x00, 0x00, 0x00, 0x09, 0x00, // ......*...A.....
	0x00, 0x00, 0x2a, 0x00, 0x10, 0x00, 0x09, 0x00, 0x00, 0x00, 0x01, 0x40, 0x00, 0x00, 0x00, 0x00, // ..*........@....
	0x80, 0x3f, 0x34, 0x00, 0x00, 0x07, 0x42, 0x00, 0x10, 0x00, 0x09, 0x00, 0x00, 0x00, 0x2a, 0x00, // .?4...B.......*.
	0x10, 0x00, 0x09, 0x00, 0x00, 0x00, 0x01, 0x40, 0x00, 0x00, 0x00, 0x00, 0x00, 0x00, 0x38, 0x00, // .......@......8.
	0x00, 0x07, 0x42, 0x00, 0x10, 0x00, 0x09, 0x00, 0x00, 0x00, 0x2a, 0x00, 0x10, 0x00, 0x09, 0x00, // ..B.......*.....
	0x00, 0x00, 0x2a, 0x00, 0x10, 0x00, 0x09, 0x00, 0x00, 0x00, 0x34, 0x00, 0x00, 0x07, 0x82, 0x00, // ..*.......4.....
	0x10, 0x00, 0x09, 0x00, 0x00, 0x00, 0x3a, 0x00, 0x10, 0x00, 0x08, 0x00, 0x00, 0x00, 0x01, 0x40, // ......:........@
	0x00, 0x00, 0x0a, 0xd7, 0x23, 0x3c, 0x0e, 0x00, 0x00, 0x07, 0x42, 0x00, 0x10, 0x00, 0x09, 0x00, // ....#<....B.....
	0x00, 0x00, 0x2a, 0x00, 0x10, 0x00, 0x09, 0x00, 0x00, 0x00, 0x3a, 0x00, 0x10, 0x00, 0x09, 0x00, // ..*.......:.....
	0x00, 0x00, 0x38, 0x00, 0x00, 0x0d, 0x72, 0x00, 0x10, 0x00, 0x0c, 0x00, 0x00, 0x00, 0xf6, 0x8f, // ..8...r.........
	0x20, 0x06, 0x00, 0x00, 0x00, 0x00, 0x0a, 0x00, 0x00, 0x00, 0x3a, 0x00, 0x10, 0x00, 0x0a, 0x00, //  .........:.....
	0x00, 0x00, 0x46, 0x82, 0x20, 0x06, 0x00, 0x00, 0x00, 0x00, 0x0a, 0x00, 0x00, 0x00, 0x3a, 0x00, // ..F. .........:.
	0x10, 0x00, 0x0a, 0x00, 0x00, 0x00, 0x38, 0x00, 0x00, 0x07, 0x72, 0x00, 0x10, 0x00, 0x0c, 0x00, // ......8...r.....
	0x00, 0x00, 0xa6, 0x0a, 0x10, 0x00, 0x09, 0x00, 0x00, 0x00, 0x46, 0x02, 0x10, 0x00, 0x0c, 0x00, // ..........F.....
	0x00, 0x00, 0x44, 0x00, 0x00, 0x05, 0x82, 0x00, 0x10, 0x00, 0x08, 0x00, 0x00, 0x00, 0x3a, 0x00, // ..D...........:.
	0x10, 0x00, 0x08, 0x00, 0x00, 0x00, 0x38, 0x00, 0x00, 0x07, 0x72, 0x00, 0x10, 0x00, 0x0d, 0x00, // ......8...r.....
	0x00, 0x00, 0xf6, 0x0f, 0x10, 0x00, 0x08, 0x00, 0x00, 0x00, 0x46, 0x02, 0x10, 0x00, 0x0b, 0x00, // ..........F.....
	0x00, 0x00, 0x32, 0x00, 0x00, 0x09, 0x72, 0x00, 0x10, 0x00, 0x0b, 0x00, 0x00, 0x00, 0x46, 0x02, // ..2...r.......F.
	0x10, 0x00, 0x0b, 0x00, 0x00, 0x00, 0xf6, 0x0f, 0x10, 0x00, 0x08, 0x00, 0x00, 0x00, 0x46, 0x02, // ..............F.
	0x10, 0x00, 0x02, 0x00, 0x00, 0x00, 0x10, 0x00, 0x00, 0x07, 0x82, 0x00, 0x10, 0x00, 0x08, 0x00, // ................
	0x00, 0x00, 0x46, 0x02, 0x10, 0x00, 0x0b, 0x00, 0x00, 0x00, 0x46, 0x02, 0x10, 0x00, 0x0b, 0x00, // ..F.......F.....
	0x00, 0x00, 0x39, 0x00, 0x00, 0x07, 0x42, 0x00, 0x10, 0x00, 0x09, 0x00, 0x00, 0x00, 0x3a, 0x00, // ..9...B.......:.
	0x10, 0x00, 0x08, 0x00, 0x00, 0x00, 0x3a, 0x00, 0x10, 0x00, 0x08, 0x00, 0x00, 0x00, 0x1d, 0x00, // ......:.........
	0x00, 0x07, 0x82, 0x00, 0x10, 0x00, 0x09, 0x00, 0x00, 0x00, 0x01, 0x40, 0x00, 0x00, 0xbd, 0x37, // ...........@...7
	0x86, 0x35, 0x3a, 0x00, 0x10, 0x00, 0x08, 0x00, 0x00, 0x00, 0x3c, 0x00, 0x00, 0x07, 0x42, 0x00, // .5:.......<...B.
	0x10, 0x00, 0x09, 0x00, 0x00, 0x00, 0x3a, 0x00, 0x10, 0x00, 0x09, 0x00, 0x00, 0x00, 0x2a, 0x00, // ......:.......*.
	0x10, 0x00, 0x09, 0x00, 0x00, 0x00, 0x44, 0x00, 0x00, 0x05, 0x82, 0x00, 0x10, 0x00, 0x08, 0x00, // ......D.........
	0x00, 0x00, 0x3a, 0x00, 0x10, 0x00, 0x08, 0x00, 0x00, 0x00, 0x38, 0x00, 0x00, 0x07, 0x72, 0x00, // ..:.......8...r.
	0x10, 0x00, 0x0b, 0x00, 0x00, 0x00, 0xf6, 0x0f, 0x10, 0x00, 0x08, 0x00, 0x00, 0x00, 0x46, 0x02, // ..............F.
	0x10, 0x00, 0x0b, 0x00, 0x00, 0x00, 0x37, 0x00, 0x00, 0x09, 0x72, 0x00, 0x10, 0x00, 0x0b, 0x00, // ......7...r.....
	0x00, 0x00, 0xa6, 0x0a, 0x10, 0x00, 0x09, 0x00, 0x00, 0x00, 0x46, 0x02, 0x10, 0x00, 0x01, 0x00, // ..........F.....
	0x00, 0x00, 0x46, 0x02, 0x10, 0x00, 0x0b, 0x00, 0x00, 0x00, 0x10, 0x20, 0x00, 0x07, 0x82, 0x00, // ..F........ ....
	0x10, 0x00, 0x08, 0x00, 0x00, 0x00, 0x46, 0x02, 0x10, 0x00, 0x01, 0x00, 0x00, 0x00, 0x46, 0x02, // ......F.......F.
	0x10, 0x00, 0x0d, 0x00, 0x00, 0x00, 0x10, 0x20, 0x00, 0x07, 0x42, 0x00, 0x10, 0x00, 0x09, 0x00, // ....... ..B.....
	0x00, 0x00, 0x46, 0x02, 0x10, 0x00, 0x01, 0x00, 0x00, 0x00, 0x46, 0x02, 0x10, 0x00, 0x0b, 0x00, // ..F.......F.....
	0x00, 0x00, 0x10, 0x20, 0x00, 0x07, 0x82, 0x00, 0x10, 0x00, 0x09, 0x00, 0x00, 0x00, 0x46, 0x02, // ... ..........F.
	0x10, 0x00, 0x0b, 0x00, 0x00, 0x00, 0x46, 0x02, 0x10, 0x00, 0x02, 0x00, 0x00, 0x00, 0x00, 0x00, // ......F.........
	0x00, 0x08, 0x82, 0x00, 0x10, 0x00, 0x09, 0x00, 0x00, 0x00, 0x3a, 0x00, 0x10, 0x80, 0x41, 0x00, // ..........:...A.
	0x00, 0x00, 0x09, 0x00, 0x00, 0x00, 0x01, 0x40, 0x00, 0x00, 0x00, 0x00, 0x80, 0x3f, 0x38, 0x00, // .......@.....?8.
	0x00, 0x07, 0x12, 0x00, 0x10, 0x00, 0x0b, 0x00, 0x00, 0x00, 0x3a, 0x00, 0x10, 0x00, 0x09, 0x00, // ..........:.....
	0x00, 0x00, 0x3a, 0x00, 0x10, 0x00, 0x09, 0x00, 0x00, 0x00, 0x38, 0x00, 0x00, 0x07, 0x12, 0x00, // ..:.......8.....
	0x10, 0x00, 0x0b, 0x00, 0x00, 0x00, 0x0a, 0x00, 0x10, 0x00, 0x0b, 0x00, 0x00, 0x00, 0x0a, 0x00, // ................
	0x10, 0x00, 0x0b, 0x00, 0x00, 0x00, 0x38, 0x00, 0x00, 0x07, 0x82, 0x00, 0x10, 0x00, 0x09, 0x00, // ......8.........
	0x00, 0x00, 0x3a, 0x00, 0x10, 0x00, 0x09, 0x00, 0x00, 0x00, 0x0a, 0x00, 0x10, 0x00, 0x0b, 0x00, // ..:.............
	0x00, 0x00, 0x32, 0x00, 0x00, 0x09, 0x72, 0x00, 0x10, 0x00, 0x0b, 0x00, 0x00, 0x00, 0x46, 0x02, // ..2...r.......F.
	0x10, 0x00, 0x07, 0x00, 0x00, 0x00, 0xf6, 0x0f, 0x10, 0x00, 0x09, 0x00, 0x00, 0x00, 0x46, 0x02, // ..............F.
	0x10, 0x00, 0x05, 0x00, 0x00, 0x00, 0x32, 0x00, 0x00, 0x09, 0x72, 0x00, 0x10, 0x00, 0x0d, 0x00, // ......2...r.....
	0x00, 0x00, 0x46, 0x02, 0x10, 0x00, 0x08, 0x00, 0x00, 0x00, 0xf6, 0x0f, 0x10, 0x00, 0x09, 0x00, // ..F.............
	0x00, 0x00, 0x46, 0x02, 0x10, 0x00, 0x00, 0x00, 0x00, 0x00, 0x00, 0x00, 0x00, 0x08, 0x72, 0x00, // ..F...........r.
	0x10, 0x00, 0x0d, 0x00, 0x00, 0x00, 0x46, 0x02, 0x10, 0x80, 0x41, 0x00, 0x00, 0x00, 0x0b, 0x00, // ......F...A.....
	0x00, 0x00, 0x46, 0x02, 0x10, 0x00, 0x0d, 0x00, 0x00, 0x00, 0x32, 0x00, 0x00, 0x09, 0x72, 0x00, // ..F.......2...r.
	0x10, 0x00, 0x0d, 0x00, 0x00, 0x00, 0xf6, 0x0f, 0x10, 0x00, 0x02, 0x00, 0x00, 0x00, 0x46, 0x02, // ..............F.
	0x10, 0x00, 0x0d, 0x00, 0x00, 0x00, 0x46, 0x02, 0x10, 0x00, 0x0b, 0x00, 0x00, 0x00, 0x38, 0x00, // ......F.......8.
	0x00, 0x07, 0x42, 0x00, 0x10, 0x00, 0x09, 0x00, 0x00, 0x00, 0x2a, 0x00, 0x10, 0x00, 0x09, 0x00, // ..B.......*.....
	0x00, 0x00, 0x2a, 0x00, 0x10, 0x00, 0x09, 0x00, 0x00, 0x00, 0x32, 0x00, 0x00, 0x09, 0x42, 0x00, // ..*.......2...B.
	0x10, 0x00, 0x09, 0x00, 0x00, 0x00, 0x2a, 0x00, 0x10, 0x00, 0x09, 0x00, 0x00, 0x00, 0x1a, 0x00, // ......*.........
	0x10, 0x00, 0x03, 0x00, 0x00, 0x00, 0x01, 0x40, 0x00, 0x00, 0x00, 0x00, 0x80, 0x3f, 0x38, 0x00, // .......@.....?8.
	0x00, 0x07, 0x42, 0x00, 0x10, 0x00, 0x09, 0x00, 0x00, 0x00, 0x2a, 0x00, 0x10, 0x00, 0x09, 0x00, // ..B.......*.....
	0x00, 0x00, 0x2a, 0x00, 0x10, 0x00, 0x09, 0x00, 0x00, 0x00, 0x38, 0x00, 0x00, 0x07, 0x42, 0x00, // ..*.......8...B.
	0x10, 0x00, 0x09, 0x00, 0x00, 0x00, 0x2a, 0x00, 0x10, 0x00, 0x09, 0x00, 0x00, 0x00, 0x01, 0x40, // ......*........@
	0x00, 0x00, 0xdb, 0x0f, 0x49, 0x40, 0x34, 0x00, 0x00, 0x07, 0x42, 0x00, 0x10, 0x00, 0x09, 0x00, // ....I@4...B.....
	0x00, 0x00, 0x2a, 0x00, 0x10, 0x00, 0x09, 0x00, 0x00, 0x00, 0x01, 0x40, 0x00, 0x00, 0xbd, 0x37, // ..*........@...7
	0x86, 0x35, 0x0e, 0x00, 0x00, 0x07, 0x42, 0x00, 0x10, 0x00, 0x09, 0x00, 0x00, 0x00, 0x3a, 0x00, // .5....B.......:.
	0x10, 0x00, 0x03, 0x00, 0x00, 0x00, 0x2a, 0x00, 0x10, 0x00, 0x09, 0x00, 0x00, 0x00, 0x32, 0x00, // ......*.......2.
	0x00, 0x09, 0x82, 0x00, 0x10, 0x00, 0x09, 0x00, 0x00, 0x00, 0x3a, 0x00, 0x10, 0x00, 0x08, 0x00, // ..........:.....
	0x00, 0x00, 0x3a, 0x00, 0x10, 0x00, 0x04, 0x00, 0x00, 0x00, 0x3a, 0x00, 0x10, 0x00, 0x05, 0x00, // ..:.......:.....
	0x00, 0x00, 0x34, 0x00, 0x00, 0x07, 0x82, 0x00, 0x10, 0x00, 0x09, 0x00, 0x00, 0x00, 0x3a, 0x00, // ..4...........:.
	0x10, 0x00, 0x09, 0x00, 0x00, 0x00, 0x01, 0x40, 0x00, 0x00, 0xbd, 0x37, 0x86, 0x35, 0x0e, 0x00, // .......@...7.5..
	0x00, 0x07, 0x82, 0x00, 0x10, 0x00, 0x09, 0x00, 0x00, 0x00, 0x3a, 0x00, 0x10, 0x00, 0x08, 0x00, // ..........:.....
	0x00, 0x00, 0x3a, 0x00, 0x10, 0x00, 0x09, 0x00, 0x00, 0x00, 0x38, 0x00, 0x00, 0x07, 0x82, 0x00, // ..:.......8.....
	0x10, 0x00, 0x09, 0x00, 0x00, 0x00, 0x3a, 0x00, 0x10, 0x00, 0x06, 0x00, 0x00, 0x00, 0x3a, 0x00, // ......:.......:.
	0x10, 0x00, 0x09, 0x00, 0x00, 0x00, 0x38, 0x00, 0x00, 0x07, 0x42, 0x00, 0x10, 0x00, 0x09, 0x00, // ......8...B.....
	0x00, 0x00, 0x3a, 0x00, 0x10, 0x00, 0x09, 0x00, 0x00, 0x00, 0x2a, 0x00, 0x10, 0x00, 0x09, 0x00, // ..:.......*.....
	0x00, 0x00, 0x38, 0x00, 0x00, 0x07, 0x72, 0x00, 0x10, 0x00, 0x0d, 0x00, 0x00, 0x00, 0x46, 0x02, // ..8...r.......F.
	0x10, 0x00, 0x0d, 0x00, 0x00, 0x00, 0xa6, 0x0a, 0x10, 0x00, 0x09, 0x00, 0x00, 0x00, 0x38, 0x00, // ..............8.
	0x00, 0x07, 0x42, 0x00, 0x10, 0x00, 0x09, 0x00, 0x00, 0x00, 0x3a, 0x00, 0x10, 0x00, 0x08, 0x00, // ..B.......:.....
	0x00, 0x00, 0x0a, 0x00, 0x10, 0x00, 0x09, 0x00, 0x00, 0x00, 0x34, 0x00, 0x00, 0x07, 0x42, 0x00, // ..........4...B.
	0x10, 0x00, 0x09, 0x00, 0x00, 0x00, 0x2a, 0x00, 0x10, 0x00, 0x09, 0x00, 0x00, 0x00, 0x01, 0x40, // ......*........@
	0x00, 0x00, 0xbd, 0x37, 0x86, 0x35, 0x0e, 0x00, 0x00, 0x07, 0x72, 0x00, 0x10, 0x00, 0x0d, 0x00, // ...7.5....r.....
	0x00, 0x00, 0x46, 0x02, 0x10, 0x00, 0x0d, 0x00, 0x00, 0x00, 0xa6, 0x0a, 0x10, 0x00, 0x09, 0x00, // ..F.............
	0x00, 0x00, 0x34, 0x00, 0x00, 0x07, 0x42, 0x00, 0x10, 0x00, 0x09, 0x00, 0x00, 0x00, 0x2a, 0x00, // ..4...B.......*.
	0x10, 0x00, 0x0b, 0x00, 0x00, 0x00, 0x1a, 0x00, 0x10, 0x00, 0x0b, 0x00, 0x00, 0x00, 0x34, 0x00, // ..............4.
	0x00, 0x07, 0x42, 0x00, 0x10, 0x00, 0x09, 0x00, 0x00, 0x00, 0x2a, 0x00, 0x10, 0x00, 0x09, 0x00, // ..B.......*.....
	0x00, 0x00, 0x0a, 0x00, 0x10, 0x00, 0x0b, 0x00, 0x00, 0x00, 0x00, 0x00, 0x00, 0x08, 0x42, 0x00, // ..............B.
	0x10, 0x00, 0x09, 0x00, 0x00, 0x00, 0x2a, 0x00, 0x10, 0x80, 0x41, 0x00, 0x00, 0x00, 0x09, 0x00, // ......*...A.....
	0x00, 0x00, 0x01, 0x40, 0x00, 0x00, 0x00, 0x00, 0x80, 0x3f, 0x38, 0x00, 0x00, 0x07, 0x42, 0x00, // ...@.....?8...B.
	0x10, 0x00, 0x09, 0x00, 0x00, 0x00, 0x3a, 0x00, 0x10, 0x00, 0x07, 0x00, 0x00, 0x00, 0x2a, 0x00, // ......:.......*.
	0x10, 0x00, 0x09, 0x00, 0x00, 0x00, 0x38, 0x00, 0x00, 0x07, 0x72, 0x00, 0x10, 0x00, 0x0b, 0x00, // ......8...r.....
	0x00, 0x00, 0x46, 0x02, 0x10, 0x00, 0x00, 0x00, 0x00, 0x00, 0xa6, 0x0a, 0x10, 0x00, 0x09, 0x00, // ..F.............
	0x00, 0x00, 0x32, 0x00, 0x00, 0x0c, 0x72, 0x00, 0x10, 0x00, 0x0b, 0x00, 0x00, 0x00, 0x46, 0x02, // ..2...r.......F.
	0x10, 0x00, 0x0b, 0x00, 0x00, 0x00, 0x02, 0x40, 0x00, 0x00, 0x83, 0xf9, 0xa2, 0x3e, 0x83, 0xf9, // .......@.....>..
	0xa2, 0x3e, 0x83, 0xf9, 0xa2, 0x3e, 0x00, 0x00, 0x00, 0x00, 0x46, 0x02, 0x10, 0x00, 0x0d, 0x00, // .>...>....F.....
	0x00, 0x00, 0x38, 0x00, 0x00, 0x07, 0x72, 0x00, 0x10, 0x00, 0x0b, 0x00, 0x00, 0x00, 0xf6, 0x0f, // ..8...r.........
	0x10, 0x00, 0x08, 0x00, 0x00, 0x00, 0x46, 0x02, 0x10, 0x00, 0x0b, 0x00, 0x00, 0x00, 0x32, 0x00, // ......F.......2.
	0x00, 0x09, 0x72, 0x00, 0x10, 0x00, 0x0a, 0x00, 0x00, 0x00, 0x46, 0x02, 0x10, 0x00, 0x0b, 0x00, // ..r.......F.....
	0x00, 0x00, 0x46, 0x02, 0x10, 0x00, 0x0c, 0x00, 0x00, 0x00, 0x46, 0x02, 0x10, 0x00, 0x0a, 0x00, // ..F.......F.....
	0x00, 0x00, 0x15, 0x00, 0x00, 0x01, 0x1e, 0x00, 0x00, 0x07, 0x82, 0x00, 0x10, 0x00, 0x0a, 0x00, // ................
	0x00, 0x00, 0x3a, 0x00, 0x10, 0x00, 0x0a, 0x00, 0x00, 0x00, 0x01, 0x40, 0x00, 0x00, 0x01, 0x00, // ..:........@....
	0x00, 0x00, 0x16, 0x00, 0x00, 0x01, 0x00, 0x00, 0x00, 0x08, 0x22, 0x00, 0x10, 0x00, 0x03, 0x00, // ..........".....
	0x00, 0x00, 0x0a, 0x00, 0x10, 0x80, 0x41, 0x00, 0x00, 0x00, 0x03, 0x00, 0x00, 0x00, 0x01, 0x40, // ......A........@
	0x00, 0x00, 0x00, 0x00, 0x80, 0x3f, 0x38, 0x00, 0x00, 0x07, 0x22, 0x00, 0x10, 0x00, 0x03, 0x00, // .....?8...".....
	0x00, 0x00, 0x1a, 0x00, 0x10, 0x00, 0x03, 0x00, 0x00, 0x00, 0x2a, 0x00, 0x10, 0x00, 0x03, 0x00, // ..........*.....
	0x00, 0x00, 0x34, 0x00, 0x00, 0x07, 0x72, 0x00, 0x10, 0x00, 0x06, 0x00, 0x00, 0x00, 0x46, 0x02, // ..4...r.......F.
	0x10, 0x00, 0x05, 0x00, 0x00, 0x00, 0x56, 0x05, 0x10, 0x00, 0x03, 0x00, 0x00, 0x00, 0x32, 0x00, // ......V.......2.
	0x00, 0x0a, 0x72, 0x00, 0x10, 0x00, 0x04, 0x00, 0x00, 0x00, 0x46, 0x02, 0x10, 0x80, 0x41, 0x00, // ..r.......F...A.
	0x00, 0x00, 0x04, 0x00, 0x00, 0x00, 0xa6, 0x0a, 0x10, 0x00, 0x03, 0x00, 0x00, 0x00, 0x46, 0x02, // ..............F.
	0x10, 0x00, 0x06, 0x00, 0x00, 0x00, 0x00, 0x00, 0x00, 0x08, 0x82, 0x00, 0x10, 0x00, 0x01, 0x00, // ................
	0x00, 0x00, 0x3a, 0x00, 0x10, 0x80, 0x41, 0x00, 0x00, 0x00, 0x01, 0x00, 0x00, 0x00, 0x01, 0x40, // ..:...A........@
	0x00, 0x00, 0x00, 0x00, 0x80, 0x3f, 0x38, 0x00, 0x00, 0x07, 0x22, 0x00, 0x10, 0x00, 0x03, 0x00, // .....?8...".....
	0x00, 0x00, 0x3a, 0x00, 0x10, 0x00, 0x01, 0x00, 0x00, 0x00, 0x3a, 0x00, 0x10, 0x00, 0x01, 0x00, // ..:.......:.....
	0x00, 0x00, 0x38, 0x00, 0x00, 0x07, 0x22, 0x00, 0x10, 0x00, 0x03, 0x00, 0x00, 0x00, 0x1a, 0x00, // ..8...".........
	0x10, 0x00, 0x03, 0x00, 0x00, 0x00, 0x1a, 0x00, 0x10, 0x00, 0x03, 0x00, 0x00, 0x00, 0x38, 0x00, // ..............8.
	0x00, 0x07, 0x82, 0x00, 0x10, 0x00, 0x01, 0x00, 0x00, 0x00, 0x3a, 0x00, 0x10, 0x00, 0x01, 0x00, // ..........:.....
	0x00, 0x00, 0x1a, 0x00, 0x10, 0x00, 0x03, 0x00, 0x00, 0x00, 0x32, 0x00, 0x00, 0x09, 0x72, 0x00, // ..........2...r.
	0x10, 0x00, 0x04, 0x00, 0x00, 0x00, 0x46, 0x02, 0x10, 0x00, 0x04, 0x00, 0x00, 0x00, 0xf6, 0x0f, // ......F.........
	0x10, 0x00, 0x01, 0x00, 0x00, 0x00, 0x46, 0x02, 0x10, 0x00, 0x05, 0x00, 0x00, 0x00, 0x34, 0x00, // ......F.......4.
	0x00, 0x07, 0x82, 0x00, 0x10, 0x00, 0x01, 0x00, 0x00, 0x00, 0x2a, 0x00, 0x10, 0x00, 0x04, 0x00, // ..........*.....
	0x00, 0x00, 0x1a, 0x00, 0x10, 0x00, 0x04, 0x00, 0x00, 0x00, 0x34, 0x00, 0x00, 0x07, 0x82, 0x00, // ..........4.....
	0x10, 0x00, 0x01, 0x00, 0x00, 0x00, 0x3a, 0x00, 0x10, 0x00, 0x01, 0x00, 0x00, 0x00, 0x0a, 0x00, // ......:.........
	0x10, 0x00, 0x04, 0x00, 0x00, 0x00, 0x00, 0x00, 0x00, 0x08, 0x82, 0x00, 0x10, 0x00, 0x01, 0x00, // ................
	0x00, 0x00, 0x3a, 0x00, 0x10, 0x80, 0x41, 0x00, 0x00, 0x00, 0x01, 0x00, 0x00, 0x00, 0x01, 0x40, // ..:...A........@
	0x00, 0x00, 0x00, 0x00, 0x80, 0x3f, 0x38, 0x00, 0x00, 0x07, 0x82, 0x00, 0x10, 0x00, 0x01, 0x00, // .....?8.........
	0x00, 0x00, 0x3a, 0x00, 0x10, 0x00, 0x07, 0x00, 0x00, 0x00, 0x3a, 0x00, 0x10, 0x00, 0x01, 0x00, // ..:.......:.....
	0x00, 0x00, 0x32, 0x00, 0x00, 0x0b, 0x72, 0x00, 0x10, 0x00, 0x04, 0x00, 0x00, 0x00, 0x46, 0x82, // ..2...r.......F.
	0x20, 0x00, 0x00, 0x00, 0x00, 0x00, 0x0f, 0x00, 0x00, 0x00, 0x06, 0x00, 0x10, 0x00, 0x01, 0x00, //  ...............
	0x00, 0x00, 0x46, 0x82, 0x20, 0x00, 0x00, 0x00, 0x00, 0x00, 0x0e, 0x00, 0x00, 0x00, 0x32, 0x00, // ..F. .........2.
	0x00, 0x0a, 0x72, 0x00, 0x10, 0x00, 0x04, 0x00, 0x00, 0x00, 0x46, 0x82, 0x20, 0x00, 0x00, 0x00, // ..r.......F. ...
	0x00, 0x00, 0x10, 0x00, 0x00, 0x00, 0x56, 0x05, 0x10, 0x00, 0x01, 0x00, 0x00, 0x00, 0x46, 0x02, // ......V.......F.
	0x10, 0x00, 0x04, 0x00, 0x00, 0x00, 0x32, 0x00, 0x00, 0x0a, 0x72, 0x00, 0x10, 0x00, 0x04, 0x00, // ......2...r.....
	0x00, 0x00, 0x46, 0x82, 0x20, 0x00, 0x00, 0x00, 0x00, 0x00, 0x11, 0x00, 0x00, 0x00, 0xa6, 0x0a, // ..F. ...........
	0x10, 0x00, 0x01, 0x00, 0x00, 0x00, 0x46, 0x02, 0x10, 0x00, 0x04, 0x00, 0x00, 0x00, 0x34, 0x00, // ......F.......4.
	0x00, 0x0a, 0x72, 0x00, 0x10, 0x00, 0x04, 0x00, 0x00, 0x00, 0x46, 0x02, 0x10, 0x00, 0x04, 0x00, // ..r.......F.....
	0x00, 0x00, 0x02, 0x40, 0x00, 0x00, 0x00, 0x00, 0x00, 0x00, 0x00, 0x00, 0x00, 0x00, 0x00, 0x00, // ...@............
	0x00, 0x00, 0x00, 0x00, 0x00, 0x00, 0x38, 0x00, 0x00, 0x07, 0x72, 0x00, 0x10, 0x00, 0x06, 0x00, // ......8...r.....
	0x00, 0x00, 0x46, 0x02, 0x10, 0x00, 0x00, 0x00, 0x00, 0x00, 0xf6, 0x0f, 0x10, 0x00, 0x01, 0x00, // ..F.............
	0x00, 0x00, 0x38, 0x00, 0x00, 0x07, 0x72, 0x00, 0x10, 0x00, 0x04, 0x00, 0x00, 0x00, 0x46, 0x02, // ..8...r.......F.
	0x10, 0x00, 0x04, 0x00, 0x00, 0x00, 0x46, 0x02, 0x10, 0x00, 0x06, 0x00, 0x00, 0x00, 0x32, 0x00, // ......F.......2.
	0x00, 0x0c, 0x72, 0x00, 0x10, 0x00, 0x04, 0x00, 0x00, 0x00, 0x46, 0x02, 0x10, 0x00, 0x04, 0x00, // ..r.......F.....
	0x00, 0x00, 0x02, 0x40, 0x00, 0x00, 0x83, 0xf9, 0xa2, 0x3e, 0x83, 0xf9, 0xa2, 0x3e, 0x83, 0xf9, // ...@.....>...>..
	0xa2, 0x3e, 0x00, 0x00, 0x00, 0x00, 0x46, 0x02, 0x10, 0x00, 0x0a, 0x00, 0x00, 0x00, 0x45, 0x00, // .>....F.......E.
	0x00, 0x09, 0xf2, 0x00, 0x10, 0x00, 0x07, 0x00, 0x00, 0x00, 0x46, 0x02, 0x10, 0x00, 0x01, 0x00, // ..........F.....
	0x00, 0x00, 0x46, 0x7e, 0x10, 0x00, 0x08, 0x00, 0x00, 0x00, 0x00, 0x60, 0x10, 0x00, 0x08, 0x00, // ..F~.......`....
	0x00, 0x00, 0x38, 0x00, 0x00, 0x08, 0x72, 0x00, 0x10, 0x00, 0x07, 0x00, 0x00, 0x00, 0x46, 0x02, // ..8...r.......F.
	0x10, 0x00, 0x07, 0x00, 0x00, 0x00, 0xf6, 0x8f, 0x20, 0x00, 0x00, 0x00, 0x00, 0x00, 0x01, 0x00, // ........ .......
	0x00, 0x00, 0x38, 0x00, 0x00, 0x07, 0x72, 0x00, 0x10, 0x00, 0x06, 0x00, 0x00, 0x00, 0x46, 0x02, // ..8...r.......F.
	0x10, 0x00, 0x06, 0x00, 0x00, 0x00, 0x46, 0x02, 0x10, 0x00, 0x07, 0x00, 0x00, 0x00, 0x10, 0x00, // ......F.........
	0x00, 0x08, 0x82, 0x00, 0x10, 0x00, 0x01, 0x00, 0x00, 0x00, 0x46, 0x02, 0x10, 0x80, 0x41, 0x00, // ..........F...A.
	0x00, 0x00, 0x02, 0x00, 0x00, 0x00, 0x46, 0x02, 0x10, 0x00, 0x01, 0x00, 0x00, 0x00, 0x00, 0x00, // ......F.........
	0x00, 0x07, 0x82, 0x00, 0x10, 0x00, 0x01, 0x00, 0x00, 0x00, 0x3a, 0x00, 0x10, 0x00, 0x01, 0x00, // ..........:.....
	0x00, 0x00, 0x3a, 0x00, 0x10, 0x00, 0x01, 0x00, 0x00, 0x00, 0x32, 0x00, 0x00, 0x0b, 0x72, 0x00, // ..:.......2...r.
	0x10, 0x00, 0x01, 0x00, 0x00, 0x00, 0x46, 0x02, 0x10, 0x00, 0x01, 0x00, 0x00, 0x00, 0xf6, 0x0f, // ......F.........
	0x10, 0x80, 0x41, 0x00, 0x00, 0x00, 0x01, 0x00, 0x00, 0x00, 0x46, 0x02, 0x10, 0x80, 0x41, 0x00, // ..A.......F...A.
	0x00, 0x00, 0x02, 0x00, 0x00, 0x00, 0x38, 0x00, 0x00, 0x08, 0x82, 0x00, 0x10, 0x00, 0x01, 0x00, // ......8.........
	0x00, 0x00, 0x0a, 0x00, 0x10, 0x00, 0x03, 0x00, 0x00, 0x00, 0x1a, 0x80, 0x20, 0x00, 0x00, 0x00, // ............ ...
	0x00, 0x00, 0x02, 0x00, 0x00, 0x00, 0x48, 0x00, 0x00, 0x0b, 0xf2, 0x00, 0x10, 0x00, 0x01, 0x00, // ......H.........
	0x00, 0x00, 0x46, 0x02, 0x10, 0x00, 0x01, 0x00, 0x00, 0x00, 0x46, 0x7e, 0x10, 0x00, 0x09, 0x00, // ..F.......F~....
	0x00, 0x00, 0x00, 0x60, 0x10, 0x00, 0x09, 0x00, 0x00, 0x00, 0x3a, 0x00, 0x10, 0x00, 0x01, 0x00, // ...`......:.....
	0x00, 0x00, 0x38, 0x00, 0x00, 0x08, 0x72, 0x00, 0x10, 0x00, 0x01, 0x00, 0x00, 0x00, 0x46, 0x02, // ..8...r.......F.
	0x10, 0x00, 0x01, 0x00, 0x00, 0x00, 0xf6, 0x8f, 0x20, 0x00, 0x00, 0x00, 0x00, 0x00, 0x02, 0x00, // ........ .......
	0x00, 0x00, 0x32, 0x00, 0x00, 0x0f, 0xf2, 0x00, 0x10, 0x00, 0x07, 0x00, 0x00, 0x00, 0x06, 0x00, // ..2.............
	0x10, 0x00, 0x03, 0x00, 0x00, 0x00, 0x02, 0x40, 0x00, 0x00, 0x00, 0x00, 0x80, 0xbf, 0xae, 0x47, // .......@.......G
	0xe1, 0xbc, 0x98, 0x6e, 0x12, 0xbf, 0x58, 0x39, 0xb4, 0x3c, 0x02, 0x40, 0x00, 0x00, 0x00, 0x00, // ...n..X9.<.@....
	0x80, 0x3f, 0x7b, 0x14, 0x2e, 0x3d, 0xb8, 0x1e, 0x85, 0x3f, 0x0a, 0xd7, 0x23, 0xbd, 0x38, 0x00, // .?{..=...?..#.8.
	0x00, 0x07, 0x82, 0x00, 0x10, 0x00, 0x01, 0x00, 0x00, 0x00, 0x0a, 0x00, 0x10, 0x00, 0x07, 0x00, // ................
	0x00, 0x00, 0x0a, 0x00, 0x10, 0x00, 0x07, 0x00, 0x00, 0x00, 0x19, 0x00, 0x00, 0x05, 0x12, 0x00, // ................
	0x10, 0x00, 0x02, 0x00, 0x00, 0x00, 0x1a, 0x00, 0x10, 0x00, 0x09, 0x00, 0x00, 0x00, 0x33, 0x00, // ..............3.
	0x00, 0x07, 0x82, 0x00, 0x10, 0x00, 0x01, 0x00, 0x00, 0x00, 0x3a, 0x00, 0x10, 0x00, 0x01, 0x00, // ..........:.....
	0x00, 0x00, 0x0a, 0x00, 0x10, 0x00, 0x02, 0x00, 0x00, 0x00, 0x32, 0x00, 0x00, 0x09, 0x82, 0x00, // ..........2.....
	0x10, 0x00, 0x01, 0x00, 0x00, 0x00, 0x3a, 0x00, 0x10, 0x00, 0x01, 0x00, 0x00, 0x00, 0x0a, 0x00, // ......:.........
	0x10, 0x00, 0x07, 0x00, 0x00, 0x00, 0x1a, 0x00, 0x10, 0x00, 0x07, 0x00, 0x00, 0x00, 0x32, 0x00, // ..............2.
	0x00, 0x0c, 0x32, 0x00, 0x10, 0x00, 0x02, 0x00, 0x00, 0x00, 0xf6, 0x0f, 0x10, 0x00, 0x01, 0x00, // ..2.............
	0x00, 0x00, 0x02, 0x40, 0x00, 0x00, 0xb8, 0x1e, 0x85, 0xbf, 0xb8, 0x1e, 0x85, 0x3f, 0x00, 0x00, // ...@.........?..
	0x00, 0x00, 0x00, 0x00, 0x00, 0x00, 0xe6, 0x0a, 0x10, 0x00, 0x07, 0x00, 0x00, 0x00, 0x38, 0x00, // ..............8.
	0x00, 0x07, 0x82, 0x00, 0x10, 0x00, 0x01, 0x00, 0x00, 0x00, 0x1a, 0x00, 0x10, 0x00, 0x02, 0x00, // ................
	0x00, 0x00, 0x2a, 0x00, 0x10, 0x00, 0x03, 0x00, 0x00, 0x00, 0x32, 0x00, 0x00, 0x09, 0x72, 0x00, // ..*.......2...r.
	0x10, 0x00, 0x03, 0x00, 0x00, 0x00, 0x46, 0x02, 0x10, 0x00, 0x05, 0x00, 0x00, 0x00, 0x06, 0x00, // ......F.........
	0x10, 0x00, 0x02, 0x00, 0x00, 0x00, 0xf6, 0x0f, 0x10, 0x00, 0x01, 0x00, 0x00, 0x00, 0x38, 0x00, // ..............8.
	0x00, 0x07, 0x72, 0x00, 0x10, 0x00, 0x03, 0x00, 0x00, 0x00, 0x46, 0x02, 0x10, 0x00, 0x01, 0x00, // ..r.......F.....
	0x00, 0x00, 0x46, 0x02, 0x10, 0x00, 0x03, 0x00, 0x00, 0x00, 0x32, 0x00, 0x00, 0x09, 0x72, 0x00, // ..F.......2...r.
	0x10, 0x00, 0x00, 0x00, 0x00, 0x00, 0x46, 0x02, 0x10, 0x00, 0x00, 0x00, 0x00, 0x00, 0x06, 0x00, // ......F.........
	0x10, 0x00, 0x02, 0x00, 0x00, 0x00, 0x56, 0x05, 0x10, 0x00, 0x02, 0x00, 0x00, 0x00, 0x32, 0x00, // ......V.......2.
	0x00, 0x0a, 0x72, 0x00, 0x10, 0x00, 0x00, 0x00, 0x00, 0x00, 0x46, 0x02, 0x10, 0x00, 0x01, 0x00, // ..r.......F.....
	0x00, 0x00, 0x46, 0x02, 0x10, 0x00, 0x00, 0x00, 0x00, 0x00, 0x46, 0x02, 0x10, 0x80, 0x41, 0x00, // ..F.......F...A.
	0x00, 0x00, 0x03, 0x00, 0x00, 0x00, 0x32, 0x00, 0x00, 0x09, 0x72, 0x00, 0x10, 0x00, 0x00, 0x00, // ......2...r.....
	0x00, 0x00, 0xf6, 0x0f, 0x10, 0x00, 0x02, 0x00, 0x00, 0x00, 0x46, 0x02, 0x10, 0x00, 0x00, 0x00, // ..........F.....
	0x00, 0x00, 0x46, 0x02, 0x10, 0x00, 0x03, 0x00, 0x00, 0x00, 0x32, 0x00, 0x00, 0x0c, 0x72, 0x00, // ..F.......2...r.
	0x10, 0x00, 0x00, 0x00, 0x00, 0x00, 0x46, 0x02, 0x10, 0x00, 0x06, 0x00, 0x00, 0x00, 0x02, 0x40, // ......F........@
	0x00, 0x00, 0x83, 0xf9, 0xa2, 0x3e, 0x83, 0xf9, 0xa2, 0x3e, 0x83, 0xf9, 0xa2, 0x3e, 0x00, 0x00, // .....>...>...>..
	0x00, 0x00, 0x46, 0x02, 0x10, 0x00, 0x00, 0x00, 0x00, 0x00, 0x00, 0x00, 0x00, 0x07, 0x72, 0x00, // ..F...........r.
	0x10, 0x00, 0x00, 0x00, 0x00, 0x00, 0x46, 0x02, 0x10, 0x00, 0x04, 0x00, 0x00, 0x00, 0x46, 0x02, // ......F.......F.
	0x10, 0x00, 0x00, 0x00, 0x00, 0x00, 0x00, 0x00, 0x00, 0x08, 0x72, 0x00, 0x10, 0x00, 0x00, 0x00, // ..........r.....
	0x00, 0x00, 0x46, 0x02, 0x10, 0x00, 0x00, 0x00, 0x00, 0x00, 0x46, 0x82, 0x20, 0x00, 0x00, 0x00, // ..F.......F. ...
	0x00, 0x00, 0x14, 0x00, 0x00, 0x00, 0x38, 0x00, 0x00, 0x08, 0x72, 0x00, 0x10, 0x00, 0x01, 0x00, // ......8...r.....
	0x00, 0x00, 0x46, 0x02, 0x10, 0x00, 0x00, 0x00, 0x00, 0x00, 0x06, 0x80, 0x20, 0x00, 0x00, 0x00, // ..F......... ...
	0x00, 0x00, 0x03, 0x00, 0x00, 0x00, 0x33, 0x00, 0x00, 0x07, 0x22, 0x00, 0x10, 0x00, 0x01, 0x00, // ......3...".....
	0x00, 0x00, 0x2a, 0x00, 0x10, 0x00, 0x01, 0x00, 0x00, 0x00, 0x1a, 0x00, 0x10, 0x00, 0x01, 0x00, // ..*.............
	0x00, 0x00, 0x33, 0x00, 0x00, 0x07, 0x12, 0x00, 0x10, 0x00, 0x01, 0x00, 0x00, 0x00, 0x1a, 0x00, // ..3.............
	0x10, 0x00, 0x01, 0x00, 0x00, 0x00, 0x0a, 0x00, 0x10, 0x00, 0x01, 0x00, 0x00, 0x00, 0x31, 0x00, // ..............1.
	0x00, 0x07, 0x22, 0x00, 0x10, 0x00, 0x01, 0x00, 0x00, 0x00, 0x0a, 0x00, 0x10, 0x00, 0x01, 0x00, // ..".............
	0x00, 0x00, 0x01, 0x40, 0x00, 0x00, 0x0a, 0xd7, 0xa3, 0x3d, 0x38, 0x00, 0x00, 0x07, 0x42, 0x00, // ...@.....=8...B.
	0x10, 0x00, 0x01, 0x00, 0x00, 0x00, 0x0a, 0x00, 0x10, 0x00, 0x01, 0x00, 0x00, 0x00, 0x0a, 0x00, // ................
	0x10, 0x00, 0x01, 0x00, 0x00, 0x00, 0x32, 0x00, 0x00, 0x0a, 0x12, 0x00, 0x10, 0x00, 0x01, 0x00, // ......2.........
	0x00, 0x00, 0x2a, 0x00, 0x10, 0x80, 0x41, 0x00, 0x00, 0x00, 0x01, 0x00, 0x00, 0x00, 0x01, 0x40, // ..*...A........@
	0x00, 0x00, 0x00, 0x00, 0xc8, 0x40, 0x0a, 0x00, 0x10, 0x00, 0x01, 0x00, 0x00, 0x00, 0x37, 0x00, // .....@........7.
	0x00, 0x0a, 0x12, 0x00, 0x10, 0x00, 0x01, 0x00, 0x00, 0x00, 0x1a, 0x00, 0x10, 0x00, 0x01, 0x00, // ................
	0x00, 0x00, 0x0a, 0x00, 0x10, 0x80, 0x41, 0x00, 0x00, 0x00, 0x01, 0x00, 0x00, 0x00, 0x01, 0x40, // ......A........@
	0x00, 0x00, 0x0a, 0xd7, 0x23, 0xbd, 0x32, 0x00, 0x00, 0x0a, 0x72, 0x00, 0x10, 0x00, 0x00, 0x00, // ....#.2...r.....
	0x00, 0x00, 0x46, 0x02, 0x10, 0x00, 0x00, 0x00, 0x00, 0x00, 0x06, 0x80, 0x20, 0x00, 0x00, 0x00, // ..F......... ...
	0x00, 0x00, 0x03, 0x00, 0x00, 0x00, 0x06, 0x00, 0x10, 0x00, 0x01, 0x00, 0x00, 0x00, 0x34, 0x00, // ..............4.
	0x00, 0x07, 0x12, 0x00, 0x10, 0x00, 0x01, 0x00, 0x00, 0x00, 0x2a, 0x00, 0x10, 0x00, 0x00, 0x00, // ..........*.....
	0x00, 0x00, 0x1a, 0x00, 0x10, 0x00, 0x00, 0x00, 0x00, 0x00, 0x34, 0x00, 0x00, 0x07, 0x12, 0x00, // ..........4.....
	0x10, 0x00, 0x01, 0x00, 0x00, 0x00, 0x0a, 0x00, 0x10, 0x00, 0x00, 0x00, 0x00, 0x00, 0x0a, 0x00, // ................
	0x10, 0x00, 0x01, 0x00, 0x00, 0x00, 0x1d, 0x00, 0x00, 0x07, 0x22, 0x00, 0x10, 0x00, 0x01, 0x00, // ..........".....
	0x00, 0x00, 0x0a, 0x00, 0x10, 0x00, 0x01, 0x00, 0x00, 0x00, 0x01, 0x40, 0x00, 0x00, 0x5c, 0x8f, // ...........@....
	0x42, 0x3f, 0x1f, 0x00, 0x04, 0x03, 0x1a, 0x00, 0x10, 0x00, 0x01, 0x00, 0x00, 0x00, 0x00, 0x00, // B?..............
	0x00, 0x07, 0x22, 0x00, 0x10, 0x00, 0x01, 0x00, 0x00, 0x00, 0x0a, 0x00, 0x10, 0x00, 0x01, 0x00, // ..".............
	0x00, 0x00, 0x01, 0x40, 0x00, 0x00, 0xb8, 0x1e, 0x05, 0xbf, 0x0e, 0x00, 0x00, 0x07, 0x22, 0x00, // ...@..........".
	0x10, 0x00, 0x01, 0x00, 0x00, 0x00, 0x01, 0x40, 0x00, 0x00, 0xfa, 0xed, 0x6b, 0x3d, 0x1a, 0x00, // .......@....k=..
	0x10, 0x00, 0x01, 0x00, 0x00, 0x00, 0x00, 0x00, 0x00, 0x08, 0x22, 0x00, 0x10, 0x00, 0x01, 0x00, // ..........".....
	0x00, 0x00, 0x1a, 0x00, 0x10, 0x80, 0x41, 0x00, 0x00, 0x00, 0x01, 0x00, 0x00, 0x00, 0x01, 0x40, // ......A........@
	0x00, 0x00, 0x00, 0x00, 0x80, 0x3f, 0x0e, 0x00, 0x00, 0x07, 0x42, 0x00, 0x10, 0x00, 0x01, 0x00, // .....?....B.....
	0x00, 0x00, 0x1a, 0x00, 0x10, 0x00, 0x01, 0x00, 0x00, 0x00, 0x0a, 0x00, 0x10, 0x00, 0x01, 0x00, // ................
	0x00, 0x00, 0x38, 0x00, 0x00, 0x07, 0x72, 0x00, 0x10, 0x00, 0x02, 0x00, 0x00, 0x00, 0x46, 0x02, // ..8...r.......F.
	0x10, 0x00, 0x00, 0x00, 0x00, 0x00, 0xa6, 0x0a, 0x10, 0x00, 0x01, 0x00, 0x00, 0x00, 0x00, 0x00, // ................
	0x00, 0x08, 0x12, 0x00, 0x10, 0x00, 0x01, 0x00, 0x00, 0x00, 0x1a, 0x00, 0x10, 0x80, 0x41, 0x00, // ..............A.
	0x00, 0x00, 0x01, 0x00, 0x00, 0x00, 0x0a, 0x00, 0x10, 0x00, 0x01, 0x00, 0x00, 0x00, 0x32, 0x00, // ..............2.
	0x00, 0x09, 0x12, 0x00, 0x10, 0x00, 0x01, 0x00, 0x00, 0x00, 0x0a, 0x00, 0x10, 0x00, 0x01, 0x00, // ................
	0x00, 0x00, 0x01, 0x40, 0x00, 0x00, 0x9a, 0x99, 0x19, 0x3e, 0x01, 0x40, 0x00, 0x00, 0x00, 0x00, // ...@.....>.@....
	0x80, 0x3f, 0x0e, 0x00, 0x00, 0x0a, 0x12, 0x00, 0x10, 0x00, 0x01, 0x00, 0x00, 0x00, 0x02, 0x40, // .?.............@
	0x00, 0x00, 0x00, 0x00, 0x80, 0x3f, 0x00, 0x00, 0x80, 0x3f, 0x00, 0x00, 0x80, 0x3f, 0x00, 0x00, // .....?...?...?..
	0x80, 0x3f, 0x0a, 0x00, 0x10, 0x00, 0x01, 0x00, 0x00, 0x00, 0x00, 0x00, 0x00, 0x08, 0x12, 0x00, // .?..............
	0x10, 0x00, 0x01, 0x00, 0x00, 0x00, 0x0a, 0x00, 0x10, 0x80, 0x41, 0x00, 0x00, 0x00, 0x01, 0x00, // ..........A.....
	0x00, 0x00, 0x01, 0x40, 0x00, 0x00, 0x00, 0x00, 0x80, 0x3f, 0x32, 0x00, 0x00, 0x0a, 0xe2, 0x00, // ...@.....?2.....
	0x10, 0x00, 0x01, 0x00, 0x00, 0x00, 0x06, 0x09, 0x10, 0x80, 0x41, 0x00, 0x00, 0x00, 0x00, 0x00, // ..........A.....
	0x00, 0x00, 0xa6, 0x0a, 0x10, 0x00, 0x01, 0x00, 0x00, 0x00, 0x56, 0x05, 0x10, 0x00, 0x01, 0x00, // ..........V.....
	0x00, 0x00, 0x32, 0x00, 0x00, 0x09, 0x72, 0x00, 0x10, 0x00, 0x00, 0x00, 0x00, 0x00, 0x06, 0x00, // ..2...r.........
	0x10, 0x00, 0x01, 0x00, 0x00, 0x00, 0x96, 0x07, 0x10, 0x00, 0x01, 0x00, 0x00, 0x00, 0x46, 0x02, // ..............F.
	0x10, 0x00, 0x02, 0x00, 0x00, 0x00, 0x15, 0x00, 0x00, 0x01, 0x34, 0x00, 0x00, 0x0a, 0x72, 0x00, // ..........4...r.
	0x10, 0x00, 0x00, 0x00, 0x00, 0x00, 0x46, 0x02, 0x10, 0x00, 0x00, 0x00, 0x00, 0x00, 0x02, 0x40, // ......F........@
	0x00, 0x00, 0x00, 0x00, 0x00, 0x00, 0x00, 0x00, 0x00, 0x00, 0x00, 0x00, 0x00, 0x00, 0x00, 0x00, // ................
	0x00, 0x00, 0x2f, 0x00, 0x00, 0x05, 0x72, 0x00, 0x10, 0x00, 0x00, 0x00, 0x00, 0x00, 0x46, 0x02, // ../...r.......F.
	0x10, 0x00, 0x00, 0x00, 0x00, 0x00, 0x38, 0x00, 0x00, 0x0a, 0x72, 0x00, 0x10, 0x00, 0x00, 0x00, // ......8...r.....
	0x00, 0x00, 0x46, 0x02, 0x10, 0x00, 0x00, 0x00, 0x00, 0x00, 0x02, 0x40, 0x00, 0x00, 0x2f, 0xba, // ..F........@../.
	0xe8, 0x3e, 0x2f, 0xba, 0xe8, 0x3e, 0x2f, 0xba, 0xe8, 0x3e, 0x00, 0x00, 0x00, 0x00, 0x19, 0x00, // .>/..>/..>......
	0x00, 0x05, 0x72, 0x20, 0x10, 0x00, 0x00, 0x00, 0x00, 0x00, 0x46, 0x02, 0x10, 0x00, 0x00, 0x00, // ..r ......F.....
	0x00, 0x00, 0x36, 0x00, 0x00, 0x05, 0x82, 0x20, 0x10, 0x00, 0x00, 0x00, 0x00, 0x00, 0x3a, 0x00, // ..6.... ......:.
	0x10, 0x00, 0x00, 0x00, 0x00, 0x00, 0x3e, 0x00, 0x00, 0x01, 0x00, 0x00, 0x90, 0x01,             // ......>.......
};
